,*,A,C,D,E,F,G,H,I,K,L,M,N,P,Q,R,S,T,V,W,Y,generation
0,0.997930455299834,0.0002899362140329128,0.00019995600967787086,0.00016996260822619023,0.0001399692067745096,0.00019995600967787086,8.99802043550419e-05,0.00012997140629061605,0.00010997580532282897,0.00010997580532282897,8.99802043550419e-05,0.00010997580532282897,8.99802043550419e-05,4.9989002419467715e-05,3.9991201935574176e-05,9.997800483893543e-05,1.9995600967787088e-05,7.998240387114835e-05,1.9995600967787088e-05,1.9995600967787088e-05,9.997800483893544e-06,0
1,0.997470556477575,0.0003999120193557417,0.00019995600967787086,0.00018995820919397733,0.00021995161064565795,0.0001599648077422967,0.00012997140629061605,0.0002299494111295515,9.997800483893543e-05,0.00012997140629061605,8.99802043550419e-05,6.99846033872548e-05,9.997800483893543e-05,0.00012997140629061605,8.99802043550419e-05,9.997800483893543e-05,3.9991201935574176e-05,6.99846033872548e-05,1.9995600967787088e-05,1.9995600967787088e-05,3.9991201935574176e-05,1
2,0.9970306532562836,0.0005098878246785708,0.00023994721161344504,0.0001799604087100838,0.00012997140629061605,0.0002499450120973386,0.00021995161064565795,0.0002299494111295515,0.0001599648077422967,0.00012997140629061605,0.0002299494111295515,6.99846033872548e-05,0.00010997580532282897,8.99802043550419e-05,6.99846033872548e-05,5.998680290336126e-05,3.9991201935574176e-05,0.00012997140629061605,6.99846033872548e-05,3.9991201935574176e-05,9.997800483893544e-06,2
3,0.9966007478354761,0.000589870228549719,0.00020995381016176442,0.0002999340145168063,0.00020995381016176442,0.0002299494111295515,0.0003199296154845934,0.0001599648077422967,0.00020995381016176442,0.00012997140629061605,0.0003199296154845934,5.998680290336126e-05,0.00010997580532282897,0.00014996700725840314,5.998680290336126e-05,8.99802043550419e-05,3.9991201935574176e-05,0.00011997360580672252,2.999340145168063e-05,4.9989002419467715e-05,9.997800483893544e-06,3
4,0.9959308952030553,0.0005198856251624642,0.0002999340145168063,0.0003899142188718482,0.0002899362140329128,0.0002999340145168063,0.00023994721161344504,0.00034992301693627403,0.0002499450120973386,0.00012997140629061605,0.00016996260822619023,0.00011997360580672252,0.0001399692067745096,0.00020995381016176442,5.998680290336126e-05,0.0001399692067745096,0.00011997360580672252,0.00016996260822619023,5.998680290336126e-05,8.99802043550419e-05,1.9995600967787088e-05,4
5,0.9949711063566016,0.0007498350362920157,0.00030993181500069985,0.0003599208174201676,0.0003599208174201676,0.0003899142188718482,0.00033992521645238047,0.0002599428125812321,0.00026994061306512566,0.00016996260822619023,0.0003899142188718482,0.00011997360580672252,0.00014996700725840314,0.0002299494111295515,4.9989002419467715e-05,0.00020995381016176442,0.00012997140629061605,0.0003699186179040611,2.999340145168063e-05,0.00012997140629061605,9.997800483893544e-06,5
6,0.9942112735198256,0.0007398372358081222,0.0002799384135490192,0.00041990762032352883,0.00020995381016176442,0.0003299274159684869,0.000589870228549719,0.0003999120193557417,0.0002999340145168063,0.00014996700725840314,0.000459898822259103,0.00018995820919397733,0.0002299494111295515,0.00021995161064565795,0.00011997360580672252,0.0002499450120973386,0.00016996260822619023,0.0004998900241946772,1.9995600967787088e-05,0.00019995600967787086,9.997800483893544e-06,6
7,0.9931415088680491,0.0008298174401631641,0.0003999120193557417,0.0005198856251624642,0.0002999340145168063,0.0005098878246785708,0.0005098878246785708,0.00044990102177520946,0.0004299054208074224,0.00016996260822619023,0.00037991641838795465,0.00026994061306512566,0.00014996700725840314,0.00033992521645238047,7.998240387114835e-05,0.0003899142188718482,0.00012997140629061605,0.0007798284377436964,7.998240387114835e-05,0.00012997140629061605,9.997800483893544e-06,7
8,0.9912819179780449,0.0009097998440343125,0.0003199296154845934,0.0007198416348403352,0.0002899362140329128,0.0006798504329047609,0.0007598328367759093,0.0006998460338725481,0.0004798944232268901,0.00021995161064565795,0.000459898822259103,0.0004299054208074224,0.00018995820919397733,0.0004998900241946772,8.99802043550419e-05,0.0004399032212913159,0.00019995600967787086,0.001119753654196077,7.998240387114835e-05,9.997800483893543e-05,2.999340145168063e-05,8
9,0.9902021555257843,0.000919797644518206,0.0002799384135490192,0.0006198636300013997,0.00037991641838795465,0.0006898482333886545,0.0009797844474215673,0.0006498570314530804,0.0007698306372598029,0.0002499450120973386,0.000569874627581932,0.0004698966227429965,0.00018995820919397733,0.0002599428125812321,0.00019995600967787086,0.0006298614304852933,0.0002499450120973386,0.0013397052648417348,7.998240387114835e-05,0.00023994721161344504,2.999340145168063e-05,9
10,0.9873427845873908,0.0009597888464537802,0.0003699186179040611,0.000809821839195377,0.0004399032212913159,0.0009997800483893544,0.0009497910459698866,0.0008698086420987382,0.0008798064425826318,0.0002799384135490192,0.0008198196396792706,0.0005498790266141449,0.0002899362140329128,0.00041990762032352883,0.0001399692067745096,0.0008198196396792706,0.0003299274159684869,0.002129531503069325,5.998680290336126e-05,0.0005298834256463578,9.997800483893544e-06,10
11,0.9844334246465778,0.0012597228609705865,0.0003699186179040611,0.0009597888464537802,0.0003699186179040611,0.0010997580532282898,0.0013696986662934155,0.0008198196396792706,0.0013996920677450961,0.00020995381016176442,0.0009297954450020995,0.000809821839195377,0.00037991641838795465,0.0007598328367759093,9.997800483893543e-05,0.0009497910459698866,0.00041990762032352883,0.002649417128231789,0.00011997360580672252,0.000569874627581932,1.9995600967787088e-05,11
12,0.981214132890764,0.001179740457099438,0.0003299274159684869,0.0011597448561316511,0.0004099098198396353,0.001289716262422267,0.0016496370798424348,0.0010897602527443963,0.0016996260822619025,0.00014996700725840314,0.0009597888464537802,0.0010897602527443963,0.0004099098198396353,0.00078982623822759,4.9989002419467715e-05,0.0012197316590350123,0.0004099098198396353,0.003939133390654056,0.0001599648077422967,0.0007798284377436964,1.9995600967787088e-05,12
