,0,1,2,3,4,5,6,7,8,9
*,0.9980107525,0.99783582,0.99762681,0.997373935,0.997066795,0.9967075375,0.99627469,0.99576108,0.9951370375,0.994384955
A,0.0003611675,0.000448215,0.000554885,0.0006863025,0.000852705,0.001056135,0.001308835,0.001618545,0.002004455,0.0024804225
C,0.000223275,0.0002495,0.000278385,0.0003105875,0.0003459375,0.000386035,0.00042904,0.0004757375,0.0005287075,0.00059048
D,0.0001755475,0.00019018,0.00020751,0.000224815,0.000245645,0.0002653825,0.00028919,0.0003142975,0.000340755,0.00037025
E,0.000152065,0.0001462775,0.00014091,0.000135555,0.0001302825,0.00012435,0.0001202025,0.00011506,0.0001110625,0.0001076825
F,0.00013651,0.00015004,0.000165445,0.0001825875,0.000200725,0.0002226075,0.000244695,0.0002688075,0.0002962475,0.0003253925
G,0.0001241575,0.0001206075,0.00011677,0.0001147575,0.0001123975,0.0001091,0.0001063175,0.0001035125,0.0001009525,9.85575e-05
H,0.00010936,0.000115245,0.0001213625,0.0001274475,0.000133865,0.00014097,0.0001484175,0.00015557,0.0001627025,0.0001692125
I,9.72275e-05,9.54175e-05,9.32125e-05,9.09825e-05,8.9815e-05,8.7975e-05,8.59975e-05,8.435e-05,8.23125e-05,8.12375e-05
K,8.63925e-05,9.6665e-05,0.0001081175,0.000120465,0.0001352425,0.000149415,0.0001670575,0.0001866575,0.0002079675,0.00023076
L,7.68175e-05,8.454e-05,9.2715e-05,0.0001022875,0.0001135425,0.000124575,0.000136755,0.000150995,0.0001667125,0.0001838325
M,6.9235e-05,7.042e-05,7.21825e-05,7.404e-05,7.5475e-05,7.77225e-05,7.947e-05,8.07025e-05,8.22675e-05,8.376e-05
N,6.34725e-05,6.912e-05,7.5055e-05,8.1745e-05,8.8315e-05,9.646e-05,0.0001040175,0.0001132025,0.0001232725,0.000135
P,5.778e-05,5.29575e-05,4.93725e-05,4.62275e-05,4.30075e-05,4.031e-05,3.74075e-05,3.49225e-05,3.20425e-05,2.9355e-05
Q,5.238e-05,4.62e-05,4.10625e-05,3.701e-05,3.252e-05,2.88075e-05,2.538e-05,2.25925e-05,2.01925e-05,1.77725e-05
R,4.808e-05,5.25125e-05,5.712e-05,6.19725e-05,6.777e-05,7.40525e-05,8.04425e-05,8.85175e-05,9.66525e-05,0.00010511
S,4.2595e-05,4.612e-05,4.90275e-05,5.2495e-05,5.655e-05,6.04075e-05,6.509e-05,6.846e-05,7.32675e-05,7.75825e-05
T,3.78e-05,4.22375e-05,4.6865e-05,5.26225e-05,5.86225e-05,6.564e-05,7.33875e-05,8.11425e-05,9.086e-05,0.000101365
V,3.18925e-05,4.159e-05,5.3735e-05,7.012e-05,9.127e-05,0.00011734,0.0001512375,0.0001955325,0.00025268,0.000326865
W,2.633e-05,2.99675e-05,3.431e-05,3.94525e-05,4.53575e-05,5.1755e-05,5.9785e-05,6.822e-05,7.82775e-05,8.9235e-05
Y,1.71625e-05,1.63675e-05,1.51475e-05,1.45925e-05,1.416e-05,1.34225e-05,1.2585e-05,1.2095e-05,1.1575e-05,1.11725e-05
