site,wildtype,AAA,AAC,AAG,AAT,ACA,ACC,ACG,ACT,AGA,AGC,AGG,AGT,ATA,ATC,ATG,ATT,CAA,CAC,CAG,CAT,CCA,CCC,CCG,CCT,CGA,CGC,CGG,CGT,CTA,CTC,CTG,CTT,GAA,GAC,GAG,GAT,GCA,GCC,GCG,GCT,GGA,GGC,GGG,GGT,GTA,GTC,GTG,GTT,TAA,TAC,TAG,TAT,TCA,TCC,TCG,TCT,TGA,TGC,TGG,TGT,TTA,TTC,TTG,TTT
1,GAC,51,10477,47,47,2,28,0,0,0,8,0,0,0,23,0,0,23,7540,35,14,0,21,0,0,0,27,0,0,0,14,0,0,10558,1299561,10669,9166,12,5936,22,20,38,7979,36,32,50,9174,45,35,0,9989,11,50,0,27,0,0,0,21,0,0,0,38,0,0
2,GTT,0,0,0,22,0,0,0,16,0,0,0,28,11,24,20,8209,0,0,0,6,0,0,0,14,0,0,0,20,11,10,0,4452,12,4,6,4362,9,6,3,3441,15,4,5,5833,3317,3733,3226,1337438,0,0,0,18,0,0,0,9,0,0,0,5,10,8,8,7511
3,CCA,16,0,0,0,7336,14,18,29,15,0,0,0,41,0,0,0,7832,12,18,12,1314952,5562,5595,7075,7641,18,19,27,8240,28,17,29,13,0,0,0,6971,7,13,15,37,0,0,0,9,0,0,3,15,0,0,0,10070,32,11,30,8,0,0,0,46,0,0,0
4,CTG,0,0,10,0,0,0,0,0,0,0,13,0,21,15,7603,5,0,8,3250,0,12,2,2118,0,7,3,2141,2,6667,5122,1331772,7959,0,0,5,0,0,0,7,0,0,0,5,0,10,34,5505,28,0,0,3,0,0,0,17,0,0,0,11,0,37,19,9375,40
5,CCG,0,0,20,0,10,13,5868,11,0,0,22,0,5,0,17,0,22,5,5344,21,6927,4324,1329294,5614,17,8,6191,20,35,17,5459,24,0,0,15,0,13,10,3912,10,0,0,39,0,0,0,30,0,0,0,3,0,27,0,8415,14,0,0,21,0,0,0,29,0
6,GCT,0,0,0,19,13,4,17,6324,0,0,0,24,0,0,0,22,0,0,0,25,1,3,7,4140,0,0,0,20,0,0,0,28,13,13,14,6310,3829,2955,3773,1331964,10,9,12,7709,8,5,8,8062,0,0,0,22,12,18,7,6356,0,0,0,30,0,0,0,40
7,GGT,0,0,0,19,0,0,0,16,9,7,18,5414,0,0,0,3,0,0,0,33,0,0,0,4,8,9,2,3350,0,0,0,14,5,5,6,5455,13,0,4,3651,3024,3043,3110,1343769,12,6,15,5185,0,0,0,21,0,0,0,18,0,9,8,5530,0,0,0,31
8,TGG,0,0,10,0,0,0,0,0,8,6,2325,0,0,0,5,0,0,0,12,0,0,0,4,0,16,11,2635,3,0,0,5,0,0,0,14,0,0,0,3,0,11,5,3078,18,0,0,9,0,18,7,4090,40,7,2,2844,7,3779,2978,1350954,4162,30,23,4694,13
9,GAA,5441,18,13,31,5,0,0,0,14,0,0,1,9,0,0,0,4524,7,6,10,0,0,0,0,0,0,0,0,0,0,0,0,1328782,5885,6799,7266,6009,23,22,10,8593,36,43,21,4522,11,9,18,3629,0,14,32,9,0,0,0,5,0,0,0,9,0,0,0
10,ATG,22,8,3900,0,10,0,3470,3,18,15,4551,8,6041,3597,1338421,5078,0,0,18,0,0,0,6,0,0,0,2,0,14,2,5004,14,0,0,33,0,0,0,13,0,0,0,4,0,8,11,5087,8,0,0,0,0,0,0,6,0,0,0,9,0,11,0,6426,8
11,GCT,0,0,0,16,12,10,3,6249,0,0,0,11,0,0,0,14,0,0,0,0,0,4,0,3064,0,0,0,20,0,0,0,4,4,8,4,5717,3226,3376,3970,1335761,11,0,11,6561,1,11,10,6847,0,0,0,4,3,8,5,6851,0,0,0,15,0,0,0,15
12,AAA,1335577,4741,5122,6201,4719,15,7,18,4584,13,5,24,5821,35,12,18,4967,21,11,23,14,0,0,0,21,0,0,0,18,0,0,0,4871,12,15,9,14,0,0,0,7,0,0,0,8,0,0,0,4782,15,8,29,34,0,0,0,5,0,0,0,30,0,0,0
13,ACT,0,13,1,4814,3244,3359,3511,1341435,5,23,6,4538,11,8,9,6142,0,0,0,16,3,9,10,3920,0,0,0,7,0,0,0,14,0,0,0,8,6,8,4,4091,0,0,0,0,0,0,0,17,0,0,0,27,20,10,9,6527,0,0,0,0,0,0,0,1
14,AGT,13,18,28,7736,4,1,3,4177,3390,3245,6008,1330317,11,19,14,6704,0,0,0,18,0,0,0,14,11,15,10,7768,0,0,0,23,0,0,0,15,0,0,0,26,6,4,17,5857,0,0,0,19,0,0,0,18,0,0,0,21,4,13,29,6226,0,0,0,24
15,TCT,0,0,0,4,0,13,3,2718,0,0,0,7,0,0,0,12,0,0,0,12,0,4,0,2314,0,0,0,16,0,0,0,8,0,0,0,7,3,5,0,3027,0,0,0,18,0,0,0,9,3,16,0,6975,3070,3531,3869,1343523,0,5,10,4941,8,6,11,7678
16,GGT,0,0,0,35,0,0,0,16,19,18,4,6271,0,0,0,27,0,0,0,15,0,0,0,1,5,8,2,3614,0,0,0,19,0,6,3,5456,2,0,5,2726,3052,3471,3033,1344244,0,9,9,4229,0,0,0,8,0,0,0,17,0,0,11,5483,0,0,0,8
17,CAG,20,13,4082,8,0,0,12,0,0,0,14,0,0,0,16,0,8872,4576,1327840,6678,25,5,4296,15,46,17,9446,24,25,13,5946,28,18,14,4821,9,0,0,28,0,0,0,20,0,0,0,14,0,21,35,4731,41,0,0,33,0,0,0,15,0,0,0,9,0
18,CGT,0,0,0,10,0,0,0,8,8,9,12,5518,0,0,0,23,0,9,11,8174,4,7,7,5142,2601,2766,3496,1334255,10,12,6,6404,0,0,0,16,0,0,0,15,5,8,6,6208,0,0,0,20,0,0,0,33,0,0,0,27,0,8,12,6955,0,0,0,21
19,TAC,0,1848,0,0,0,4,0,0,0,0,0,0,0,0,0,0,6,2237,14,16,0,0,0,0,0,1,0,0,0,0,0,0,0,2413,0,0,0,0,0,0,0,22,0,0,0,0,0,0,4354,1344875,4352,9003,6,3888,21,10,8,3376,10,0,19,5324,2,17
20,TTC,0,0,0,0,0,0,0,0,0,0,0,0,5,1700,10,0,0,0,0,0,4,0,0,0,0,2,0,0,6,2136,8,8,0,0,0,0,0,0,0,0,0,10,0,0,13,2148,0,8,15,2870,0,4,4,2331,9,14,0,2301,0,21,4325,1349483,5427,8964
21,CTG,0,0,13,0,0,0,3,0,0,0,16,0,21,10,6096,14,8,0,2397,5,9,0,2472,0,16,4,3970,8,9397,4237,1330895,6617,0,0,0,0,0,2,7,0,0,0,0,0,18,1,5753,15,0,0,7,0,0,0,14,0,1,0,10,0,69,15,9697,9
22,AAC,4718,1336943,5107,9004,13,3770,10,19,5,5147,11,21,7,2362,10,13,4,4396,7,18,0,5,0,0,0,6,0,0,0,0,0,0,17,4747,0,16,0,0,0,0,0,16,0,0,0,13,0,0,26,5309,16,15,0,13,0,0,0,8,0,0,0,34,0,0
23,CAC,0,3862,17,28,0,17,0,0,0,8,0,0,0,17,0,0,3627,1340541,3775,7744,17,3495,16,13,5,4042,3,1,20,4936,15,9,3,4342,10,15,0,11,0,0,0,7,0,0,0,0,0,0,25,5112,8,23,0,20,0,0,0,17,0,0,0,25,0,0
24,ATC,12,3704,22,22,13,3287,12,19,13,3966,19,30,6132,1328718,7467,9965,0,16,0,0,0,6,0,0,0,12,0,0,9,5622,20,41,0,3,0,0,0,13,0,0,0,9,0,0,24,5539,12,29,0,3,0,0,0,11,0,0,0,12,0,0,24,6964,21,35
25,GAC,61,13118,63,55,0,28,0,0,0,36,0,0,0,31,0,0,28,4900,15,26,0,5,0,0,0,38,0,0,0,16,0,0,6685,1313586,7037,7988,21,6910,33,23,15,6299,20,42,26,7860,30,43,3,6674,7,38,0,23,0,3,0,29,0,0,0,11,0,0
26,CAG,44,11,9944,10,0,0,6,0,0,0,39,0,0,0,23,0,9506,4165,1324808,6346,114,0,3505,10,72,15,9695,29,25,2,5146,12,14,5,4241,13,0,0,6,0,0,0,10,0,0,0,11,0,0,14,3903,20,0,0,26,0,0,0,6,0,0,0,30,0
27,ACC,18,6521,20,27,6759,1322766,6694,9041,18,5530,42,32,22,8216,34,36,0,20,0,0,1,3684,15,13,0,31,0,0,0,22,0,0,0,53,0,0,18,4895,12,11,4,3,0,0,0,12,0,0,0,12,3,0,21,7118,29,16,0,26,0,0,0,31,0,0
28,ACC,15,4845,22,14,7018,1332398,5560,8773,9,5630,22,6,5,4023,0,13,0,30,0,0,13,3705,14,5,0,0,0,0,0,11,0,0,0,0,0,0,3,2733,4,10,0,4,0,0,0,8,0,0,0,1,0,0,16,6856,27,16,0,1,0,0,0,16,0,0
29,ACG,24,11,5318,8,14253,5256,1322508,7769,43,27,6266,19,23,13,6289,39,0,0,19,0,38,8,3408,19,0,0,15,0,0,0,26,0,0,0,14,0,21,8,3803,6,0,0,3,0,0,0,7,0,0,0,0,0,34,9,6443,26,0,0,20,0,0,0,33,0
30,TGG,0,0,16,0,0,0,0,0,3,0,2300,9,0,0,0,0,0,0,9,0,0,0,0,0,0,9,2876,23,0,0,0,0,0,0,21,0,0,0,0,0,8,6,2249,10,0,0,0,0,65,19,9689,31,30,0,3531,2,9642,3141,1337891,5978,18,36,4214,0
31,CAG,46,0,5736,15,0,0,11,0,0,0,24,0,0,0,23,0,13787,4431,1321741,8417,44,3,3298,9,32,6,7239,23,58,12,6395,26,39,6,4772,15,0,0,19,0,0,0,20,0,1,0,9,0,35,11,5400,19,0,0,41,0,0,0,37,0,0,0,26,0
32,GAC,42,12414,40,44,0,51,0,0,0,47,0,0,0,43,0,0,16,4138,7,28,0,10,0,0,0,10,0,0,0,16,0,0,5638,1322634,4908,8257,9,4526,6,21,10,4250,14,13,31,7231,13,46,10,7236,0,21,0,15,0,0,0,13,0,0,0,18,0,0
33,CCG,0,0,14,0,49,8,5124,23,0,0,7,0,0,0,22,0,40,0,5140,16,19315,6260,1312941,9138,47,0,5750,20,41,13,6290,22,0,0,0,0,44,0,4062,23,0,0,16,0,0,0,18,0,7,0,23,0,49,23,7170,48,0,0,19,0,0,0,38,6
34,CGT,0,0,0,27,0,0,0,15,12,1,5,4656,0,0,4,30,17,14,0,11091,4,9,0,3006,2781,2891,3084,1335551,0,11,3,6121,0,0,0,27,0,0,0,2,0,0,0,5152,0,0,0,1,0,0,0,29,0,0,0,19,10,9,0,7221,0,0,0,23
