site,amino_acid,rep_1,rep_2
84,*,0.04666228241364298,-0.10841265674341241
84,A,-0.06479333615557632,-0.08151453410056002
84,C,-0.05821086965380909,-0.03930588440055089
84,D,-0.05696745412003076,-0.0534169132511465
84,E,-0.06967300140232174,-0.06726614438868674
84,F,-0.06046069798563919,-0.04999478050630377
84,G,-0.07558832985015942,-0.030808445858828845
84,H,0.0960432004316091,-0.10522931192180028
84,I,-0.11455794751060784,-0.11587292441679432
84,K,-0.068261088625379,-0.1074488435030119
84,L,0.0278156074260712,-0.1505381101004793
84,M,-0.022908816172386985,-0.0226962858904652
84,N,1.113923239852992,1.666255616665512
84,P,-0.07276078678162101,-0.07142869968162138
84,Q,-0.05800168496733564,-0.06030955931380212
84,R,-0.06160145306529752,-0.12601205318631262
84,S,-0.12963270819694042,-0.1771255220372838
84,T,-0.19249747498163142,-0.17901090314774465
84,V,-0.06949221192157172,-0.0670848915376952
84,W,-0.024338840492493918,-0.04808256190292168
84,Y,-0.08469762824151332,-0.004696590776091088
85,*,-0.03724194100774433,-0.03416753882876475
85,A,-0.02251114218137037,-0.033733866055552744
85,C,-0.039683341105538984,-0.013191938538241582
85,D,-0.03875154445214811,-0.04217128336702542
85,E,0.019403301900253075,-0.03930799006176775
85,F,-0.050681829195410005,-0.051022668288061825
85,G,-0.018374899193107565,-0.03499915276013154
85,H,1.0102051962424317,0.88014359299222
85,I,-0.028105471444222648,-0.028284327374350215
85,K,-0.020962189283072464,-0.020852247522529416
85,L,-0.1356128953322373,-0.11331413367092569
85,M,-0.005759212593834597,-0.005750033924466955
85,N,-0.04973428485314641,-0.05190593516790898
85,P,-0.1503498583687348,-0.11735530428013762
85,Q,-0.08975310467230249,-0.07557518718662895
85,R,-0.11019202406378632,-0.11394879916498864
85,S,-0.07032529813038171,-0.05353347059545433
85,T,-0.04570908053691701,0.03541791293382882
85,V,-0.028454151923391353,0.0032953428014090604
85,W,-0.014275513301030123,-0.01431795050681207
85,Y,-0.07313071650430827,-0.0754250214337094
86,*,-0.0979522654614076,-0.07026553277892449
86,A,-0.07126264301391741,-0.04186876323177852
86,C,-0.044275131098320174,-0.046643175459939706
86,D,0.11810202467039052,0.017475145211390392
86,E,1.1391523535064334,1.0117967827156331
86,F,-0.04614507056609574,-0.04381177698941831
86,G,-0.16379723967207022,-0.1124319464406238
86,H,-0.04284218628011572,-0.04240535930006398
86,I,-0.08140670381329142,-0.08039666345711395
86,K,-0.07081124882017192,-0.06976023369454844
86,L,-0.10590351153907457,-0.0774333504595226
86,M,-0.013963601979046322,-0.014142876882047012
86,N,-0.013648759868312542,0.025525880401200095
86,P,-0.07475290799435247,-0.06929294001660018
86,Q,-0.06420436401319021,-0.015031333332066134
86,R,-0.07995187373169434,-0.022490412636276588
86,S,-0.01827559144999243,-0.1006282952763565
86,T,-0.07158789438739423,-0.0652300897215412
86,V,-0.14177913229819264,-0.1281441401148482
86,W,-0.03326544998118745,-0.0331283853122066
86,Y,-0.021428802208995852,-0.02169253322434738
87,*,1.144400294994411e-05,-1.0639994693581294e-05
87,A,0.04156281059369883,-0.04598771657314478
87,C,-5.5360105918647576e-05,-3.784504867973613e-05
87,D,-0.025552682210239194,-0.026268752997342968
87,E,-3.069748032502905e-05,-0.00013634445490193908
87,F,-3.436593662685536e-07,-6.678156105588389e-06
87,G,-0.010089841570048682,9.18115196533774e-06
87,H,9.663049759596172e-06,-6.335116059786615e-05
87,I,-1.6765511112093776e-05,-7.012577902366389e-06
87,K,-7.3944301462574995e-06,-7.59535590507746e-06
87,L,9.010489464817308e-06,-7.18824713304744e-05
87,M,0.0,0.0
87,N,-4.4657372719491355e-05,-4.842439056094899e-05
87,P,0.0473475082431151,0.015574359441351113
87,Q,5.79237333966045e-05,-2.3406707725084018e-05
87,R,-0.00023018486569652112,-0.00022700384635349516
87,S,-0.005648326211591041,0.013011087943912886
87,T,-0.031027644524575827,-0.01955022192771727
87,V,-0.01627986134551769,0.06390186292970848
87,W,2.790910644739945e-07,1.7450072710090582e-07
87,Y,-1.4879916192393849e-05,-4.979030470334242e-05
88,*,-0.08047070274873305,-0.060806968938379995
88,A,-0.003165311202253647,-0.011000938162895274
88,C,-6.027811356094254e-05,-5.945049987874214e-05
88,D,1.0637030372673833e-06,7.650153149936399e-06
88,E,-0.00011068136588527849,-0.00010365902900192419
88,F,-7.461153186447403e-05,-0.00021284114479249965
88,G,-1.038845745566384e-05,-2.731283205795064e-06
88,H,-0.0006769662710512669,0.015488311781090976
88,I,8.811664807759366e-06,-1.673092874656815e-05
88,K,-7.19713305787252e-06,-6.995750755936924e-05
88,L,0.11657284381815516,-0.02511314899938006
88,M,4.9143352354805014e-08,0.0
88,N,-1.1702544761510693e-06,7.941023963882053e-07
88,P,0.11601214897745539,0.06925196202636785
88,Q,-0.0006624302523747776,-0.0002273394193195683
88,R,-5.7947551238458674e-05,-7.094375120058903e-05
88,S,-0.13080557957492134,0.00792661350974688
88,T,-0.01634512401493001,0.004751067340933496
88,V,-6.837900452373933e-06,-3.436938511554133e-05
88,W,-2.2309166318125334e-05,-1.4944091496331565e-05
88,Y,-0.00011738176823444866,0.00030762422728680504
89,*,-4.575908019185762e-05,-2.2710814545845972e-05
89,A,-2.6159083001833886e-05,6.029894215400213e-06
89,C,-3.2187964426389087e-05,-4.045303002260932e-06
89,D,0.011326255004472971,-0.011859868127072749
89,E,-3.522806328099056e-05,-1.1278336697820674e-05
89,F,-3.853278433725864e-05,-1.0034547538421972e-05
89,G,1.1379953051723172e-05,1.157346503484566e-05
89,H,-0.041491342654244784,-0.09648415703195184
89,I,-0.019176312677078023,0.028597925682704993
89,K,-0.015089774773873502,0.02162395022959349
89,L,-2.8079667922425847e-05,-4.507108152406919e-05
89,M,-2.007379868323622e-05,1.8035222834156488e-05
89,N,0.059868104118662675,-0.08250149697739978
89,P,-3.355910636652348e-05,-3.0354980242819418e-05
89,Q,-6.76242615434813e-05,-7.898407212387905e-05
89,R,-2.646023768756769e-05,2.774090519318393e-05
89,S,0.020297605755584706,0.0158393233453996
89,T,-0.028521769396379383,0.08831848262403412
89,V,-1.7661492530692323e-05,-1.1918978045467326e-05
89,W,-3.609368692805913e-06,-3.680301247232372e-06
89,Y,0.01315078957846878,0.03662053918238192
90,*,-7.218568525105871e-05,-9.074063138387865e-05
90,A,-3.747886415213266e-05,-3.110466435537765e-05
90,C,-1.4226255505305096e-05,-4.835754896562939e-06
90,D,-0.013908325544696632,-0.013645153443985746
90,E,-2.7260865241935997e-05,-4.511136898824359e-06
90,F,-0.0001229966728081837,-6.147504373955719e-05
90,G,-2.094415530500581e-05,-1.8828489278432267e-05
90,H,0.06189764425659312,0.06701829978916544
90,I,-0.0006370502737058351,-0.000645006538966009
90,K,-0.00014139160815976033,-0.00018059295999909132
90,L,0.0004948215551374378,0.08240473367878577
90,M,-9.009368825778026e-06,-9.084509382947138e-06
90,N,0.045102709253005684,-0.022368980477341878
90,P,-0.09764255901872576,-0.07934518742439962
90,Q,0.04115940379270021,0.013093443848773437
90,R,-0.04095971604190186,-0.024212756705805534
90,S,-0.00042008470970180707,-0.00041317687857899733
90,T,-0.000297179319153464,-0.00033347211105355526
90,V,-4.927802682243028e-06,-4.941836159738242e-06
90,W,0.0,0.0
90,Y,0.005660757328380417,-0.02114662871049842
91,*,-0.006127315746690774,0.01836296597481416
91,A,-2.642819665422545e-06,1.5154983953009234e-05
91,C,-0.0024306396946115723,-0.0024691663612054597
91,D,0.0,0.0
91,E,-1.3797177960953616e-05,-5.1948230663506245e-06
91,F,0.05665340020349759,-0.04213817176462991
91,G,-2.06050686877459e-05,1.9921344208511138e-05
91,H,-7.247367577275789e-06,-7.332342770788035e-06
91,I,-4.2871835431539543e-05,-9.594306179408045e-05
91,K,-2.221431103813572e-06,-1.6836333845316066e-05
91,L,-0.04118479349867838,-0.002265500894396993
91,M,0.0052413428088006475,-0.00982532168299523
91,N,0.0,0.0
91,P,-8.027845772950166e-06,-4.225110106739569e-06
91,Q,-1.1598072147554788e-05,-1.4824612798676575e-05
91,R,-3.7655666523250036e-05,-3.293805212901856e-05
91,S,0.018786110881055373,0.03947022941933745
91,T,6.667171093274224e-06,1.0472666161888862e-06
91,V,-0.015672199885621255,0.013782250874935257
91,W,-0.012266655020950253,-0.011960787762528782
91,Y,-0.002859249933023568,-0.0028153270615964574
92,*,-0.037977996322849136,-0.0369375782587746
92,A,-0.00014719259967655603,-0.00014769276095654435
92,C,-3.6773801681686207e-06,-1.3699137616596771e-06
92,D,4.446209948007183e-05,-3.239129685801701e-05
92,E,0.049383696443402056,0.01710816841976553
92,F,-7.743595289919636e-08,0.0
92,G,3.419548860037221e-06,8.158294288676836e-06
92,H,0.21184025732862888,-0.006790515544248504
92,I,-5.809794204948233e-06,1.763193841886461e-06
92,K,-0.0071157080854104965,0.05620097944135065
92,L,0.05772634832446367,0.02453919441370245
92,M,-3.7328946137290096e-06,9.346466922285498e-07
92,N,-5.604115563653353e-05,-9.706857076854096e-05
92,P,-0.03934822569921593,-0.039921154351022295
92,Q,-0.2408389293193021,-0.0718859784984171
92,R,0.007067342996487195,0.05873150168461479
92,S,-0.0004229938337457178,-0.0004409730346238706
92,T,-0.0002389161349532982,-0.0002512817048069136
92,V,4.799908151967581e-07,-4.148586314378833e-05
92,W,0.0,-3.949392296506726e-08
92,Y,9.329392359314507e-05,-4.317080295138557e-05
93,*,0.0010483849812698031,-0.040124091245261985
93,A,-0.007146628027440013,0.008305377713309112
93,C,3.832687856142975e-06,-1.2380433271771086e-06
93,D,-0.05568693901124097,-0.02023068963172339
93,E,0.022556832001900548,0.09567239955090193
93,F,-5.9862272092902285e-06,-8.24990634815743e-06
93,G,0.03375496489855262,-0.018005197073048134
93,H,-7.187391370041987e-05,-7.029478896079527e-05
93,I,-2.5214562866538093e-05,-2.0308865110089945e-05
93,K,-0.05219692322102062,-0.04421618678343521
93,L,-0.00013255780250912548,-0.00016145917911799282
93,M,-1.7178053739473108e-05,-8.71784040546903e-07
93,N,-0.0001432418997139773,-0.00013794169358714677
93,P,-3.4375398263897774e-05,-2.5565560525192308e-05
93,Q,0.019778654057007062,0.021328264274823292
93,R,-0.0009643106937861862,-0.0009448525662286366
93,S,-0.0019346947354787949,-0.001989019148394824
93,T,-3.098435764012531e-05,-2.3945325259356055e-05
93,V,0.041463566395655425,0.0009047334400101593
93,W,-6.895826097607056e-05,-7.406864695051015e-05
93,Y,-0.00014636885665701685,-0.00017679473772527765
94,*,-0.04061084615040719,-0.05144291593999013
94,A,2.596848617806884e-05,-2.7794232927930767e-05
94,C,-0.00018892050141874328,-0.00015393132077388123
94,D,-3.5959497890494564e-06,-3.660999979403045e-06
94,E,-3.0223502307317782e-05,-5.33285801395856e-05
94,F,-0.05966030704770851,0.11983121835340545
94,G,-3.7925880649998112e-06,-2.7424955563927973e-05
94,H,0.0,-3.27651326584451e-08
94,I,0.051468979882921345,0.08949370313838578
94,K,2.7218220874658955e-05,-2.9889133982374297e-06
94,L,-0.08877143351769583,-0.11713930797650188
94,M,3.750436889663396e-05,6.701877860358813e-05
94,N,3.398569724891458e-08,-6.467085512744865e-08
94,P,-2.637727562446779e-07,-2.864600545947861e-06
94,Q,-1.363346135755127e-05,-2.8959262209622096e-05
94,R,-5.106025423423767e-05,-3.461875319946066e-05
94,S,0.03300117142734279,-0.023556131733297653
94,T,2.4883285172098872e-05,2.180541220164991e-05
94,V,0.10808745518912151,-0.021916665709274887
94,W,-3.92856615794827e-05,-3.32506304897393e-05
94,Y,-0.003299852438884245,0.0050101953616834
95,*,-2.9379661797023823e-05,-2.3237306384275224e-05
95,A,-0.013691869154583161,-0.013346067758285009
95,C,2.7766456338802414e-05,-7.313841628890792e-05
95,D,-4.470668491278257e-05,-7.795883837301735e-05
95,E,-5.330031146590756e-05,-6.696757045827537e-05
95,F,-0.00015845210848323076,-0.0003067046607473193
95,G,-0.00015407936857836368,-0.0001302593813225993
95,H,0.06694533185396505,0.004486667270728136
95,I,-0.0002493785201795695,-0.0002715045935848868
95,K,-1.1714731368930706e-05,-9.244296296065294e-06
95,L,0.040729954432422444,0.10444507157921644
95,M,-2.0603820764959092e-05,-3.595376716832731e-05
95,N,-0.00011196219543093283,-8.465881373302328e-05
95,P,-0.07979021113952402,-0.11500190831739665
95,Q,-4.8155874089818675e-05,-0.000163126426487012
95,R,0.02980119166577442,0.02077232642104766
95,S,-0.003932492792572551,-0.01877843295842618
95,T,-0.03897019061669662,0.018960590161743594
95,V,-0.00020600950343629713,-0.00023629148111146603
95,W,-7.636899690139974e-06,1.3691311700266294e-06
95,Y,-2.4101024925936446e-05,-6.0569977843120985e-05
96,*,-0.0318628877940921,-0.031719788172246854
96,A,9.220619910428484e-06,-4.008556345878333e-05
96,C,0.07075414328326994,0.03793406241547489
96,D,0.04463093586225588,-0.030367573448358408
96,E,-8.087368345282535e-05,-4.715039222876043e-05
96,F,0.013808162980006394,0.15584434829119845
96,G,1.439061898389506e-05,-3.849942422017529e-05
96,H,0.01206295209300448,0.12032366439758072
96,I,-0.0004037299816282193,0.0002049027265280742
96,K,-0.0003517874698737533,-5.732439240762027e-05
96,L,-0.001128192135742381,-0.0004992941871497751
96,M,-0.0042017368068728075,0.0048843442303847144
96,N,0.054624813267216764,0.07485434610269172
96,P,-4.7666375698266795e-05,5.267436817991125e-05
96,Q,-0.0003837601656436627,-0.00028633157334793176
96,R,4.069858019418852e-07,9.63835308757477e-05
96,S,0.01927336461895396,0.08544623951633643
96,T,1.2248010678654774e-06,0.00016843289956063967
96,V,-4.580804039621202e-05,6.512041455784466e-05
96,W,-1.9638066107039463e-05,-3.5719738442982436e-05
96,Y,-0.17665353461096464,-0.41678275200150755
97,*,-3.562759470867633e-05,-3.693721669894037e-05
97,A,0.027310819367154373,0.0515101005348639
97,C,-0.042084075823902785,-0.007832760827678953
97,D,-0.05062739783729927,-0.020222657778363424
97,E,-6.972370711770897e-05,3.7177976087236364e-06
97,F,-0.00011233749265534032,-0.00014834621730890114
97,G,0.11934540204655798,0.08992553306297993
97,H,1.263682705920856e-06,-1.8430981821242463e-05
97,I,-7.104485377658976e-05,-9.028708573314182e-05
97,K,-7.519368041368149e-06,-7.69710419352476e-06
97,L,-6.987046553231899e-05,-7.437153780545906e-05
97,M,-1.1020207015395292e-05,-8.984489755474588e-06
97,N,-7.964590653192837e-05,-9.169955704577954e-05
97,P,-2.7487872145171973e-06,-7.821088960494759e-07
97,Q,-3.0013992906371867e-09,0.0
97,R,0.006165920670057443,-0.023430762216187413
97,S,-0.016386332733450092,-0.059153430666108474
97,T,2.387329161376903e-05,2.466501471015001e-05
97,V,-0.040047351041933646,-0.02709859854265695
97,W,-0.0007978307744352354,-0.0007789621416977104
97,Y,-0.0024447494630747755,-0.002469307938211588
98,*,-4.932622568179247e-05,-0.0001435620810497994
98,A,-0.001153510048403853,0.018921425339531547
98,C,-0.07189029414833387,-0.06678399668846159
98,D,-0.02284055414578385,-0.0040555823215264915
98,E,-7.203661160404731e-05,-4.474820865536775e-05
98,F,-0.00011160321058061041,-0.00014546581378777865
98,G,0.16771193951839683,0.1901222602474611
98,H,-0.0001466573781466757,-0.0001603850459849684
98,I,-7.098915766295483e-05,-0.00010559811070199967
98,K,-9.608742466398126e-08,4.602913937435102e-06
98,L,-3.9542499807382014e-05,-5.8397479878250916e-05
98,M,-3.7732235469639483e-06,-3.7585051057897065e-06
98,N,8.7936575038037e-06,-6.588440174175736e-05
98,P,-1.7891966655244462e-05,-3.539723935620871e-05
98,Q,-1.1612098833609037e-05,-1.4104736466426476e-05
98,R,-0.02288785062254414,-0.02334443239086546
98,S,0.018404254390689923,-0.04617063604479422
98,T,-3.194566356399232e-05,-4.963821389441844e-05
98,V,-0.06580901764014933,-0.06672631889495846
98,W,-0.0008181159743651838,-0.0009468389289489096
98,Y,-0.00017017086350225343,-0.00019354339475185361
99,*,-0.07202018329245291,-0.0712938053415736
99,A,-5.4359487508626525e-05,-2.1173839038901825e-05
99,C,-0.043241788013204614,0.046415672195347646
99,D,0.0,2.1797341780854869e-07
99,E,-3.195804740823015e-05,-3.7862588863388076e-05
99,F,-0.0020687697899072458,0.004945588187339361
99,G,-0.016164932793741402,-0.01646831494040309
99,H,0.0,0.0
99,I,0.0,3.729584522378049e-09
99,K,1.4664060821725771e-06,-1.1216543688382764e-05
99,L,0.07128944970251708,-0.023363055980892635
99,M,-4.0714526181094284e-05,-4.8718322532375865e-05
99,N,0.0,0.0
99,P,-1.9678888655829482e-05,-1.3145478118224601e-05
99,Q,-3.256917278879322e-05,-3.740642969314511e-05
99,R,-0.08090866382829594,-0.08356081239319062
99,S,-0.02806906420871893,0.006431551702569271
99,T,-1.3465932402543545e-05,-2.3317587632187604e-05
99,V,-3.208476031424794e-05,-5.820839471417213e-05
99,W,0.17147395889393433,0.1371290205850454
99,Y,-6.664226095279128e-05,1.4983467037243942e-05
100,*,-4.525223829659187e-05,-4.392945134675691e-05
100,A,0.0007981087134360838,0.02440404751676919
100,C,-2.264196509400631e-05,-1.8370170039867866e-05
100,D,-3.9727516535817565e-05,-6.160509033562488e-05
100,E,-0.022106049749601488,-0.009530181264551608
100,F,-4.793558359214223e-05,-0.0001882459846685866
100,G,0.03395369552437716,0.005193517229374156
100,H,-4.0198474191608196e-06,-3.857831304013199e-06
100,I,-4.849188533471088e-05,-0.00016936108765379455
100,K,-1.8131940058004807e-05,-3.0821450923575716e-05
100,L,0.01432512851433901,0.018346317180335935
100,M,0.03260200918109529,-0.03073713161653155
100,N,0.0,0.0
100,P,-2.41658247852776e-06,-9.920770738697792e-06
100,Q,-1.5756195651330982e-05,-1.113068705115654e-05
100,R,-1.2838194199851778e-05,-4.920788893594293e-05
100,S,8.036810173477643e-06,1.4079581022085125e-05
100,T,4.454101884426864e-06,-1.3107863837759918e-05
100,V,-0.058976016236540287,-0.0066762741023426
100,W,-0.0003481749630182861,-0.0004111089651929502
100,Y,-3.979947485254355e-06,-3.707282046401642e-06
101,*,-0.0002770460460455168,-0.00010895640124900545
101,A,0.059663533852269864,0.020178482621069214
101,C,-0.001434120838361382,-0.0011343830525307277
101,D,-0.00044755475750413404,-0.0005733059559557913
101,E,0.019382320571486197,-0.00999929567549381
101,F,-4.498356144461344e-07,8.614443864035595e-06
101,G,-0.022958945077359186,0.032545585609076506
101,H,-0.0004954605934650569,-0.0004248386504928537
101,I,-2.094366960930755e-06,-7.477876440392096e-06
101,K,5.82230195032618e-07,-8.374238832311788e-05
101,L,-0.00010063979746889831,-6.09566536034294e-05
101,M,4.85115557797729e-06,0.0
101,N,-7.821664611173364e-06,-1.777879607337988e-05
101,P,-0.04904971349630662,-0.04057526078901566
101,Q,-0.00036047774992506063,-0.000362022860049693
101,R,-8.5825969386306e-05,-5.707080408030514e-05
101,S,-0.04561522964516267,0.03676134449415935
101,T,0.075744437221904,-0.03810829713423264
101,V,-0.03384317612978013,0.002072435158453297
101,W,-8.191854855513312e-05,-1.4791663189508077e-05
101,Y,-3.525051492583881e-05,-3.828362589223132e-05
102,*,-0.00029931207600949886,7.9816600404665e-05
102,A,0.11290448092085345,0.07112662848162993
102,C,-7.946146985142512e-06,-6.296061823066045e-06
102,D,1.1761147473585892e-06,6.480136398403936e-07
102,E,-5.075466654077075e-05,-4.107580808671785e-05
102,F,-5.556877261816701e-06,-7.892830754281922e-06
102,G,-0.00019303902490299847,-3.362842801003976e-05
102,H,-0.0002548058147129842,-0.0001476669730611557
102,I,-8.002613720705286e-05,-7.475616187694047e-05
102,K,-0.00011672634746086571,-0.00013767118450436805
102,L,0.058618230599430825,0.03792355156096818
102,M,-1.6312741431260848e-05,-5.313789665550638e-06
102,N,-5.205209503291206e-06,-7.470853253014296e-06
102,P,-0.10491156709800761,-0.290960683290764
102,Q,0.006578060896519788,0.05205314111837698
102,R,-0.009367163181117943,0.04762686595363828
102,S,-0.032825676025165895,0.11242968998438739
102,T,-0.029956552125230396,-0.02979083492218325
102,V,2.888413626580099e-05,-2.2092106423667118e-05
102,W,-1.3665774688736924e-06,9.919642412736547e-06
102,Y,-3.882261881025571e-05,-1.4878945051519662e-05
103,*,-6.470386479329117e-05,-0.00015818422635397613
103,A,-8.676099759764787e-05,-7.888826472617949e-05
103,C,-7.100672457935026e-05,-5.824051499434759e-05
103,D,0.036124930294054204,0.017593075853985774
103,E,-9.496992260418132e-05,-0.00010489506747675519
103,F,6.904088511969094e-05,-0.00021565398693394036
103,G,-9.849179076901314e-05,6.509665595737238e-05
103,H,-0.02748205801886144,-0.006531789188959762
103,I,0.044317436384627144,0.04985458067638981
103,K,0.01643573787995379,0.016628992293915457
103,L,-0.000265511844443066,-0.00047342945033193714
103,M,3.4512848484243982e-06,-2.1661991868219436e-05
103,N,-0.15968514773102918,-0.14977563548455364
103,P,-0.00020364318274548347,-0.00022626454624908427
103,Q,-0.00023538164910713604,-0.0003605794928529447
103,R,-0.00017620648450704425,6.155592189870587e-05
103,S,0.0041987658910459065,0.11117708177151554
103,T,-0.011487010598434974,-0.007548071482079277
103,V,-3.3950480731018515e-05,-0.00013055701730737768
103,W,-5.340410273845182e-05,-5.2245838876597925e-05
103,Y,0.09888888477329211,-0.029644286620098406
104,*,-1.515390025514906e-08,2.3167733314324056e-06
104,A,-1.4472532787850255e-05,-3.9867559654243877e-05
104,C,-6.588434124513088e-05,-4.450505854609717e-05
104,D,2.9166891239082753e-05,-4.314468262168626e-05
104,E,4.82630826089933e-06,4.325471097324029e-06
104,F,-0.011426462207351008,0.015230418134264036
104,G,-6.090041697341731e-06,2.0202047196589194e-05
104,H,-0.0009052724564991473,-0.0010041215178127928
104,I,-0.043819175248089266,-0.19497821482888494
104,K,-5.62295812746547e-05,-0.00010269269081702903
104,L,-0.02869838646170861,0.08759358583317038
104,M,-0.011069527884531976,0.14052058429781203
104,N,0.020674002050574177,-0.014243126980518748
104,P,-2.227957941481424e-05,-2.5559956233907554e-05
104,Q,-4.85555827293437e-06,1.0711051065119621e-05
104,R,-0.0003814960967864386,0.00027168892574427265
104,S,0.014390867112255946,-0.007390207275123578
104,T,0.012523935164873948,-0.023613360760016903
104,V,0.04891465639869432,-0.002096206128598052
104,W,-7.563895170066558e-06,-5.5979037426500195e-06
104,Y,-5.9742887169393516e-05,-6.722719111054952e-05
105,*,-0.0012115084882856066,-0.042565780624735365
105,A,-8.395174057602647e-05,-3.225799093312529e-05
105,C,-0.009318193202170859,-0.006691582148410441
105,D,-0.027924109030864588,-0.03678579634589074
105,E,-9.724214905557705e-05,0.0001878518196145772
105,F,0.06727872310172259,0.04145042832972813
105,G,-2.984581841980699e-05,-2.8677400074316395e-05
105,H,0.03304690819370113,0.05522039117370719
105,I,-1.0209625718554756e-05,4.464025556446086e-06
105,K,-1.765415556775871e-05,1.0754754461283657e-05
105,L,-0.0005371618929252345,-0.0005090982916740256
105,M,-3.875105026273462e-06,2.343707909063149e-06
105,N,0.010102804828563848,0.015597747618268857
105,P,-7.51668484999412e-05,-3.2035745404392e-05
105,Q,-1.675806845850526e-06,1.2356407669754654e-05
105,R,7.683096739235562e-06,1.8283988258079816e-05
105,S,-0.05674980754039914,0.003042960040038981
105,T,-2.5184343023346023e-05,1.9636854916665658e-05
105,V,-2.2276335057880548e-05,-3.932305809480635e-06
105,W,5.6521978586642495e-06,-3.3302948326789364e-07
105,Y,-0.014333909336149172,-0.028917724837714664
106,*,-0.08628587118098245,-0.06731479373358583
106,A,-0.002217358530506928,-0.002250873750699027
106,C,-0.0028964325394761894,-0.006451664401402214
106,D,0.02580583339769176,-0.03468527786358052
106,E,-6.996075594902408e-05,-0.000143675103678841
106,F,0.013822591508343559,0.08943331832688871
106,G,-1.287988216287801e-05,-2.885603790778445e-05
106,H,-0.005268341408543743,0.006866465143387606
106,I,-8.789726888443586e-05,-4.159960505680851e-05
106,K,-9.319586167546978e-05,-0.00017681724844227328
106,L,-0.000657299363660647,-0.0005462274993996653
106,M,-3.837450581486832e-06,-3.791257226912616e-06
106,N,0.006961409259463557,-0.01006773022341122
106,P,-0.0009898840122832446,-0.0009748884313761862
106,Q,-7.516008377521546e-05,-0.00012652818785092423
106,R,-7.083739489059128e-06,-1.0962750868491866e-05
106,S,0.03621603663167625,0.03904546126861237
106,T,-3.424431247197921e-05,-4.623870053059997e-05
106,V,-1.826051903857306e-05,1.1663201278142548e-05
106,W,-6.683138709309514e-05,-3.369341545821022e-05
106,Y,0.01597866749939956,-0.012453289729691364
107,*,-0.013816783505309954,-0.025687950297977182
107,A,1.500428196132091e-05,-4.236640301013842e-05
107,C,9.947519705382336e-06,5.205630285875629e-06
107,D,-4.0599244844023645e-06,-3.844947573829754e-06
107,E,-9.013148223205956e-06,-1.3087060720018015e-05
107,F,0.18009285477522585,0.10307354246914756
107,G,-8.387736043390728e-06,1.449358992463513e-05
107,H,2.450028876931263e-06,0.0
107,I,0.009721309062711915,0.043161772813103544
107,K,-1.385724216991673e-06,5.117699811000136e-07
107,L,-0.2605605636489857,-0.16663905803059503
107,M,2.9941198244320116e-05,0.00010282433519958872
107,N,0.0,-8.395372169768975e-08
107,P,-2.3966627627625416e-05,-3.872121275343313e-05
107,Q,-1.542573249198248e-05,-1.5388673080208552e-05
107,R,-2.7716941237006183e-05,-1.2966825912865374e-05
107,S,0.06077687855692792,-0.003886243939054692
107,T,7.464252594362163e-06,1.1008624651404845e-06
107,V,0.02383351189982083,0.05005420505009257
107,W,1.265956819887565e-06,-3.1859552069079113e-06
107,Y,-2.3324544268219356e-05,-7.075922059281514e-05
108,*,-2.734268685291009e-05,-2.10651995780369e-05
108,A,-0.028636658753588277,-0.02886186175142102
108,C,-0.04264554461059151,-0.043708634194357485
108,D,-0.09806338068382041,-0.08409655470251362
108,E,-0.00011460231894227767,-0.00011073489746752692
108,F,-0.0001061595627076252,-0.0001468720413309317
108,G,0.3272887267153719,0.2860066337437776
108,H,-0.0012321516947662566,-0.0012515429193626698
108,I,-4.2978491661564706e-05,-5.507283870286801e-05
108,K,0.0,0.0
108,L,-8.096274780660497e-06,-1.1462677923989678e-05
108,M,0.0,0.0
108,N,-0.0018282156089277984,-0.001798890158036999
108,P,-1.0023656208170344e-05,-1.4860865842808604e-05
108,Q,0.0,-2.7437344987469825e-08
108,R,-0.035026315960978494,-0.02439532112560927
108,S,-0.0858509998983421,-0.07692054721227741
108,T,-1.0735388826767997e-05,-1.0963882874593628e-05
108,V,-0.03361602921091012,-0.024496226761515964
108,W,-2.5767020061582277e-05,-5.70962694236586e-05
108,Y,-4.3724893405057376e-05,-4.889880819397321e-05
