site,amino_acid,WT_indicator,rep_1,rep_2,joint
84,A,False,-0.000591,-0.000747,-0.00126
84,R,False,-0.000556,-0.00115,-0.00157
84,N,True,0.0101,0.0152,0.0228
84,D,False,-0.000516,-0.000484,-0.000924
84,C,False,-0.00053,-0.000352,-0.00082
84,E,False,-0.000639,-0.000614,-0.0012
84,Q,False,-0.000527,-0.000546,-0.00101
84,G,False,-0.000686,-0.000266,-0.000815
84,H,False,0.0009,-0.000944,0.000234
84,I,False,-0.00104,-0.00106,-0.00197
84,L,False,0.000271,-0.00138,-0.000904
84,K,False,-0.000612,-0.000986,-0.00143
84,M,False,-0.00021,-0.000209,-0.000405
84,F,False,-0.000551,-0.000455,-0.000948
84,P,False,-0.000664,-0.000652,-0.00125
84,S,False,-0.00118,-0.00162,-0.00255
84,T,False,-0.00176,-0.00163,-0.00316
84,W,False,-0.000218,-0.000435,-0.000588
84,Y,False,-0.000771,-3.18e-05,-0.000705
84,V,False,-0.000632,-0.000609,-0.00118
84,*,False,0.000447,-0.000983,-0.00034
85,A,False,-0.000198,-0.000304,-0.000448
85,R,False,-0.00101,-0.00104,-0.00196
85,N,False,-0.000454,-0.000474,-0.000896
85,D,False,-0.000351,-0.000384,-0.000704
85,C,False,-0.000361,-0.000117,-0.000451
85,E,False,0.000184,-0.000358,-0.000142
85,Q,False,-0.000819,-0.000687,-0.00144
85,G,False,-0.000166,-0.000319,-0.000462
85,H,True,0.00918,0.00798,0.0163
85,I,False,-0.000256,-0.000258,-0.000497
85,L,False,-0.00123,-0.00103,-0.00215
85,K,False,-0.00019,-0.000189,-0.000364
85,M,False,-5.21e-05,-5.2e-05,-9.99e-05
85,F,False,-0.000462,-0.000463,-0.000893
85,P,False,-0.00137,-0.00106,-0.0023
85,S,False,-0.000642,-0.000485,-0.00108
85,T,False,-0.000416,0.00033,-4.21e-05
85,W,False,-0.00013,-0.00013,-0.000251
85,Y,False,-0.000663,-0.000689,-0.0013
85,V,False,-0.000259,3.39e-05,-0.000201
85,*,False,-0.000339,-0.00031,-0.000625
86,A,False,-0.000639,-0.000372,-0.000855
86,R,False,-0.000728,-0.000197,-0.00085
86,N,False,-0.000122,0.000239,0.000168
86,D,False,0.0011,0.000175,0.00144
86,C,False,-0.000403,-0.000425,-0.000792
86,E,True,0.0103,0.00914,0.018
86,Q,False,-0.000581,-0.000127,-0.000631
86,G,False,-0.0015,-0.00101,-0.00237
86,H,False,-0.000393,-0.000386,-0.000753
86,I,False,-0.000743,-0.00073,-0.00141
86,L,False,-0.000965,-0.0007,-0.00158
86,K,False,-0.000642,-0.000638,-0.0012
86,M,False,-0.000127,-0.000129,-0.000247
86,F,False,-0.000421,-0.000398,-0.000785
86,P,False,-0.000681,-0.000628,-0.00125
86,S,False,-0.000152,-0.000913,-0.000955
86,T,False,-0.00065,-0.000593,-0.00119
86,W,False,-0.000304,-0.000301,-0.000578
86,Y,False,-0.000195,-0.000198,-0.000381
86,V,False,-0.00129,-0.00117,-0.00235
86,*,False,-0.000889,-0.000636,-0.00142
87,A,True,0.000377,-0.000413,3.41e-05
87,R,False,-2.2e-06,-2.19e-06,-4.12e-06
87,N,False,-4.1e-07,-4.34e-07,-7.84e-07
87,D,False,-0.000231,-0.000237,-0.000474
87,C,False,-5.02e-07,-3.42e-07,-8.19e-07
87,E,False,-2.6e-07,-1.23e-06,-1.42e-06
87,Q,False,5.36e-07,-2.14e-07,3.53e-07
87,G,False,-9.16e-05,3.15e-07,-9.96e-05
87,H,False,9.45e-08,-5.77e-07,-4.54e-07
87,I,False,-1.55e-07,-5.81e-08,-1.73e-07
87,L,False,8.98e-08,-6.53e-07,-4.81e-07
87,K,False,-6.75e-08,-6.98e-08,-1.37e-07
87,M,False,0.0,0.0,0.0
87,F,False,-6.88e-10,-6.29e-08,-4.4e-08
87,P,False,0.00043,0.000139,0.000554
87,S,False,-5.05e-05,0.000116,4.78e-05
87,T,False,-0.000282,-0.000177,-0.000464
87,W,False,2.6e-09,2.44e-09,8.52e-09
87,Y,False,-1.38e-07,-4.54e-07,-5.71e-07
87,V,False,-0.000147,0.000579,0.00041
87,*,False,1.02e-07,-9.81e-08,9.2e-09
88,A,False,-2.88e-05,-9.89e-05,-0.000133
88,R,False,-5.25e-07,-6.38e-07,-1.17e-06
88,N,False,-1.09e-08,6.42e-09,-4.46e-09
88,D,False,1e-08,6.99e-08,7.71e-08
88,C,False,-5.41e-07,-5.33e-07,-1.06e-06
88,E,False,-1.01e-06,-9.52e-07,-1.93e-06
88,Q,False,-5.98e-06,-2.05e-06,-8.08e-06
88,G,False,-9.93e-08,-2.76e-08,-1.17e-07
88,H,False,-6.06e-06,0.00014,0.000133
88,I,False,8.24e-08,-1.48e-07,-6.46e-08
88,L,False,0.00105,-0.000227,0.000793
88,K,False,-6.36e-08,-6.42e-07,-6.36e-07
88,M,False,4.29e-10,0.0,1.03e-09
88,F,False,-7.02e-07,-1.95e-06,-2.62e-06
88,P,False,0.00105,0.000629,0.0016
88,S,True,-0.00117,6.6e-05,-0.000958
88,T,False,-0.000147,4.36e-05,-0.00011
88,W,False,-2.04e-07,-1.35e-07,-3.33e-07
88,Y,False,-1.07e-06,2.78e-06,1.67e-06
88,V,False,-6.18e-08,-3.11e-07,-3.81e-07
88,*,False,-0.000729,-0.000549,-0.00131
89,A,False,-2.36e-07,6.18e-08,-1.59e-07
89,R,False,-2.39e-07,2.52e-07,6.93e-09
89,N,True,0.00054,-0.000754,-0.000141
89,D,False,0.000103,-0.000106,-4.03e-06
89,C,False,-2.91e-07,-3.51e-08,-3.43e-07
89,E,False,-3.23e-07,-9.94e-08,-4e-07
89,Q,False,-6.16e-07,-7.16e-07,-1.32e-06
89,G,False,1.06e-07,1.07e-07,2.16e-07
89,H,False,-0.000375,-0.000874,-0.00125
89,I,False,-0.000173,0.000259,7.36e-05
89,L,False,-2.55e-07,-4.14e-07,-6.48e-07
89,K,False,-0.000136,0.000198,5.01e-05
89,M,False,-1.85e-07,1.65e-07,-1.49e-08
89,F,False,-3.52e-07,-9.26e-08,-4.67e-07
89,P,False,-3e-07,-2.76e-07,-5.51e-07
89,S,False,0.000184,0.000144,0.00031
89,T,False,-0.000257,0.000804,0.000538
89,W,False,-3.33e-08,-3.37e-08,-6.62e-08
89,Y,False,0.000119,0.00033,0.000425
89,V,False,-1.63e-07,-1.07e-07,-2.63e-07
89,*,False,-4.17e-07,-2.1e-07,-6.24e-07
90,A,False,-3.37e-07,-2.8e-07,-6.17e-07
90,R,False,-0.000371,-0.000218,-0.0006
90,N,False,0.000409,-0.000202,0.000201
90,D,False,-0.000125,-0.000123,-0.000249
90,C,False,-1.3e-07,-4.12e-08,-1.73e-07
90,E,False,-2.47e-07,-3.78e-08,-2.78e-07
90,Q,False,0.000373,0.000119,0.000475
90,G,False,-1.88e-07,-1.68e-07,-3.65e-07
90,H,True,0.000558,0.000604,0.00121
90,I,False,-5.74e-06,-5.81e-06,-1.15e-05
90,L,False,5.38e-06,0.000749,0.00074
90,K,False,-1.27e-06,-1.63e-06,-2.92e-06
90,M,False,-8.13e-08,-8.19e-08,-1.65e-07
90,F,False,-1.11e-06,-5.48e-07,-1.64e-06
90,P,False,-0.000885,-0.000721,-0.0016
90,S,False,-3.86e-06,-3.81e-06,-7.49e-06
90,T,False,-2.69e-06,-3.01e-06,-5.71e-06
90,W,False,0.0,0.0,0.0
90,Y,False,5.23e-05,-0.000191,-0.000144
90,V,False,-4.27e-08,-4.25e-08,-8.1e-08
90,*,False,-6.67e-07,-8.48e-07,-1.45e-06
91,A,False,-2.36e-08,1.36e-07,1.06e-07
91,R,False,-3.38e-07,-2.94e-07,-6.46e-07
91,N,False,0.0,0.0,0.0
91,D,False,0.0,0.0,0.0
91,C,False,-2.19e-05,-2.24e-05,-4.56e-05
91,E,False,-1.25e-07,-4.81e-08,-1.77e-07
91,Q,False,-1.05e-07,-1.34e-07,-2.44e-07
91,G,False,-1.88e-07,1.79e-07,-1.68e-08
91,H,False,-6.61e-08,-6.72e-08,-1.31e-07
91,I,False,-3.95e-07,-8.68e-07,-1.27e-06
91,L,True,-0.000371,-2.33e-05,-0.00033
91,K,False,-2.01e-08,-1.5e-07,-1.8e-07
91,M,False,4.75e-05,-8.83e-05,-5.37e-05
91,F,False,0.000512,-0.000382,0.000109
91,P,False,-7.47e-08,-3.85e-08,-1.2e-07
91,S,False,0.000169,0.000359,0.000509
91,T,False,5.89e-08,9.11e-09,6.05e-08
91,W,False,-0.000111,-0.000108,-0.000222
91,Y,False,-2.63e-05,-2.55e-05,-5.01e-05
91,V,False,-0.000141,0.000126,-2.08e-05
91,*,False,-5.55e-05,0.000167,0.000107
92,A,False,-1.34e-06,-1.34e-06,-2.68e-06
92,R,False,6.24e-05,0.00053,0.000557
92,N,False,-5.08e-07,-8.69e-07,-1.43e-06
92,D,False,4.01e-07,-2.9e-07,7.24e-08
92,C,False,-3.36e-08,-1.26e-08,-4.58e-08
92,E,False,0.000447,0.000155,0.000564
92,Q,True,-0.00215,-0.00065,-0.00253
92,G,False,3.08e-08,7e-08,7.82e-08
92,H,False,0.0019,-5.89e-05,0.00173
92,I,False,-5.18e-08,1.88e-08,-4.95e-08
92,L,False,0.000518,0.000221,0.0007
92,K,False,-6.48e-05,0.000509,0.000418
92,M,False,-3.42e-08,8.41e-09,-2.52e-08
92,F,False,-8.34e-10,0.0,-1.32e-09
92,P,False,-0.000356,-0.000362,-0.000727
92,S,False,-3.8e-06,-3.97e-06,-7.86e-06
92,T,False,-2.14e-06,-2.26e-06,-4.46e-06
92,W,False,0.0,-4.67e-10,-1.05e-09
92,Y,False,8.39e-07,-3.8e-07,3.76e-07
92,V,False,8.88e-09,-3.79e-07,-3.94e-07
92,*,False,-0.000345,-0.000334,-0.000701
93,A,False,-6.45e-05,7.71e-05,-2.73e-06
93,R,False,-8.73e-06,-8.56e-06,-1.73e-05
93,N,False,-1.3e-06,-1.25e-06,-2.57e-06
93,D,False,-0.000504,-0.00018,-0.000677
93,C,False,3.38e-08,-1.31e-08,2.16e-08
93,E,True,0.000197,0.000858,0.0011
93,Q,False,0.00018,0.000195,0.00036
93,G,False,0.000306,-0.000162,0.000124
93,H,False,-6.48e-07,-6.35e-07,-1.29e-06
93,I,False,-2.32e-07,-1.9e-07,-4.12e-07
93,L,False,-1.2e-06,-1.46e-06,-2.62e-06
93,K,False,-0.000474,-0.000401,-0.000883
93,M,False,-1.54e-07,-3.53e-09,-1.58e-07
93,F,False,-5.51e-08,-7.54e-08,-1.25e-07
93,P,False,-3.1e-07,-2.31e-07,-5.49e-07
93,S,False,-1.75e-05,-1.81e-05,-3.67e-05
93,T,False,-2.81e-07,-2.19e-07,-4.97e-07
93,W,False,-6.25e-07,-6.73e-07,-1.31e-06
93,Y,False,-1.33e-06,-1.61e-06,-2.9e-06
93,V,False,0.000376,9.08e-06,0.000378
93,*,False,1.51e-05,-0.000364,-0.000334
94,A,False,2.34e-07,-2.5e-07,-4.09e-08
94,R,False,-4.66e-07,-3.11e-07,-8.19e-07
94,N,False,5e-10,-7.36e-10,7.92e-10
94,D,False,-3.32e-08,-3.36e-08,-6.58e-08
94,C,False,-1.71e-06,-1.39e-06,-3.12e-06
94,E,False,-2.71e-07,-4.81e-07,-7.69e-07
94,Q,False,-1.21e-07,-2.62e-07,-3.99e-07
94,G,False,-3.53e-08,-2.49e-07,-3.06e-07
94,H,False,0.0,-3.69e-10,-7.6e-10
94,I,False,0.000466,0.000808,0.00123
94,L,True,-0.000801,-0.00106,-0.00169
94,K,False,2.45e-07,-2.74e-08,2.05e-07
94,M,False,3.4e-07,6.1e-07,8.96e-07
94,F,False,-0.000539,0.00108,0.000518
94,P,False,-3.85e-09,-2.69e-08,-7.33e-08
94,S,False,0.000297,-0.000213,3.32e-05
94,T,False,2.23e-07,1.98e-07,3.96e-07
94,W,False,-3.55e-07,-2.99e-07,-6.78e-07
94,Y,False,-2.98e-05,4.49e-05,1.29e-05
94,V,False,0.000975,-0.000198,0.000756
94,*,False,-0.000367,-0.000465,-0.000863
95,A,False,-0.000124,-0.00012,-0.000247
95,R,False,0.000269,0.000188,0.000432
95,N,False,-1.02e-06,-7.67e-07,-1.83e-06
95,D,False,-4.01e-07,-7.01e-07,-1.1e-06
95,C,False,2.53e-07,-6.61e-07,-4.6e-07
95,E,False,-4.82e-07,-6.08e-07,-1.07e-06
95,Q,False,-4.22e-07,-1.48e-06,-1.89e-06
95,G,False,-1.41e-06,-1.19e-06,-2.53e-06
95,H,False,0.000602,4.11e-05,0.000592
95,I,False,-2.26e-06,-2.46e-06,-4.7e-06
95,L,False,0.000368,0.000942,0.00124
95,K,False,-1.06e-07,-8.19e-08,-1.94e-07
95,M,False,-1.87e-07,-3.27e-07,-4.95e-07
95,F,False,-1.43e-06,-2.79e-06,-4.24e-06
95,P,True,-0.000719,-0.00104,-0.00158
95,S,False,-3.46e-05,-0.000169,-0.000217
95,T,False,-0.000352,0.000172,-0.000196
95,W,False,-6.87e-08,1.32e-08,-5.65e-08
95,Y,False,-2.14e-07,-5.45e-07,-7.7e-07
95,V,False,-1.85e-06,-2.12e-06,-4.04e-06
95,*,False,-2.65e-07,-2.08e-07,-4.81e-07
96,A,False,7.87e-08,-3.68e-07,-3.55e-07
96,R,False,6.48e-09,8.7e-07,7.97e-07
96,N,False,0.000492,0.000671,0.00111
96,D,False,0.000402,-0.000273,9.47e-05
96,C,False,0.000636,0.000342,0.000915
96,E,False,-7.33e-07,-4.27e-07,-1.19e-06
96,Q,False,-3.49e-06,-2.61e-06,-6.25e-06
96,G,False,1.3e-07,-3.4e-07,-2.31e-07
96,H,False,0.000109,0.00108,0.00113
96,I,False,-3.65e-06,1.82e-06,-2.12e-06
96,L,False,-1.02e-05,-4.55e-06,-1.52e-05
96,K,False,-3.18e-06,-5.09e-07,-3.81e-06
96,M,False,-3.82e-05,4.35e-05,2.94e-06
96,F,False,0.000127,0.0014,0.00146
96,P,False,-4.41e-07,4.65e-07,-8.14e-08
96,S,False,0.000173,0.000764,0.000819
96,T,False,1.08e-08,1.51e-06,1.37e-06
96,W,False,-1.76e-07,-3.19e-07,-5.36e-07
96,Y,True,-0.00159,-0.00373,-0.00491
96,V,False,-4.12e-07,5.85e-07,1.17e-07
96,*,False,-0.000289,-0.000285,-0.000597
97,A,False,0.000249,0.000468,0.000705
97,R,False,5.65e-05,-0.000213,-0.000164
97,N,False,-7.31e-07,-8.34e-07,-1.55e-06
97,D,False,-0.00046,-0.000178,-0.000624
97,C,False,-0.000381,-7.06e-05,-0.000451
97,E,False,-6.29e-07,3.29e-08,-5.76e-07
97,Q,False,-6.49e-11,0.0,-1.26e-10
97,G,True,0.00108,0.000808,0.00187
97,H,False,1.06e-08,-1.68e-07,-1.53e-07
97,I,False,-6.45e-07,-8.2e-07,-1.46e-06
97,L,False,-6.33e-07,-6.76e-07,-1.31e-06
97,K,False,-6.74e-08,-6.9e-08,-1.37e-07
97,M,False,-9.99e-08,-8.13e-08,-1.79e-07
97,F,False,-1.02e-06,-1.35e-06,-2.35e-06
97,P,False,-2.46e-08,-6.15e-09,-3.27e-08
97,S,False,-0.000149,-0.000534,-0.00066
97,T,False,2.19e-07,2.25e-07,4.39e-07
97,W,False,-7.32e-06,-7.18e-06,-1.43e-05
97,Y,False,-2.24e-05,-2.26e-05,-4.47e-05
97,V,False,-0.000363,-0.000246,-0.000611
97,*,False,-3.25e-07,-3.37e-07,-6.57e-07
98,A,False,-8.33e-06,0.000171,0.000163
98,R,False,-0.000207,-0.000212,-0.000425
98,N,False,8.5e-08,-5.94e-07,-4.99e-07
98,D,False,-0.000204,-2.84e-05,-0.0002
98,C,False,-0.000651,-0.000608,-0.00126
98,E,False,-6.5e-07,-4.01e-07,-1.01e-06
98,Q,False,-1.08e-07,-1.31e-07,-2.32e-07
98,G,True,0.00151,0.00172,0.00319
98,H,False,-1.33e-06,-1.46e-06,-2.8e-06
98,I,False,-6.43e-07,-9.57e-07,-1.59e-06
98,L,False,-3.62e-07,-5.31e-07,-8.81e-07
98,K,False,-1.23e-09,4.21e-08,3.99e-08
98,M,False,-3.41e-08,-3.41e-08,-6.84e-08
98,F,False,-1.02e-06,-1.33e-06,-2.32e-06
98,P,False,-1.62e-07,-3.21e-07,-4.85e-07
98,S,False,0.000169,-0.000419,-0.000242
98,T,False,-2.85e-07,-4.51e-07,-7.25e-07
98,W,False,-7.43e-06,-8.59e-06,-1.6e-05
98,Y,False,-1.54e-06,-1.76e-06,-3.28e-06
98,V,False,-0.000597,-0.000606,-0.0012
98,*,False,-4.44e-07,-1.3e-06,-1.73e-06
99,A,False,-4.96e-07,-1.96e-07,-6.93e-07
99,R,False,-0.000734,-0.000758,-0.0015
99,N,False,0.0,0.0,0.0
99,D,False,0.0,3e-09,5.45e-09
99,C,False,-0.00039,0.000425,3.48e-05
99,E,False,-2.92e-07,-3.43e-07,-6.27e-07
99,Q,False,-2.95e-07,-3.39e-07,-6.35e-07
99,G,False,-0.000146,-0.000149,-0.000298
99,H,False,0.0,0.0,0.0
99,I,False,0.0,-1.11e-11,9.23e-13
99,L,False,0.000648,-0.000212,0.000439
99,K,False,1.52e-08,-1.03e-07,-8.3e-08
99,M,False,-3.69e-07,-4.4e-07,-8.19e-07
99,F,False,-1.87e-05,4.5e-05,2.6e-05
99,P,False,-1.79e-07,-1.2e-07,-2.98e-07
99,S,False,-0.000254,5.94e-05,-0.000198
99,T,False,-1.26e-07,-2.15e-07,-3.41e-07
99,W,True,0.00155,0.00124,0.00277
99,Y,False,-6.01e-07,1.44e-07,-4.63e-07
99,V,False,-2.91e-07,-5.29e-07,-8.08e-07
99,*,False,-0.00065,-0.000648,-0.00127
100,A,False,7.45e-06,0.00022,0.000213
100,R,False,-1.18e-07,-4.48e-07,-6.18e-07
100,N,False,0.0,0.0,0.0
100,D,False,-3.65e-07,-5.6e-07,-9.5e-07
100,C,False,-2.05e-07,-1.66e-07,-3.74e-07
100,E,False,-0.000201,-8.58e-05,-0.000299
100,Q,False,-1.45e-07,-1.01e-07,-2.58e-07
100,G,False,0.000306,4.77e-05,0.000338
100,H,False,-3.63e-08,-3.45e-08,-7.39e-08
100,I,False,-4.44e-07,-1.54e-06,-2.03e-06
100,L,False,0.00013,0.000167,0.000249
100,K,False,-1.64e-07,-2.8e-07,-4.5e-07
100,M,False,0.000293,-0.000279,-1.66e-07
100,F,False,-4.28e-07,-1.7e-06,-2.19e-06
100,P,False,-2.4e-08,-9.17e-08,-1.25e-07
100,S,False,7.28e-08,1.28e-07,1.97e-07
100,T,False,4.19e-08,-1.16e-07,-7.22e-08
100,W,False,-3.15e-06,-3.72e-06,-6.96e-06
100,Y,False,-3.8e-08,-3.38e-08,-7.44e-08
100,V,True,-0.00053,-6.1e-05,-0.000486
100,*,False,-4.08e-07,-3.91e-07,-8.14e-07
101,A,True,0.000536,0.000178,0.000737
101,R,False,-7.78e-07,-5.1e-07,-1.3e-06
101,N,False,-7.13e-08,-1.62e-07,-2.36e-07
101,D,False,-4.05e-06,-5.18e-06,-9.29e-06
101,C,False,-1.35e-05,-1.01e-05,-2.75e-05
101,E,False,0.000177,-9.05e-05,7.02e-05
101,Q,False,-3.25e-06,-3.25e-06,-6.55e-06
101,G,False,-0.000208,0.000296,8.08e-05
101,H,False,-4.53e-06,-3.43e-06,-7.35e-06
101,I,False,-1.4e-08,-6.89e-08,-8.41e-08
101,L,False,-9.12e-07,-5.5e-07,-1.47e-06
101,K,False,1.25e-08,-7.54e-07,-7.49e-07
101,M,False,4.4e-08,0.0,4.36e-08
101,F,False,-4.38e-09,8.06e-08,7.35e-08
101,P,False,-0.000444,-0.000363,-0.000807
101,S,False,-0.000414,0.000331,-8.75e-05
101,T,False,0.000689,-0.000345,0.000355
101,W,False,-7.45e-07,-1.3e-07,-8.55e-07
101,Y,False,-3.21e-07,-3.47e-07,-6.78e-07
101,V,False,-0.000306,1.96e-05,-0.000289
101,*,False,-2.52e-06,-9.73e-07,-3.53e-06
102,A,False,0.00102,0.000638,0.0016
102,R,False,-8.49e-05,0.000428,0.000319
102,N,False,-4.8e-08,-6.78e-08,-1.19e-07
102,D,False,1.13e-08,5.72e-09,1.7e-08
102,C,False,-7.29e-08,-5.68e-08,-1.38e-07
102,E,False,-4.53e-07,-3.86e-07,-9.61e-07
102,Q,False,6.16e-05,0.000467,0.000471
102,G,False,-1.78e-06,-3.65e-07,-2.5e-06
102,H,False,-2.33e-06,-1.37e-06,-3.89e-06
102,I,False,-7.23e-07,-6.72e-07,-1.43e-06
102,L,False,0.000529,0.00034,0.000826
102,K,False,-1.05e-06,-1.24e-06,-2.38e-06
102,M,False,-1.48e-07,-4.76e-08,-1.97e-07
102,F,False,-5.08e-08,-7.02e-08,-1.29e-07
102,P,True,-0.00095,-0.00261,-0.00332
102,S,False,-0.000295,0.00101,0.000681
102,T,False,-0.000272,-0.000267,-0.000563
102,W,False,-1.26e-08,8.98e-08,7.46e-08
102,Y,False,-3.51e-07,-1.3e-07,-4.84e-07
102,V,False,2.53e-07,-2.06e-07,-5.27e-08
102,*,False,-2.7e-06,7.17e-07,-2.15e-06
103,A,False,-7.92e-07,-7.13e-07,-1.59e-06
103,R,False,-1.6e-06,5.54e-07,-1.17e-06
103,N,True,-0.00144,-0.00136,-0.00252
103,D,False,0.000326,0.000159,0.000463
103,C,False,-6.4e-07,-5.32e-07,-1.26e-06
103,E,False,-8.64e-07,-9.48e-07,-1.89e-06
103,Q,False,-2.13e-06,-3.26e-06,-5.48e-06
103,G,False,-8.9e-07,5.85e-07,-3.68e-07
103,H,False,-0.000252,-5.72e-05,-0.000327
103,I,False,0.0004,0.000452,0.00081
103,L,False,-2.43e-06,-4.28e-06,-6.89e-06
103,K,False,0.00015,0.000152,0.00026
103,M,False,3.15e-08,-1.92e-07,-2.03e-07
103,F,False,6.29e-07,-1.94e-06,-1.46e-06
103,P,False,-1.84e-06,-2.03e-06,-4.01e-06
103,S,False,3.9e-05,0.001,0.000998
103,T,False,-0.000102,-6.73e-05,-0.000211
103,W,False,-4.83e-07,-4.73e-07,-9.56e-07
103,Y,False,0.000893,-0.000267,0.00056
103,V,False,-3.12e-07,-1.18e-06,-1.59e-06
103,*,False,-5.83e-07,-1.43e-06,-2.1e-06
104,A,False,-1.28e-07,-3.66e-07,-5.46e-07
104,R,False,-3.44e-06,2.5e-06,-1.19e-06
104,N,False,0.000187,-0.000128,4.92e-05
104,D,False,2.68e-07,-3.89e-07,-1.51e-07
104,C,False,-5.98e-07,-4.02e-07,-1.02e-06
104,E,False,4.34e-08,3.9e-08,8.09e-08
104,Q,False,-4.48e-08,9.56e-08,5.1e-08
104,G,False,-5.23e-08,1.93e-07,8.88e-08
104,H,False,-8.18e-06,-9.07e-06,-1.74e-05
104,I,True,-0.000398,-0.00175,-0.00198
104,L,False,-0.00026,0.000788,0.000492
104,K,False,-5.07e-07,-9.28e-07,-1.49e-06
104,M,False,-9.95e-05,0.00127,0.00112
104,F,False,-0.000103,0.000138,1.78e-05
104,P,False,-2.01e-07,-2.34e-07,-4.65e-07
104,S,False,0.00013,-6.69e-05,4.37e-05
104,T,False,0.000113,-0.000214,-0.000119
104,W,False,-6.83e-08,-5.03e-08,-1.21e-07
104,Y,False,-5.41e-07,-6.1e-07,-1.17e-06
104,V,False,0.000443,-1.92e-05,0.000396
104,*,False,-1.85e-10,2.11e-08,2.1e-08
105,A,False,-7.57e-07,-2.93e-07,-1.1e-06
105,R,False,6.78e-08,1.67e-07,2.22e-07
105,N,False,9.23e-05,0.000142,0.000225
105,D,False,-0.000252,-0.000332,-0.000596
105,C,False,-8.4e-05,-6.11e-05,-0.000149
105,E,False,-8.76e-07,1.7e-06,7.44e-07
105,Q,False,-1.4e-08,1.12e-07,7.68e-08
105,G,False,-2.72e-07,-2.6e-07,-5.49e-07
105,H,False,0.000301,0.000501,0.000781
105,I,False,-9.31e-08,4.04e-08,-6.85e-08
105,L,False,-4.86e-06,-4.6e-06,-9.6e-06
105,K,False,-1.62e-07,9.31e-08,-1.29e-07
105,M,False,-3.46e-08,1.93e-08,-2.38e-08
105,F,False,0.000608,0.000376,0.000953
105,P,False,-6.78e-07,-2.84e-07,-9.92e-07
105,S,False,-0.000513,2.86e-05,-0.000523
105,T,False,-2.29e-07,1.79e-07,-7.1e-08
105,W,False,5.08e-08,-4.79e-09,3.84e-08
105,Y,True,-0.000133,-0.000266,-0.00027
105,V,False,-2.04e-07,-3.47e-08,-2.66e-07
105,*,False,-1.12e-05,-0.000384,-0.00041
106,A,False,-2e-05,-2.03e-05,-4.06e-05
106,R,False,-6.17e-08,-9.92e-08,-1.69e-07
106,N,False,6.41e-05,-8.95e-05,-4.43e-05
106,D,False,0.000241,-0.000315,-6.42e-05
106,C,False,-2.63e-05,-5.86e-05,-9.27e-05
106,E,False,-6.29e-07,-1.31e-06,-1.94e-06
106,Q,False,-6.79e-07,-1.15e-06,-1.85e-06
106,G,False,-1.13e-07,-2.61e-07,-3.76e-07
106,H,False,-4.74e-05,6.23e-05,7.14e-06
106,I,False,-7.91e-07,-3.66e-07,-1.19e-06
106,L,False,-5.96e-06,-4.93e-06,-1.1e-05
106,K,False,-8.38e-07,-1.59e-06,-2.47e-06
106,M,False,-3.49e-08,-3.42e-08,-7.03e-08
106,F,False,0.000126,0.000821,0.000939
106,P,False,-8.9e-06,-8.81e-06,-1.79e-05
106,S,False,0.000328,0.000365,0.000688
106,T,False,-3.05e-07,-4.09e-07,-7.36e-07
106,W,False,-6.06e-07,-3.05e-07,-9.28e-07
106,Y,True,0.000135,-0.000136,5.48e-05
106,V,False,-1.67e-07,1.03e-07,-5.58e-08
106,*,False,-0.00078,-0.00061,-0.00141
107,A,False,1.32e-07,-3.91e-07,-3.42e-07
107,R,False,-2.48e-07,-1.15e-07,-3.8e-07
107,N,False,0.0,-1.06e-09,-2.06e-09
107,D,False,-3.72e-08,-3.45e-08,-7.5e-08
107,C,False,8.7e-08,4.58e-08,8.75e-08
107,E,False,-8.52e-08,-1.18e-07,-2.2e-07
107,Q,False,-1.4e-07,-1.39e-07,-2.85e-07
107,G,False,-7.6e-08,1.32e-07,4.33e-08
107,H,False,2.21e-08,0.0,2.2e-08
107,I,False,8.77e-05,0.00039,0.00045
107,L,True,-0.00234,-0.0015,-0.00358
107,K,False,-1.23e-08,4.43e-09,-1.15e-08
107,M,False,2.67e-07,9.28e-07,1.15e-06
107,F,False,0.00161,0.000927,0.00239
107,P,False,-2.18e-07,-3.49e-07,-5.81e-07
107,S,False,0.000548,-3.5e-05,0.000494
107,T,False,6.71e-08,9.41e-09,6.36e-08
107,W,False,9.56e-09,-2.84e-08,-3.16e-08
107,Y,False,-2.07e-07,-6.34e-07,-8.84e-07
107,V,False,0.000214,0.000448,0.000616
107,*,False,-0.000125,-0.000232,-0.000365
108,A,False,-0.00026,-0.000263,-0.000513
108,R,False,-0.000316,-0.000221,-0.000529
108,N,False,-1.68e-05,-1.66e-05,-3.28e-05
108,D,False,-0.000893,-0.000763,-0.00164
108,C,False,-0.000387,-0.000396,-0.000781
108,E,False,-1.04e-06,-1e-06,-2.01e-06
108,Q,False,0.0,-3e-10,-4.05e-10
108,G,True,0.00298,0.0026,0.00551
108,H,False,-1.12e-05,-1.13e-05,-2.26e-05
108,I,False,-3.93e-07,-5.02e-07,-8.87e-07
108,L,False,-7.39e-08,-1.05e-07,-1.73e-07
108,K,False,0.0,0.0,0.0
108,M,False,0.0,0.0,0.0
108,F,False,-9.7e-07,-1.34e-06,-2.28e-06
108,P,False,-9.06e-08,-1.35e-07,-2.24e-07
108,S,False,-0.000783,-0.000702,-0.00146
108,T,False,-9.63e-08,-9.92e-08,-1.9e-07
108,W,False,-2.3e-07,-5.16e-07,-7.32e-07
108,Y,False,-4.01e-07,-4.48e-07,-8.36e-07
108,V,False,-0.000306,-0.000223,-0.000522
108,*,False,-2.47e-07,-1.9e-07,-4.36e-07
