site,amino_acid,WT_indicator,rep_0,rep_1,joint
84,A,False,-0.0012888306645608162,-0.0016250920744312071,-0.002617249781562586
84,R,False,-0.0011283632706906468,-0.0024971289530087183,-0.003096178094171136
84,N,True,0.02081306656276126,0.031361042617834935,0.042966816660661246
84,D,False,-0.0011220685527628517,-0.0010053853161236124,-0.0018359704794364234
84,C,False,-0.0011867267949884832,-0.0006799653310997567,-0.001634271429466926
84,E,False,-0.001452705791261667,-0.0013231158718724242,-0.002580698107970167
84,Q,False,-0.0011649009059148249,-0.0011478880810847601,-0.0020576546582978536
84,G,False,-0.0014734376228317375,-0.00029884712699381426,-0.0012717278728651114
84,H,False,0.002415330786943257,-0.0017560899152161298,0.001686108085134013
84,I,False,-0.0022846415353914512,-0.0022573769155353036,-0.004025960371632661
84,L,False,0.0008896000747797417,-0.0029735684092350467,-0.0013106199106405214
84,K,False,-0.0012109360548700438,-0.002101671854377885,-0.0026594742020870626
84,M,False,-0.0004797393362733558,-0.0004648175390842602,-0.0008951754277216143
84,F,False,-0.001232150509278462,-0.000955559077182262,-0.0019680482495495256
84,P,False,-0.0014896520661539085,-0.0014092601697767361,-0.0026563027223557556
84,S,False,-0.0024584781873492625,-0.003405004053647947,-0.004932687723108436
84,T,False,-0.003876620952744706,-0.0033534833396177176,-0.0063337734257005104
84,W,False,-0.00043499949023292586,-0.0009045584313060927,-0.0010919602925281238
84,Y,False,-0.0017162913242545577,0.0001595218651261821,-0.0011932181649292792
84,V,False,-0.0014150422947830663,-0.0012980566391966116,-0.0024697905446959714
84,*,False,0.001297587929858546,-0.00206369538417084,-2.216328707561392e-05
85,A,False,-0.00035338430144733524,-0.0006516732510616592,-0.0007522949071967163
85,R,False,-0.0022363981968358667,-0.0023332592520733026,-0.004194131016404345
85,N,False,-0.0010153165611259546,-0.001073853823029065,-0.0019381343994259764
85,D,False,-0.0007593160286617958,-0.0008705556000512532,-0.0014858368606829493
85,C,False,-0.0008120836526810443,-0.00022971076052332706,-0.0009082578498305094
85,E,False,0.0005223486384600522,-0.0008211520907212911,-0.00014885808630707908
85,Q,False,-0.0018265619310675661,-0.0015235989307768195,-0.003047827211757762
85,G,False,-0.0003408279148763826,-0.0007267591242488577,-0.0009585763345448439
85,H,True,0.020170824316247487,0.01760158449340618,0.033751732216305445
85,I,False,-0.000576734764571684,-0.0005841257163878728,-0.001079435734840755
85,L,False,-0.002704772399984033,-0.0022572115848395933,-0.004426128011941171
85,K,False,-0.0004188990789102788,-0.0004262027450789568,-0.0007734013765982963
85,M,False,-0.00011557514880516942,-0.0001166068067934914,-0.0002115499771771157
85,F,False,-0.0010387595012888381,-0.0010443882099718193,-0.001929160086704942
85,P,False,-0.003025056868558656,-0.0022970751346209,-0.00471602231899258
85,S,False,-0.0014506623304502543,-0.0010649241306282403,-0.0022907594726028473
85,T,False,-0.000932869842961976,0.0008557003834768835,0.00012853016921913433
85,W,False,-0.00029480759474623144,-0.0002910095721181676,-0.0005410062142040672
85,Y,False,-0.001453695634719493,-0.0015703515734888035,-0.0027964758401950503
85,V,False,-0.0005782283103778765,0.00011998114894305182,-0.00034473225315120463
85,*,False,-0.0007592228926369958,-0.0006948077194126355,-0.0013376744329662194
86,A,False,-0.001232999111117989,-0.000664800501021299,-0.001270832933768936
86,R,False,-0.0016102069835138278,-0.0003506762280539413,-0.001649372882792783
86,N,False,-0.00021950820888531325,0.0006486720862879696,0.000637487511240809
86,D,False,0.002891645020061385,0.00066471463906582,0.004198656970032797
86,C,False,-0.0008855413425738714,-0.0009515137504106133,-0.0016847920967572507
86,E,True,0.021917099137469233,0.019327977299562465,0.0351490428938778
86,Q,False,-0.0012365135847664773,-0.00016789952119988818,-0.0010928643672623393
86,G,False,-0.00337960146292432,-0.0021217997596902124,-0.004917774231530325
86,H,False,-0.0008893604336573669,-0.0008668218903860585,-0.0016462986551767072
86,I,False,-0.0016591673223366103,-0.0016289417997093394,-0.0030286410736466494
86,L,False,-0.0021381886240003155,-0.001517665112335223,-0.0032847837314524224
86,K,False,-0.0013579310947388456,-0.0014100851627428296,-0.0024304926286392733
86,M,False,-0.0002838343100704606,-0.00029079922194207155,-0.0005356289494825167
86,F,False,-0.0009385164378487017,-0.0008870334188145248,-0.0016827503846154309
86,P,False,-0.0015180528777923267,-0.0013870364071371822,-0.0026456138774553334
86,S,False,-0.00014115702903900822,-0.002012133421884358,-0.0017018451204938129
86,T,False,-0.0014298649142058966,-0.0013235472253528824,-0.0025223747701996952
86,W,False,-0.000674675880849843,-0.0006635567931984263,-0.0012299469660293097
86,Y,False,-0.00043542563584115726,-0.00045376634652495595,-0.0008397970138269621
86,V,False,-0.0028674398776779623,-0.002589983271920524,-0.004995226090927516
86,*,False,-0.0019107590256902457,-0.0013533041925919596,-0.0028261516010941222
87,A,True,0.0009430331664772949,-0.0008209515312238135,0.0003909195166689755
87,R,False,-4.7640843812383236e-06,-4.7495553185441815e-06,-8.369429341204642e-06
87,N,False,-9.041012618065787e-07,-8.866153184860876e-07,-1.5216257725176477e-06
87,D,False,-0.0005503839134456241,-0.0005633330240069473,-0.0011309177575592776
87,C,False,-1.1285008746559113e-06,-7.714879565900444e-07,-1.7791422164958813e-06
87,E,False,-3.904839396971598e-07,-2.875324890803073e-06,-2.9258680299060256e-06
87,Q,False,1.3700132522423827e-06,-4.979910883471913e-07,1.006023766524737e-06
87,G,False,-0.0002263888057771429,-1.3008581034894946e-05,-0.0002716570386290811
87,H,False,3.303840855608737e-07,-1.355598524471577e-06,-8.964419561564342e-07
87,I,False,-3.2156900756523375e-07,-3.784615820096888e-08,-1.8464531605898902e-07
87,L,False,4.154360771424287e-07,-1.4431716425847952e-06,-6.688056249674388e-07
87,K,False,-1.5794576716204503e-07,-1.6945357742969212e-07,-3.254403794087722e-07
87,M,False,0.0,0.0,0.0
87,F,False,4.86999409824478e-08,-1.3245446893077275e-07,7.075263641699706e-09
87,P,False,0.0010032760462702229,0.00029801907027636964,0.0012443957279296201
87,S,False,-0.00012812456692002042,0.0002321281706515165,3.427082570418346e-05
87,T,False,-0.00066808508178962,-0.00042855363459734627,-0.0011094366969588187
87,W,False,1.3147842968566942e-08,1.2079860627591675e-08,3.942666130805111e-08
87,Y,False,-2.849573025468286e-07,-1.0365814618064484e-06,-1.2246432620921984e-06
87,V,False,-0.0003678043953499835,0.0013098652054805322,0.0008592182854864793
87,*,False,2.51511870722578e-07,-2.2167499976689603e-07,5.0653565453555725e-08
88,A,False,-8.513380380935225e-05,-0.00023607803442235738,-0.0003430787998671568
88,R,False,-1.2581904699025313e-06,-1.4866720257775747e-06,-2.735803518766139e-06
88,N,False,-2.294889303641587e-08,1.1768190169627039e-08,-8.493679955194489e-09
88,D,False,2.198875924109809e-08,1.6316777681665666e-07,1.7372140227126405e-07
88,C,False,-1.2526074090826892e-06,-1.2186271358855953e-06,-2.383977261576307e-06
88,E,False,-2.3006400416880088e-06,-2.2141458312037115e-06,-4.3574023936161865e-06
88,Q,False,-1.4058764054361553e-05,-4.919748797968839e-06,-1.90198491526166e-05
88,G,False,-2.267191613052553e-07,-3.379612021885216e-08,-2.1480278085474663e-07
88,H,False,-1.1475319792018148e-05,0.0003275568215889441,0.0003119624214480833
88,I,False,1.9234750191226381e-07,-3.408515546825774e-07,-1.3668135390584495e-07
88,L,False,0.0023490039894212165,-0.0005498735371725848,0.0016951618222956083
88,K,False,-3.241322838753303e-08,-1.45488195491459e-06,-1.1467271163612092e-06
88,M,False,2.133374505897029e-09,0.0,4.713553212182236e-09
88,F,False,-1.658782716793703e-06,-4.524336147315659e-06,-5.974944541265327e-06
88,P,False,0.0023153102829463466,0.001407207851936829,0.0034094150792459295
88,S,True,-0.002410855075048073,0.0002953784017197219,-0.0015310337350235117
88,T,False,-0.00035316706400310006,9.32234164624172e-05,-0.00028348706484817416
88,W,False,-4.821539400551656e-07,-3.011767301785407e-07,-7.581252829125607e-07
88,Y,False,-2.5067804950901094e-06,6.501357071505435e-06,3.8418146204799055e-06
88,V,False,-1.701736629418053e-07,-7.412338454003865e-07,-9.303755198077188e-07
88,*,False,-0.0017799293052780843,-0.0013268557430079978,-0.0032252927902252067
89,A,False,-5.443806341108295e-07,1.9992775967555162e-07,-2.744364470912657e-07
89,R,False,-5.495331103962341e-07,5.759774822019508e-07,1.801566924525927e-08
89,N,True,0.0013139914489228184,-0.0016065794178127513,-1.2426388825258856e-05
89,D,False,0.00024232926836610652,-0.00024248686529426794,-3.242074834530406e-06
89,C,False,-6.9639885595717e-07,-1.0351349750010031e-07,-8.621099644703879e-07
89,E,False,-7.457284681385189e-07,-1.7527417823168677e-07,-8.242323748549666e-07
89,Q,False,-1.4230302180651602e-06,-1.6578750936726653e-06,-3.0004697412576036e-06
89,G,False,2.706638308620883e-07,2.536129753097494e-07,5.467656327020023e-07
89,H,False,-0.0008648456584243547,-0.0020636785780813968,-0.002905035118039285
89,I,False,-0.00041855862781828605,0.0005786843252244515,0.00011223213100007879
89,L,False,-5.445779616110812e-07,-9.649618440104197e-07,-1.4156005584844698e-06
89,K,False,-0.0003317173402600084,0.00044412955468238897,6.758119999300703e-05
89,M,False,-4.367257492440619e-07,3.9823108290467253e-07,-8.657739622732962e-09
89,F,False,-8.518536303812571e-07,-2.4378618597005767e-07,-1.1689896037646935e-06
89,P,False,-6.36814036829822e-07,-6.533788211768886e-07,-1.1635059800382224e-06
89,S,False,0.00041198058661594435,0.0003153995250052289,0.0006553261559599645
89,T,False,-0.0006039588559679906,0.0018503653999320123,0.0012086144622761768
89,W,False,-7.672472450673645e-08,-7.86750614818529e-08,-1.5158699573263088e-07
89,Y,False,0.000258370640427089,0.0007273673993282728,0.0008872840790249438
89,V,False,-3.8583715489756007e-07,-2.43335526783827e-07,-5.848081637459076e-07
89,*,False,-9.705211479846023e-07,-5.082920751761301e-07,-1.4448302878852993e-06
90,A,False,-7.89818949573299e-07,-6.686945183432775e-07,-1.4504626260874516e-06
90,R,False,-0.00088939299398705,-0.0005334073883989277,-0.0014613853577331425
90,N,False,0.0009482633554882316,-0.00047769672210289284,0.00045255141506881497
90,D,False,-0.0002996434072742,-0.00028867847267301033,-0.0005922139343861164
90,C,False,-3.175184989964138e-07,-8.892551085944995e-08,-4.1097835268948206e-07
90,E,False,-5.768425571148968e-07,-7.82374111049814e-08,-6.172010914275036e-07
90,Q,False,0.0008513235258887029,0.0002601581740411942,0.0010473549156647852
90,G,False,-4.5896082064445844e-07,-4.1150381890904707e-07,-9.044479226852349e-07
90,H,True,0.0013841536304290624,0.0015045376390576575,0.0030297864087270136
90,I,False,-1.3440334404218988e-05,-1.3678052469162268e-05,-2.6798270394642044e-05
90,L,False,-1.3985806319192423e-06,0.001735761951257916,0.0016801449168762775
90,K,False,-3.0226255665631095e-06,-3.876322990679918e-06,-6.952951198403806e-06
90,M,False,-1.9610453546525574e-07,-1.9564924381827199e-07,-3.9845624250801543e-07
90,F,False,-2.5922639469618136e-06,-1.2524654922195993e-06,-3.686448717377858e-06
90,P,False,-0.002069558787456724,-0.0017045868143042821,-0.0037240973310007893
90,S,False,-8.83581136576567e-06,-8.68235020488745e-06,-1.6624030040304275e-05
90,T,False,-6.347090227319035e-06,-7.115749926332413e-06,-1.3432070499940976e-05
90,W,False,0.0,0.0,0.0
90,Y,False,0.00011437370089967929,-0.0004580195081875379,-0.0003576333632831585
90,V,False,-9.163642249884512e-08,-8.812038069415066e-08,-1.5840106008503578e-07
90,*,False,-1.4514360606448232e-06,-1.9327867231048938e-06,-3.073951787497807e-06
91,A,False,-5.4981470018403735e-08,3.095338308514277e-07,2.34720106898764e-07
91,R,False,-8.235686686409694e-07,-7.059211099243603e-07,-1.5783203605229718e-06
91,N,False,0.0,0.0,0.0
91,D,False,0.0,0.0,0.0
91,C,False,-5.3107288486252876e-05,-5.567090356829085e-05,-0.00011276991316927613
91,E,False,-2.969809972027021e-07,-1.2390036504041482e-07,-4.331985175704431e-07
91,Q,False,-2.5042634840265086e-07,-3.208884490822226e-07,-5.88855004808552e-07
91,G,False,-4.576213111040175e-07,4.012227009581471e-07,-6.556025372799312e-08
91,H,False,-1.5059305516977406e-07,-1.565173367733209e-07,-2.943312697487844e-07
91,I,False,-9.816999147097784e-07,-1.9985688254830266e-06,-2.980004401276001e-06
91,L,True,-0.000744770209439818,2.1812407247237676e-05,-0.000472999748231818
91,K,False,-6.341147527980852e-08,-3.574597017616452e-07,-4.583004519498162e-07
91,M,False,8.825286865641143e-05,-0.00022140361901660057,-0.00018475112072251261
91,F,False,0.001144672179461976,-0.0009206545179954821,0.00015048760839336857
91,P,False,-1.887405441327855e-07,-9.64048882794473e-08,-3.0988077370874584e-07
91,S,False,0.00036725379131349954,0.0008249810717416713,0.001114392605675538
91,T,False,1.2438819846935082e-07,1.7668803572933034e-08,1.1414661767681961e-07
91,W,False,-0.00026660561342312463,-0.0002613220332162234,-0.0005414663786946648
91,Y,False,-6.084591116715407e-05,-5.6705282050969894e-05,-0.00010936455428914748
91,V,False,-0.00033672948484218216,0.0002852124879869101,-7.35003178110069e-05
91,*,False,-0.00013497669648716054,0.00038678162421271987,0.0002363314031582573
92,A,False,-3.178153996766918e-06,-3.1438997797139148e-06,-6.24731295016877e-06
92,R,False,0.00010164455490752643,0.0011962585381267558,0.0011506069346666767
92,N,False,-1.3143527025534854e-06,-2.0595194364582136e-06,-3.5494696963949023e-06
92,D,False,8.44954617307512e-07,-7.130298220453139e-07,4.958989492796998e-09
92,C,False,-7.858277298996267e-08,-2.8867474418991963e-08,-1.0571063017478237e-07
92,E,False,0.000986029334344556,0.0003159490647799407,0.0011481046738183467
92,Q,True,-0.004442650618293798,-0.0012460717276160597,-0.00459975421393606
92,G,False,4.840971229172278e-08,1.294048910147643e-07,9.062334589191029e-08
92,H,False,0.004131018488264407,-0.00020995788511845193,0.0035069081662370944
92,I,False,-1.701064717614839e-07,5.202584252346983e-08,-1.6562539440509417e-07
92,L,False,0.0011370354080723986,0.0004753123438498009,0.0014551820855430333
92,K,False,-0.0001802513595580497,0.0011618460383857113,0.0008754570953721188
92,M,False,-8.094235072536766e-08,2.1504745551335305e-08,-5.565005357697951e-08
92,F,False,-3.8321663078384976e-09,0.0,-4.982969949564042e-09
92,P,False,-0.0008577690156021828,-0.0008646098522748426,-0.0017519125227635187
92,S,False,-9.106683058070928e-06,-9.465216498647968e-06,-1.8866647953793222e-05
92,T,False,-5.1366469400941e-06,-5.391653585671787e-06,-1.0698304720779164e-05
92,W,False,0.0,-2.0832499346138043e-09,-4.20418997099081e-09
92,Y,False,1.7733509948713256e-06,-9.612951919416144e-07,5.120391744969598e-07
92,V,False,-7.8972295789875e-09,-9.463006655751016e-07,-1.0209798888907612e-06
92,*,False,-0.000858646309770478,-0.000806217589907545,-0.001744480951999461
93,A,False,-0.00017624749033916476,0.00016629437792378202,-6.488249256118422e-05
93,R,False,-2.0466784115283368e-05,-2.01859338233711e-05,-4.018534116993133e-05
93,N,False,-3.082148031194723e-06,-2.991184276413982e-06,-6.098435920786724e-06
93,D,False,-0.001183009829058296,-0.0004043118250207036,-0.0015512934169064586
93,C,False,8.205054247370449e-08,-3.105759336292013e-08,5.619950035606463e-08
93,E,True,0.0005536482894346418,0.0020634414637540986,0.0027457801509272934
93,Q,False,0.0003985310302937904,0.00044416620831903185,0.00078609117487644
93,G,False,0.0006769648712980598,-0.00040178238920916625,0.00020398834568179894
93,H,False,-1.5310677739145005e-06,-1.5130041565394204e-06,-3.056744208939859e-06
93,I,False,-5.340616641186093e-07,-4.315682227350181e-07,-9.207203518188099e-07
93,L,False,-2.772282012747662e-06,-3.350937624933438e-06,-5.87057678747593e-06
93,K,False,-0.0011291843955072542,-0.0009543917633319928,-0.0021040017076088178
93,M,False,-3.73322394739378e-07,3.542499211767083e-09,-3.6287507933221206e-07
93,F,False,-1.2494445065132125e-07,-1.6415824674588234e-07,-2.6395095441348067e-07
93,P,False,-7.37772330477717e-07,-5.543933041469899e-07,-1.314772185987026e-06
93,S,False,-4.242297347449033e-05,-4.5268404946959185e-05,-9.146149313865811e-05
93,T,False,-6.575260232639532e-07,-5.09679265256406e-07,-1.1479745980517432e-06
93,W,False,-1.476025025637904e-06,-1.6115149906799859e-06,-3.090795827685752e-06
93,Y,False,-3.0822608081830924e-06,-3.7326786893246545e-06,-6.574710355495053e-06
93,V,False,0.000869673538262301,1.4152237149030703e-05,0.0008557945647744281
93,*,False,6.68031031781218e-05,-0.0008472273369427784,-0.0007111844281052634
94,A,False,5.058253878190306e-07,-6.055924018278337e-07,-1.9483097291699444e-07
94,R,False,-1.1731229875496478e-06,-7.699822523788432e-07,-2.1039113849941673e-06
94,N,False,2.5858427749571664e-09,-3.5432392253987586e-09,4.418980071515135e-09
94,D,False,-7.623705544197912e-08,-7.798429314607776e-08,-1.4873387597600603e-07
94,C,False,-4.029924319669203e-06,-3.3480245060128035e-06,-7.391465362978545e-06
94,E,False,-6.547850657036429e-07,-1.1560259647286368e-06,-1.870976587217568e-06
94,Q,False,-2.9954924556425546e-07,-6.457369777836363e-07,-1.010534293034338e-06
94,G,False,-1.2354889692254766e-07,-6.146470633267688e-07,-8.10264505530503e-07
94,H,False,0.0,-1.752412327091676e-09,-3.3634961412081213e-09
94,I,False,0.001049429422715912,0.001833902973548886,0.0027113951598941597
94,L,True,-0.0016289261992331393,-0.0021813194150525745,-0.0031254172201310403
94,K,False,5.57704986629357e-07,-7.507109698415772e-08,4.34752199737983e-07
94,M,False,7.337547357516532e-07,1.3752400364512546e-06,1.9038692670412523e-06
94,F,False,-0.0012858723820742813,0.0024437854989184,0.001056500514472769
94,P,False,-7.533056958566864e-08,-1.2837880042700837e-07,-3.591657207301205e-07
94,S,False,0.0006112672915115115,-0.00056171781922894,-0.0001493923831296583
94,T,False,4.816331831884869e-07,4.3727744783045795e-07,8.276511294170968e-07
94,W,False,-8.703132097128159e-07,-7.350503841062717e-07,-1.6970174740772872e-06
94,Y,False,-7.215087664940975e-05,9.579397070087418e-05,1.7423523675469564e-05
94,V,False,0.0022352493191518715,-0.00047441032893699974,0.0016710505486001936
94,*,False,-0.0009039752682084391,-0.0011496856080416642,-0.002169140571284544
95,A,False,-0.0002997926340370532,-0.0002850512873713694,-0.0005968542210050535
95,R,False,0.0005956577137843033,0.00041222316843769454,0.0009066575813799321
95,N,False,-2.4562748645904666e-06,-1.8851125857275225e-06,-4.510140144138438e-06
95,D,False,-9.250553001129761e-07,-1.6588062575428857e-06,-2.5398671866058537e-06
95,C,False,5.384129056450935e-07,-1.6465800585821203e-06,-1.291440969079537e-06
95,E,False,-1.0804267446073147e-06,-1.4248489940480176e-06,-2.4121245335714297e-06
95,Q,False,-9.245590356742207e-07,-3.533489212875833e-06,-4.380055976422553e-06
95,G,False,-3.2002649646597587e-06,-2.7553516476389842e-06,-5.558861107437197e-06
95,H,False,0.0013279894751371353,4.6334366582750186e-05,0.0011604776686971487
95,I,False,-5.2879170950320124e-06,-5.728610413329297e-06,-1.0877123303155347e-05
95,L,False,0.0007900604854699451,0.00208627723762395,0.0025896154941058356
95,K,False,-2.6180648667447005e-07,-1.9611063296252466e-07,-4.799904193980922e-07
95,M,False,-4.1721349816739854e-07,-7.581084230689096e-07,-1.0837482740434548e-06
95,F,False,-3.297809418892614e-06,-6.689242574293937e-06,-1.0004038901785604e-05
95,P,True,-0.0014454860740244191,-0.0021701600724734825,-0.00288517136847954
95,S,False,-9.984216384233545e-05,-0.00041918244816971687,-0.0005728796324432676
95,T,False,-0.0008454857920880971,0.00036273805218864163,-0.0005457301513555868
95,W,False,-1.6406478051035758e-07,2.4523097628556795e-08,-1.4052307178534458e-07
95,Y,False,-5.138623718582167e-07,-1.323004675270931e-06,-1.8425212362727358e-06
95,V,False,-4.474661467707225e-06,-5.097923024692858e-06,-9.82857825351289e-06
95,*,False,-6.355072766250893e-07,-5.063514160232492e-07,-1.1663575222028672e-06
96,A,False,1.079749178636666e-07,-9.672844538578827e-07,-1.1258039378324698e-06
96,R,False,-7.827932104128928e-08,1.8520686976787322e-06,1.4679869373166867e-06
96,N,False,0.001096185517702764,0.0014763998769035027,0.0023294843233951654
96,D,False,0.0008904050306869349,-0.0006704910362044902,7.249471153118933e-05
96,C,False,0.0014017243427458667,0.0007323209719509634,0.0018701440545194385
96,E,False,-1.746092361757472e-06,-1.0926862106888515e-06,-2.932205077199936e-06
96,Q,False,-8.270420521567433e-06,-6.611141435124835e-06,-1.531289233674998e-05
96,G,False,2.636198925197293e-07,-8.051370829310751e-07,-6.103185130356107e-07
96,H,False,0.00021468394732112564,0.002362193132982374,0.0023455091775402923
96,I,False,-8.733409774665262e-06,3.230587390415832e-06,-6.4825504782574325e-06
96,L,False,-2.4245536728919673e-05,-1.2121634593121518e-05,-3.755876877149393e-05
96,K,False,-7.598902894930725e-06,-1.5784332576533377e-06,-9.582642419956425e-06
96,M,False,-9.136186239243261e-05,9.18763403445849e-05,-7.045892016666413e-06
96,F,False,0.00027429791924012505,0.0030887125291047413,0.003118014891482935
96,P,False,-1.1485930993521516e-06,8.587186290464085e-07,-6.961787296801372e-07
96,S,False,0.0002883325417067187,0.0015409776775951692,0.0013597944675693948
96,T,False,-1.1893721370895029e-07,3.1913780015050063e-06,2.48648779493614e-06
96,W,False,-4.6966007406792647e-07,-8.271829038745399e-07,-1.4370258380317911e-06
96,Y,True,-0.003312078612837946,-0.007900540438681209,-0.009505118305015733
96,V,False,-1.011377429123723e-06,1.1858023243392072e-06,-1.7138562125960087e-08
96,*,False,-0.0007091392095643986,-0.0007077641091014097,-0.0015114763790738958
97,A,False,0.0005764423197160409,0.00107933360710511,0.0016105276546756542
97,R,False,0.00012503075598780468,-0.0005135985840919718,-0.00041507753602236503
97,N,False,-1.7015587081032917e-06,-1.9169645797205175e-06,-3.5165653281512915e-06
97,D,False,-0.0010782444339869062,-0.00038732332125766047,-0.0013935218877369133
97,C,False,-0.0008871601595528683,-0.0001804774003653764,-0.0010528311562078567
97,E,False,-1.4250344985142976e-06,5.042268195480592e-08,-1.241350018252792e-06
97,Q,False,-2.7114783535542856e-10,0.0,-4.2783535370472975e-10
97,G,True,0.0025237959277589995,0.0018886552680263278,0.004287073289629143
97,H,False,3.117790418320482e-08,-3.9178633049116435e-07,-3.3515092418075773e-07
97,I,False,-1.5082601826377229e-06,-1.9153065879801657e-06,-3.3667126171884447e-06
97,L,False,-1.4755619584632764e-06,-1.6080799269318903e-06,-3.057739264011088e-06
97,K,False,-1.5729431732731089e-07,-1.654858612045485e-07,-3.225512327043853e-07
97,M,False,-2.3046522146745146e-07,-1.9271666740607596e-07,-4.134023096432752e-07
97,F,False,-2.319065042526714e-06,-3.1986843624441843e-06,-5.37300131326807e-06
97,P,False,-6.13096357621388e-08,-1.7232639713090324e-08,-8.573570981882519e-08
97,S,False,-0.0003279800581702101,-0.0012126178634164605,-0.0014332574216802225
97,T,False,5.165277119168404e-07,5.151926142831743e-07,1.0184138745427577e-06
97,W,False,-1.686608242008591e-05,-1.670909773997395e-05,-3.24042522969216e-05
97,Y,False,-5.203691402562627e-05,-5.3272972116823644e-05,-0.00010357949348359964
97,V,False,-0.0008538965800787558,-0.0005943573219764184,-0.0014487276939372633
97,*,False,-7.536601317989599e-07,-7.916725070524293e-07,-1.5072802615214155e-06
98,A,False,-5.141594892774895e-06,0.00039387776157908885,0.00040263362724505885
98,R,False,-0.0004967430784601318,-0.0005076027634547856,-0.0010225193150405964
98,N,False,2.2478356816773757e-07,-1.3807143355166573e-06,-1.0897510475564195e-06
98,D,False,-0.0004449497298258421,-1.2443884805063108e-05,-0.0002985148959422678
98,C,False,-0.0015144021343033683,-0.0014367485679181065,-0.002911977260714035
98,E,False,-1.477620830809792e-06,-8.983364306395799e-07,-2.146766465792468e-06
98,Q,False,-2.4150925971205217e-07,-2.9916028905990966e-07,-5.069460929944918e-07
98,G,True,0.0034810706277240517,0.0039985398417316685,0.0071916463681631375
98,H,False,-3.1421116140767394e-06,-3.4689578773337544e-06,-6.6116072275167735e-06
98,I,False,-1.4875554830809841e-06,-2.2383130825053403e-06,-3.6519790909352333e-06
98,L,False,-8.383791735965153e-07,-1.2157459426510234e-06,-1.96444718121399e-06
98,K,False,-5.8336835034599356e-09,9.994471790213894e-08,9.098024307393132e-08
98,M,False,-8.094667137499863e-08,-8.051174065533317e-08,-1.6181583261366904e-07
98,F,False,-2.32402890513446e-06,-3.105953783273054e-06,-5.264118770787915e-06
98,P,False,-3.812911201400074e-07,-7.587803440455079e-07,-1.1334286600499354e-06
98,S,False,0.00040735083668342605,-0.0009715427698962478,-0.0005154103848035476
98,T,False,-6.265972265306203e-07,-1.0691260644519397e-06,-1.6220015462528006e-06
98,W,False,-1.7312699429919147e-05,-2.02840074778646e-05,-3.7212381069854154e-05
98,Y,False,-3.524526872790069e-06,-4.1786563475562555e-06,-7.569966194053556e-06
98,V,False,-0.0013949878896015718,-0.00142212332101852,-0.0027730578265729657
98,*,False,-9.787206213417198e-07,-3.0779772203697747e-06,-3.9560833982671485e-06
99,A,False,-1.1599566628411078e-06,-4.800980738188053e-07,-1.6203707542885153e-06
99,R,False,-0.0017351601939622646,-0.0017985006796132578,-0.0035205076811573965
99,N,False,0.0,0.0,0.0
99,D,False,0.0,1.5242766813526916e-08,2.6159140669388983e-08
99,C,False,-0.0008955073925686035,0.000986740134454456,0.00011920766638752384
99,E,False,-6.742820636605186e-07,-8.021720277530486e-07,-1.42130688202802e-06
99,Q,False,-6.957589653477705e-07,-7.969930179736462e-07,-1.4930702441525864e-06
99,G,False,-0.000345457118587868,-0.0003573932974365661,-0.000708607877008676
99,H,False,0.0,0.0,0.0
99,I,False,0.0,-3.3217525461714635e-12,1.37653668593844e-10
99,L,False,0.0015248980561359665,-0.0004863138941251027,0.0010663011157383674
99,K,False,5.2674338391170477e-08,-2.4677254530078664e-07,-1.6547462558949224e-07
99,M,False,-8.842356119265798e-07,-1.0511717385465194e-06,-1.9633000574650948e-06
99,F,False,-4.427255008405079e-05,0.00010522094642174781,6.0589004940813064e-05
99,P,False,-4.1603749646952586e-07,-2.853858420241838e-07,-6.91064534924578e-07
99,S,False,-0.0006020728656192101,0.00013201683965505774,-0.0004766887523522545
99,T,False,-2.9460365548307414e-07,-5.023154550873551e-07,-7.862204509391903e-07
99,W,True,0.0035769143081303425,0.002940131415500966,0.006311766719631913
99,Y,False,-1.4303601590854966e-06,3.3178695480931457e-07,-1.0851451354958759e-06
99,V,False,-6.574874527812854e-07,-1.23632056497452e-06,-1.8035035073696448e-06
99,*,False,-0.001473182195715065,-0.0015168472619917059,-0.0028410570367823317
100,A,False,5.079925360517654e-06,0.0004885734430548112,0.0004355278981571572
100,R,False,-3.5287336485064584e-07,-1.1263523809181883e-06,-1.665270997863074e-06
100,N,False,0.0,0.0,0.0
100,D,False,-9.112731168571899e-07,-1.3398693179317994e-06,-2.340432130034642e-06
100,C,False,-4.858425316150784e-07,-4.000262281741741e-07,-8.936765009046564e-07
100,E,False,-0.0004974965991364721,-0.0002157799701183342,-0.0007591423978100638
100,Q,False,-3.6360983770141915e-07,-2.441007720045708e-07,-6.482055391479745e-07
100,G,False,0.0006872825098117879,9.986631524350077e-05,0.0007269081730683196
100,H,False,-9.148630994213938e-08,-8.296127856850316e-08,-1.8579063968581776e-07
100,I,False,-1.116680475205949e-06,-3.667348039602109e-06,-4.943150765869119e-06
100,L,False,0.0002274397805641275,0.0003278374186067048,0.00036999691217036115
100,K,False,-3.947575507646471e-07,-6.683241440664419e-07,-1.0808913043382413e-06
100,M,False,0.0006540102155520038,-0.000663716320856952,-6.414974039261233e-05
100,F,False,-1.1229086579620713e-06,-4.060726473479139e-06,-5.3783381131687894e-06
100,P,False,-8.141868517682865e-08,-2.187388094756188e-07,-3.386523694557961e-07
100,S,False,1.637490543944585e-07,3.0124252055407845e-07,4.543708079683794e-07
100,T,False,1.0067033356418999e-07,-2.640245554886174e-07,-1.4967910368041225e-07
100,W,False,-7.503698531849099e-06,-8.949888275731358e-06,-1.6718275174958583e-05
100,Y,False,-9.974238069101742e-08,-7.914985488178359e-08,-1.87587945721849e-07
100,V,True,-0.001063067707471252,-1.5037801117755628e-05,-0.0006730877326389493
100,*,False,-9.882526260824102e-07,-9.428172021982645e-07,-1.9775327773606814e-06
101,A,True,0.0012825538452076641,0.00046966946966498895,0.001810006087679331
101,R,False,-1.8431375741537258e-06,-1.188373112509182e-06,-3.0568228083870414e-06
101,N,False,-1.7055101937629827e-07,-3.8223564490585837e-07,-5.614447260738117e-07
101,D,False,-9.514100256900403e-06,-1.235505429097551e-05,-2.197766785864664e-05
101,C,False,-3.76501604630108e-05,-2.442279591132344e-05,-7.810483599910917e-05
101,E,False,0.0003996703848438149,-0.00024257106801068326,9.396943740507469e-05
101,Q,False,-7.729499877005904e-06,-7.740772125057647e-06,-1.5676636389051327e-05
101,G,False,-0.0004963120109428687,0.0006771717910627796,0.00015551673713838524
101,H,False,-1.0589645098800238e-05,-5.311437930662462e-06,-1.3622320552682865e-05
101,I,False,-1.1378494315710994e-08,-1.8837314264201802e-07,-1.8780351503223288e-07
101,L,False,-2.161852760248865e-06,-1.3260960945815503e-06,-3.496873716862761e-06
101,K,False,4.534296263190563e-08,-1.8109334603419317e-06,-1.7742815564370998e-06
101,M,False,1.0250709105820278e-07,0.0,1.0206839094477841e-07
101,F,False,-1.862377433492082e-08,1.961091578561283e-07,1.6959071550349822e-07
101,P,False,-0.0010471474539050798,-0.0008373794737315248,-0.001878549118372177
101,S,False,-0.0009671567695353706,0.0007458348382518366,-0.00023049614604160945
101,T,False,0.001625309624339542,-0.000787694019832223,0.0008914418256703359
101,W,False,-1.7422458368934881e-06,-2.969488017438483e-07,-1.9086881389842616e-06
101,Y,False,-7.65791976874418e-07,-8.26468801605452e-07,-1.624563473326442e-06
101,V,False,-0.0007188844533163381,3.296332502084276e-05,-0.000691769883311507
101,*,False,-5.984029613077568e-06,-2.3414822674551105e-06,-8.39866053953734e-06
102,A,False,0.0023386115365351084,0.0014006113993352066,0.003468801352940639
102,R,False,-0.00021808601950597711,0.0009355980003961188,0.0006197926853197821
102,N,False,-1.1953526173844013e-07,-1.6014952769214788e-07,-2.9340635705950634e-07
102,D,False,2.8098037628020386e-08,7.601534643338842e-09,3.566481881629358e-08
102,C,False,-1.8134868528726383e-07,-1.4652998488439237e-07,-3.5711237230153534e-07
102,E,False,-1.1297122007443395e-06,-1.227192688813572e-06,-2.8222323304062802e-06
102,Q,False,9.766977295197256e-05,0.0009534303127703246,0.0008140295306959598
102,G,False,-4.5758773214156915e-06,-1.6889267456335347e-06,-7.63223080115395e-06
102,H,False,-5.674119411527557e-06,-3.6611541442381805e-06,-1.005632293886509e-05
102,I,False,-1.7475258943026621e-06,-1.6543446577367961e-06,-3.539822104561724e-06
102,L,False,0.0011957570745222833,0.0007167100816368014,0.001736118317907846
102,K,False,-2.5756427196072434e-06,-3.123068786755002e-06,-6.000580692494095e-06
102,M,False,-3.517127286563113e-07,-1.2115110340947145e-07,-4.7518757903153595e-07
102,F,False,-1.3241001533437802e-07,-1.7160899142812174e-07,-3.351550378924897e-07
102,P,True,-0.0020166996423457853,-0.005566206507491926,-0.006560417653476282
102,S,False,-0.0007009653213349269,0.0022318369875093955,0.0013930597780450456
102,T,False,-0.0006729831451742034,-0.0006604760494127932,-0.0014324808302835356
102,W,False,-3.14432854649491e-08,2.0747658699451314e-07,1.6869983905389043e-07
102,Y,False,-8.2504659609424e-07,-3.1345811090239023e-07,-1.147942784365036e-06
102,V,False,4.740320296101582e-07,-6.193513903084626e-07,-5.461927935649113e-07
102,*,False,-6.462011595474796e-06,1.1676332670788835e-06,-5.901360015486424e-06
103,A,False,-1.994570999783285e-06,-1.793145705341353e-06,-4.148979977924825e-06
103,R,False,-3.906257374700665e-06,1.0706849805782062e-06,-3.290920472465599e-06
103,N,True,-0.002959834897221225,-0.0027986727408181623,-0.004663322858962891
103,D,False,0.0007344928269558143,0.00034306812159092394,0.000987192327919017
103,C,False,-1.5978948187319398e-06,-1.4255087061101418e-06,-3.353380574685353e-06
103,E,False,-2.133686451441939e-06,-2.326811835984926e-06,-4.742158247367817e-06
103,Q,False,-5.147685586058755e-06,-7.808386448398524e-06,-1.3236700916766681e-05
103,G,False,-2.145549622002051e-06,1.1503260795129785e-06,-1.2131264339316949e-06
103,H,False,-0.0006349494025086968,-0.00014065129144878835,-0.000839569927259419
103,I,False,0.0008787384783504144,0.001007823828985859,0.00171057933055938
103,L,False,-6.133505677044516e-06,-1.0145351985995696e-05,-1.6885863287768025e-05
103,K,False,0.00030231324544870006,0.00029992190245226453,0.00043447797650664736
103,M,False,1.230638200112707e-08,-4.936029523778462e-07,-6.469919275053222e-07
103,F,False,1.1981214690944049e-06,-4.729862691921587e-06,-4.1076665627205575e-06
103,P,False,-4.605715419414952e-06,-4.934301852614222e-06,-1.0051648228684412e-05
103,S,False,5.593000755363043e-05,0.0022508289508041067,0.002132865408543415
103,T,False,-0.0003054647506662717,-0.000227225406824965,-0.0006906449701340907
103,W,False,-1.1305474470256023e-06,-1.128356486778671e-06,-2.2523406551260565e-06
103,Y,False,0.001958709868931231,-0.0006961616991569307,0.0010017763259826153
103,V,False,-8.476732251480994e-07,-2.8735775340445644e-06,-4.0908226614714134e-06
103,*,False,-1.5027180732917449e-06,-3.4937704447755004e-06,-5.333013208123106e-06
104,A,False,-3.4356347261799406e-07,-1.0355204000760305e-06,-1.573699191496697e-06
104,R,False,-8.387848501442196e-06,5.375836492690704e-06,-3.8987198815972066e-06
104,N,False,0.0004281412365175798,-0.0003121815960958398,7.484683079212307e-05
104,D,False,5.987776925436126e-07,-9.536367474476932e-07,-4.7000787608882896e-07
104,C,False,-1.4303321420285632e-06,-9.770079371663196e-07,-2.477493527088426e-06
104,E,False,9.948763931170763e-08,8.539844491408727e-08,1.822731816900592e-07
104,Q,False,-1.0315915477841692e-07,2.154424332790486e-07,1.168898798634806e-07
104,G,False,-1.8127938693189648e-07,3.4057603268508967e-07,-3.176705539326308e-08
104,H,False,-1.9305031665244898e-05,-2.1694692943416947e-05,-4.137072752545323e-05
104,I,True,-0.0007790579684419059,-0.003711701801853992,-0.003775816955991619
104,L,False,-0.0006206936153872774,0.0017380406865272714,0.0009699359224092408
104,K,False,-1.2228748403274434e-06,-2.325150744176911e-06,-3.7458861526125575e-06
104,M,False,-0.000265703864601086,0.002821730217234782,0.0023733160022805333
104,F,False,-0.0002620456089297948,0.00029071692631678565,-4.395026436858212e-05
104,P,False,-5.022387892617245e-07,-6.224568060233704e-07,-1.2352262991472034e-06
104,S,False,0.00028140323841010985,-0.00018618446507828558,1.4749861315551265e-05
104,T,False,0.0002441738008710034,-0.0005340527955620296,-0.000363732417708967
104,W,False,-1.6213575065409884e-07,-1.274082895018072e-07,-2.9753463453207965e-07
104,Y,False,-1.2939557056043048e-06,-1.4987021278185395e-06,-2.8756881961636885e-06
104,V,False,0.0010060178221723576,-8.320009021692199e-05,0.0008082783932866901
104,*,False,-8.86534009380448e-10,5.0241320249914857e-08,5.021526295411188e-08
105,A,False,-1.8278893222330003e-06,-7.820797322576052e-07,-2.776524186838355e-06
105,R,False,1.3846951986739337e-07,3.8740608972988464e-07,4.7639581981394104e-07
105,N,False,0.00020569588102987583,0.00031849188616102375,0.0004853301771429282
105,D,False,-0.0006145138766908533,-0.0007968877268415289,-0.0014553742046452085
105,C,False,-0.0002007214957729843,-0.0001565138328359769,-0.00037139620315805756
105,E,False,-2.1232942860119282e-06,3.7797371028448536e-06,1.4066929911248564e-06
105,Q,False,-4.8873108831814066e-08,2.1506456605633948e-07,9.245296496609086e-08
105,G,False,-6.644265158793789e-07,-6.303212586480259e-07,-1.3598111540209286e-06
105,H,False,0.0006875433866700115,0.0011396865512855383,0.0017438975685864764
105,I,False,-2.3798731535791603e-07,5.713359478089802e-08,-2.282886196667228e-07
105,L,False,-1.1637353367075727e-05,-1.1173877755238052e-05,-2.32758545991072e-05
105,K,False,-4.623425810999123e-07,1.0704998296649765e-07,-5.729639672885518e-07
105,M,False,-8.351147989987535e-08,2.1632747881717654e-08,-9.527094392745884e-08
105,F,False,0.001373856107331068,0.0008420561775788295,0.002096160804980211
105,P,False,-1.6412113409620142e-06,-7.080723933582406e-07,-2.459443627208736e-06
105,S,False,-0.0012341467255624129,-5.729505711365346e-06,-0.0013653517335780133
105,T,False,-5.695282697221085e-07,3.928224998722455e-07,-2.4854013715657134e-07
105,W,False,1.1127763729669062e-07,-3.076658808319176e-08,5.306707214318108e-08
105,Y,True,-0.00014285094722390907,-0.00041418759324878625,-7.777305167205749e-05
105,V,False,-5.237020511818869e-07,-1.190889721534818e-07,-7.445304395946009e-07
105,*,False,-5.529195729967764e-05,-0.000918432596272176,-0.0010257607388295396
106,A,False,-4.766421100486502e-05,-4.842866209825884e-05,-9.768516916555533e-05
106,R,False,-1.5096847102515073e-07,-2.5545122862101807e-07,-4.3308304451475763e-07
106,N,False,0.0001238325865246956,-0.0002367964424147273,-0.00018776596508861775
106,D,False,0.0005906044602842121,-0.0007638537768924691,-0.00013088195159260076
106,C,False,-7.140916509470014e-05,-0.00015016843085053204,-0.0002514358372065173
106,E,False,-1.457149854538776e-06,-3.184529574608285e-06,-4.6186924762649135e-06
106,Q,False,-1.60601435236133e-06,-2.7479709245416295e-06,-4.452194371516509e-06
106,G,False,-2.592493698999006e-07,-6.408024831264892e-07,-9.070048453656328e-07
106,H,False,-0.00011900621308115793,0.00012980096291534605,-1.913745654792446e-05
106,I,False,-1.9024768831928606e-06,-9.231539411824271e-07,-2.9315130204742563e-06
106,L,False,-1.4139960516991027e-05,-1.1796082052034365e-05,-2.6170549068702846e-05
106,K,False,-2.010361407326552e-06,-3.818798761028409e-06,-5.918444695350436e-06
106,M,False,-8.434441184554552e-08,-8.139080545015103e-08,-1.6972481201526777e-07
106,F,False,0.0002722256726670257,0.0019482214385208685,0.0021787238331951427
106,P,False,-2.1313443465215447e-05,-2.095656684461358e-05,-4.301594898991528e-05
106,S,False,0.0007500596720960076,0.0009012094604110977,0.0016212907665225588
106,T,False,-7.560640035108451e-07,-9.815785521912062e-07,-1.8234616943791668e-06
106,W,False,-1.44167952141009e-06,-7.467996103751016e-07,-2.250782800511716e-06
106,Y,True,0.00040204444592645446,-0.00025356631431108285,0.0003742678391383488
106,V,False,-3.7699794633757245e-07,2.421121312939776e-07,-9.632136690177046e-08
106,*,False,-0.001855188538114007,-0.0014805272226337941,-0.0033945883380689435
107,A,False,1.887447701859071e-07,-1.0613166779928526e-06,-1.1905422177486386e-06
107,R,False,-6.049460613590432e-07,-3.0654328579355366e-07,-9.811268461142459e-07
107,N,False,0.0,-5.13033834101513e-09,-9.080939105418881e-09
107,D,False,-9.632307941968881e-08,-8.286044809764454e-08,-1.9314976237020927e-07
107,C,False,1.2591092016062624e-07,5.3002459549239573e-08,-7.123901361487626e-09
107,E,False,-2.428476843301052e-07,-2.8444115134996417e-07,-5.954686227429676e-07
107,Q,False,-3.403973405312669e-07,-3.376834586925946e-07,-7.028311755955078e-07
107,G,False,-1.8877074983940262e-07,2.860085760748422e-07,5.468947548403704e-08
107,H,False,5.175610808567857e-08,0.0,5.149315772496287e-08
107,I,False,0.00016992488534309878,0.0008746486982230099,0.0009240554853994355
107,L,True,-0.005035508131357065,-0.0032062064735367095,-0.007152497079994549
107,K,False,-3.0552683319930985e-08,1.1312419780894666e-09,-4.477609689678173e-08
107,M,False,5.779597948510518e-07,2.1268566990431577e-06,2.5300473548562643e-06
107,F,False,0.0034980938261380003,0.002011496515148251,0.00484880107660033
107,P,False,-5.422231385862224e-07,-8.35281297910673e-07,-1.4326765650911398e-06
107,S,False,0.001239687442107261,-9.787185513737043e-05,0.0010623687971715774
107,T,False,1.358604951508459e-07,-1.340653427382829e-09,8.509513160917446e-08
107,W,False,-8.777525881666244e-09,-7.354787299057416e-08,-1.3577243691113317e-07
107,Y,False,-5.607388379906372e-07,-1.5494803400309027e-06,-2.2877073950651546e-06
107,V,False,0.000445711764059978,0.0009719385035308,0.0012248143844916428
107,*,False,-0.00031637444127840625,-0.0005519347616799083,-0.0009026837328289474
108,A,False,-0.000592893949348331,-0.0006050817844902391,-0.0011501678928930678
108,R,False,-0.0007235874964948464,-0.0005137563808191712,-0.0011904029462337581
108,N,False,-3.89449712241287e-05,-3.7935763186891134e-05,-7.447955425934314e-05
108,D,False,-0.002074530589909413,-0.0017664137216355598,-0.0037311073752359213
108,C,False,-0.0009066767708326328,-0.0009304245937831654,-0.0018114365226024633
108,E,False,-2.3767667654622236e-06,-2.305940468441933e-06,-4.496778420600438e-06
108,Q,False,0.0,-1.3340480452026227e-09,-1.363644560939895e-09
108,G,True,0.0068821023357600285,0.006026417035640143,0.012517165605685
108,H,False,-2.6377046232147988e-05,-2.7192208701317113e-05,-5.365675109339283e-05
108,I,False,-9.094856077578968e-07,-1.166877774261498e-06,-2.031329826468478e-06
108,L,False,-1.5365760007881453e-07,-2.441307818413823e-07,-3.598876250301096e-07
108,K,False,0.0,0.0,0.0
108,M,False,0.0,0.0,0.0
108,F,False,-2.218493378890269e-06,-3.1377764670854425e-06,-5.18551679006996e-06
108,P,False,-2.114433441207594e-07,-3.1542067329899957e-07,-5.184130542540257e-07
108,S,False,-0.001806477864256241,-0.0016162280138074096,-0.0033054534334870924
108,T,False,-2.1024750153938294e-07,-2.2677451536929986e-07,-4.0726799686886724e-07
108,W,False,-4.978640826515414e-07,-1.207827634292559e-06,-1.616729148543032e-06
108,Y,False,-9.23596771146921e-07,-1.0388668204969975e-06,-1.895851520541258e-06
108,V,False,-0.0007045377941144188,-0.0005192890305751838,-0.0011829362022463693
108,*,False,-5.742982961689129e-07,-4.505894580472586e-07,-1.0117896065886934e-06
