site,amino_acid,WT_indicator,rep_1,rep_2,rep_3,rep_4,rep_5,rep_6,joint
1,A,False,0.00122,0.000208,3.58e-05,0.00028,0.000299,0.000541,0.00268
1,R,False,0.0,0.0,0.0,0.0,0.0,0.0,0.0
1,N,False,0.00213,0.000941,0.00112,0.00325,0.00372,0.00288,0.0123
1,D,False,0.0,0.0,0.0,0.0,0.0,0.0,0.0
1,C,False,0.0,0.0,0.0,0.0,0.0,0.0,0.0
1,E,False,0.0,0.0,0.0,0.0,0.0,0.0,0.0
1,Q,False,0.0,0.0,0.0,0.0,0.0,0.0,0.0
1,G,False,0.0,0.0,0.0,0.0,0.0,0.0,0.0
1,H,False,0.0,0.0,0.0,0.0,0.0,0.0,0.0
1,I,False,0.000257,0.000285,1.38e-05,0.000325,0.000219,0.000598,0.0015
1,L,False,0.0,0.0,0.0,0.0,0.0,0.0,0.0
1,K,False,0.0,0.0,0.0,0.0,0.0,0.0,0.0
1,M,False,0.0,0.0,0.0,0.0,0.0,0.0,0.0
1,F,False,0.0,0.0,0.0,0.0,0.0,0.0,0.0
1,P,False,0.00327,0.00283,0.0034,0.00602,0.00562,0.00864,0.0272
1,S,False,0.00244,0.00134,0.00175,0.00139,0.00159,0.00127,0.00921
1,T,True,-0.00932,-0.0056,-0.00632,-0.0113,-0.0115,-0.0139,-0.0529
1,W,False,0.0,0.0,0.0,0.0,0.0,0.0,0.0
1,Y,False,0.0,0.0,0.0,0.0,0.0,0.0,0.0
1,V,False,0.0,0.0,0.0,0.0,0.0,0.0,0.0
1,*,False,0.0,0.0,0.0,0.0,0.0,0.0,0.0
2,A,False,-0.0165,-0.0156,-0.00829,0.007,-0.0138,0.0295,0.0149
2,R,False,-0.00833,-0.0061,-0.00267,-0.00686,-0.00267,-0.00751,-0.0229
2,N,False,-0.00839,-0.00924,-0.00535,-0.0117,-0.00698,-0.0113,-0.0357
2,D,False,-0.0137,-0.0128,0.00208,-0.0145,-0.0106,-0.00715,-0.0234
2,C,False,-0.00805,-0.00682,-0.00634,-0.00678,-0.00916,-0.00756,-0.0336
2,E,True,0.118,0.161,0.114,0.143,0.11,0.0904,0.377
2,Q,False,-0.00237,-0.00244,-0.0023,-0.00163,-0.0029,-0.00287,-0.0102
2,G,False,-0.0148,-0.0196,-0.0117,-0.0217,-0.0179,-0.0248,-0.0672
2,H,False,-0.00473,-0.00306,-0.00399,-0.00529,-0.00366,-0.00547,-0.0199
2,I,False,-0.0152,-0.0153,-0.0119,-0.0121,-0.00852,-0.0135,-0.0551
2,L,False,-0.0113,-0.0141,-0.00291,-0.0115,-0.00277,-0.0107,-0.03
2,K,False,-0.000915,-0.00296,-0.00283,-0.00252,-0.00278,-0.00296,-0.0107
2,M,False,-0.00226,-0.00245,-0.00311,0.000282,0.000278,0.00349,0.00143
2,F,False,-0.0139,-0.0091,-0.0125,-0.0118,-0.00476,-0.0109,-0.0423
2,P,False,-0.00178,-0.00266,-0.00275,-0.00203,-0.000184,-0.00134,-0.00669
2,S,False,-0.0111,0.000892,-0.00533,-0.0107,-0.0109,-0.0107,-0.0322
2,T,False,-0.00781,-0.00744,-0.00489,-0.0053,-0.0082,-0.00407,-0.0221
2,W,False,0.0424,-0.00609,-0.00343,-0.00494,0.00787,-0.0055,0.0468
2,Y,False,-0.0106,-0.00618,-0.00658,-0.00785,0.00153,-0.00419,-0.0144
2,V,False,-0.0117,-0.0123,-0.00983,-0.0059,-0.0113,0.0143,-0.00445
2,*,False,0.00317,-0.00775,-0.009,-0.00708,-0.00245,-0.00712,-0.00863
3,A,False,-0.00503,-0.00307,0.008,-0.00313,-0.00055,-0.000334,0.00688
3,R,False,-0.0153,-0.00611,-0.00792,-0.0109,-0.0174,-0.00438,-0.0347
3,N,False,-0.00127,0.00206,-0.00688,-0.0104,-0.00275,-0.00754,-0.00884
3,D,False,-0.00024,-0.00204,0.00104,-0.00331,-0.000988,-0.00355,-0.00368
3,C,False,-0.00669,-0.0103,-0.00519,-0.000854,0.00104,-0.00418,-0.0121
3,E,False,-0.00178,-0.00172,-0.000981,-0.00172,-0.00202,-0.00159,-0.00769
3,Q,False,-0.00849,-0.00821,-0.0072,-0.00646,-0.0099,-0.000718,-0.0279
3,G,False,-0.0116,-0.00151,-0.00272,-0.00938,-0.012,-0.0112,-0.0265
3,H,False,0.0028,0.0138,-0.00483,-0.00261,-0.00527,-0.0039,0.0106
3,I,False,-0.0155,-0.00446,-0.00304,-0.0101,-0.00862,-0.0122,-0.0285
3,L,False,-0.0256,-0.0223,-0.0155,-0.0173,-0.0117,-0.0256,-0.0787
3,K,False,-0.0052,-0.00824,-0.00432,0.00956,-0.00721,-0.00656,-0.00949
3,M,False,0.00307,-0.00357,-0.00232,-0.00371,-0.00375,-0.0029,-0.0081
3,F,False,-0.0136,-0.0113,-0.00886,-0.00976,-0.0143,0.00029,-0.0368
3,P,False,0.00183,0.0153,0.000676,0.00159,0.00226,0.00197,0.0375
3,S,False,-0.0163,0.00613,-0.00281,0.00149,-0.0108,-0.00434,0.00821
3,T,True,0.136,0.0841,0.0931,0.115,0.134,0.116,0.336
3,W,False,-0.00451,-0.00391,-0.00362,-0.0045,-0.00419,-0.00466,-0.0208
3,Y,False,-0.0107,-0.00606,-0.00975,-0.00943,-0.00229,-0.00762,-0.0311
3,V,False,0.00537,-0.0123,-0.0107,-0.0107,-0.0108,-0.00581,-0.0233
3,*,False,-0.00708,-0.0163,-0.00616,-0.0135,-0.013,-0.0111,-0.0407
4,A,True,0.138,0.137,0.144,0.129,0.117,0.132,0.406
4,R,False,-0.0131,-0.0145,-0.0135,-0.0154,-0.0125,-0.0167,-0.062
4,N,False,-0.00973,-0.0121,-0.0105,-0.0116,-0.00808,-0.0117,-0.0461
4,D,False,-0.00287,-0.00352,-0.00303,-0.00538,0.015,-0.00582,0.00629
4,C,False,-0.00361,-0.00315,-0.00436,-0.00488,-0.00263,-0.00413,-0.0152
4,E,False,-0.00808,0.00495,-0.00804,0.00445,-0.0046,-0.0025,0.00659
4,Q,False,0.00546,-0.00252,-0.00246,-0.00215,0.00699,-0.00229,0.00896
4,G,False,0.00903,-0.0076,-0.0148,-0.00098,-0.0148,0.00143,0.0228
4,H,False,-0.00453,-0.00472,-0.00334,-0.00197,-0.00318,-0.00295,-0.0144
4,I,False,-0.00738,-0.0067,-0.0126,-0.00707,-0.0141,-0.0139,-0.0357
4,L,False,-0.0176,-0.0238,-0.0229,-0.0172,-0.0243,-0.00964,-0.0761
4,K,False,-0.00796,-0.0112,-0.00514,-0.00964,-0.00581,-0.00977,-0.034
4,M,False,-0.00665,-0.00525,-0.00339,-0.0036,-0.00656,-0.00486,-0.0216
4,F,False,-0.0142,-0.0103,-0.0136,-0.0137,-0.0161,-0.0131,-0.0538
4,P,False,-0.00204,0.000347,-0.00486,-0.00613,-0.00443,-0.00664,-0.0107
4,S,False,-0.0107,-0.0104,0.000516,-0.0115,-0.0154,-0.0155,-0.0333
4,T,False,-0.00718,-0.00411,0.0169,0.00315,-0.0067,-0.00665,0.0118
4,W,False,-0.00259,-0.00193,-0.00316,-0.000208,-0.00298,0.000914,-0.00516
4,Y,False,-0.00653,0.00405,-0.00948,-0.00749,-0.00772,-0.006,-0.0177
4,V,False,-0.0163,-0.0131,-0.0158,-0.00771,0.0117,0.0103,0.00221
4,*,False,-0.0117,-0.0114,-0.0102,-0.0103,-0.00114,-0.0124,-0.0389
5,A,False,-0.0046,-0.00478,-0.00472,-0.00416,-0.00519,-0.00158,-0.0175
5,R,False,-0.00901,-0.0093,0.00185,-0.00683,-0.00836,-0.0012,-0.0152
5,N,False,-0.00182,-0.0023,-0.00548,-0.00655,-0.0043,-0.00683,-0.0189
5,D,False,-0.0017,-0.00581,-0.00328,-0.00567,-0.00558,-0.00578,-0.0216
5,C,False,-0.00307,-0.00158,-0.00218,0.00136,0.00331,-0.00275,0.00608
5,E,False,-0.00769,-0.00257,0.00334,-0.00669,-0.0061,-0.00561,-0.0139
5,Q,False,-0.00426,-0.00428,-0.00452,-0.00283,-0.00218,2.17e-05,-0.0127
5,G,False,-0.0123,-0.00958,0.0141,-0.00384,0.00348,0.0136,0.0317
5,H,False,-0.00253,-0.00401,-0.00255,-0.00412,-0.00398,-0.00378,-0.0164
5,I,False,-0.0129,-0.000637,-0.0109,-0.0179,-0.0167,-0.0193,-0.0511
5,L,False,-0.0225,-0.024,-0.0205,-0.0165,-0.011,-0.015,-0.0682
5,K,False,-0.000486,-0.00674,-0.00604,0.00295,0.00628,-0.00725,0.00247
5,M,False,-0.00136,-0.00386,-0.00538,-0.00307,-0.00193,0.00289,-0.00444
5,F,False,-0.00806,-0.0052,-0.00924,0.0117,-0.0109,0.0131,0.00975
5,P,False,-0.00371,-0.00375,-0.00432,-0.00451,-0.00334,-0.00445,-0.0177
5,S,False,-0.0125,-0.0128,-0.0139,-0.01,-0.0105,-0.0109,-0.0497
5,T,False,-0.00369,-0.00499,-0.00636,-0.00718,-0.00794,-0.0052,-0.0243
5,W,True,0.13,0.126,0.0964,0.112,0.098,0.0908,0.341
5,Y,False,-0.00932,-0.00393,0.00221,-0.00358,0.00178,-0.00115,0.00208
5,V,False,-0.00723,-0.0205,-0.0147,-0.0209,-0.0185,-0.0225,-0.0706
5,*,False,-0.00171,0.00464,-0.00388,-0.0038,0.00353,-0.00705,0.0092
6,A,False,-0.00181,-0.0041,-0.00351,0.000494,-0.000575,0.0092,0.00605
6,R,False,-0.013,0.000923,-0.00348,-0.0112,-0.00653,-0.0063,-0.0197
6,N,False,-0.00402,-0.00364,0.00343,-0.00169,-0.00302,-0.00127,-0.00239
6,D,False,-0.00693,-0.00331,-0.0028,0.00335,-0.00553,-0.0074,-0.0133
6,C,False,-0.00115,0.00829,0.00487,0.000829,0.00335,0.012,0.0428
6,E,False,-0.00396,0.00419,-0.000205,-0.00383,-0.00341,-0.00369,-0.00458
6,Q,False,-0.00418,-0.00507,0.00101,-0.0029,-0.00458,-0.0028,-0.0133
6,G,False,-0.00959,0.0105,0.00442,-0.0117,-0.0113,-0.00932,-0.0108
6,H,False,-0.00451,0.00311,0.00275,-0.00323,-0.00318,-0.000992,0.000529
6,I,True,0.116,0.0936,0.0672,0.0849,0.116,0.0876,0.281
6,L,False,-0.0142,-0.022,-0.0088,-0.0132,-0.0116,-0.0161,-0.0497
6,K,False,-0.0108,-0.00924,-0.00626,-0.00275,-0.00809,-0.00391,-0.0264
6,M,False,-0.00216,-0.000158,-0.00238,-0.00258,-0.000936,-0.00271,-0.00819
6,F,False,0.0221,-0.0109,-0.0163,-0.0137,-0.0156,-0.0143,-0.0214
6,P,False,-0.00524,-0.00541,-0.00384,-0.00519,-0.00374,-0.0052,-0.0237
6,S,False,-0.00343,-0.0146,-0.0104,0.00479,0.00264,-0.00612,-0.000701
6,T,False,-0.00857,-0.00874,0.00984,-0.0085,-0.00845,-0.00791,-0.0208
6,W,False,-0.0034,-0.00247,-0.00288,-0.00341,-0.00237,-0.00315,-0.0148
6,Y,False,-0.00965,-0.00793,-0.00742,-0.00835,-0.001,-0.00604,-0.0278
6,V,False,-0.0161,-0.0195,-0.0136,0.00566,-0.0223,-0.00376,-0.0362
6,*,False,-0.0151,-0.00365,-0.0116,-0.00784,-0.0102,-0.0079,-0.0362
7,A,False,-0.00568,0.0131,-0.00704,-0.00188,-0.00619,-0.0091,-0.00963
7,R,False,-0.00849,-0.0191,-0.0173,-0.0204,-0.0153,-0.019,-0.0858
7,N,False,-0.00618,-0.00566,-0.00649,-0.00657,-0.00569,-0.00642,-0.0345
7,D,False,-0.00363,-0.00192,-0.0016,-0.00351,-0.00348,-0.00364,-0.0164
7,C,False,0.0186,0.00797,0.0136,0.0172,0.00456,0.0263,0.0933
7,E,False,-0.0055,-0.00835,0.00274,-0.00739,0.000432,-0.00706,-0.021
7,Q,False,-0.00547,-0.00396,-0.00422,-0.00414,-0.00485,-0.00525,-0.0255
7,G,False,-0.00522,-0.0106,-0.00909,-0.00826,-0.00487,-0.00715,-0.04
7,H,False,4.35e-05,-0.00696,0.00137,-0.0057,-0.00467,-0.00617,-0.019
7,I,False,-0.0109,-0.00447,-0.0112,0.00964,-0.0036,-0.00305,-0.0138
7,L,False,0.00282,0.0226,0.0161,0.0182,0.00962,0.058,0.132
7,K,False,-0.0124,-0.00577,-0.0106,-0.0108,-0.0118,-0.00723,-0.0512
7,M,False,-4.93e-05,-0.00307,0.00455,-0.00894,-0.00279,-0.00826,-0.0128
7,F,False,-0.00385,-0.00513,-0.00674,0.0395,-0.00278,0.0227,0.0522
7,P,False,-0.00432,-0.00491,-0.00457,-0.00415,-0.00289,-0.00402,-0.022
7,S,True,0.0843,0.0399,0.0682,0.0203,0.0112,-0.0147,0.0888
7,T,False,-0.0119,-0.00719,-0.0105,-0.00666,-0.0107,0.00253,-0.0369
7,W,False,-0.00245,0.02,-0.00312,-0.00328,0.0267,-0.00293,0.0394
7,Y,False,-0.00424,-0.00138,-0.00195,-0.00582,-0.00512,-0.00556,-0.0213
7,V,False,-0.0102,-0.0111,-0.00666,-0.00309,0.0169,0.00592,0.00378
7,*,False,-0.00533,-0.00402,-0.00538,-0.00418,0.0154,-0.00601,0.000363
8,A,False,-0.0084,-0.00812,-0.00493,-0.00869,-0.00724,-0.00942,-0.0358
8,R,False,-0.0158,-0.00588,-0.0104,-0.00591,-0.0144,-0.0148,-0.0466
8,N,False,-0.00651,-0.00899,-0.00846,-0.00828,-0.00879,-0.00685,-0.0375
8,D,False,-0.00351,-0.00297,-0.00286,-0.00359,-0.00335,-0.00362,-0.0167
8,C,False,-0.00176,0.0044,-0.00322,-0.00551,-0.00649,-0.00736,-0.0101
8,E,False,-0.00783,-0.00536,0.0404,-0.0051,-0.00626,-0.00869,0.023
8,Q,False,0.000507,-0.00874,-0.00291,-0.00739,0.00899,-0.00335,0.00259
8,G,False,-0.0238,-0.0173,-0.0146,-0.0108,-0.00852,-0.017,-0.0583
8,H,False,-0.00447,-0.0077,-0.00985,-0.00681,-0.00924,-0.00519,-0.0329
8,I,False,0.00493,-0.0106,-0.0078,-0.000286,-0.0103,-0.00827,-0.0177
8,L,True,0.0783,0.136,0.0586,0.101,0.0902,0.117,0.302
8,K,False,0.012,-0.00578,-0.00696,-0.00634,-0.000306,-0.0113,-0.00125
8,M,False,-0.00144,-0.00229,-0.000858,0.00157,-0.00195,0.00213,0.00124
8,F,False,-0.0102,-0.00962,-0.00779,-0.0118,0.0127,-0.0111,-0.0203
8,P,False,-0.000939,-0.00262,-0.000231,-0.00635,-0.00662,-0.00587,-0.0144
8,S,False,-0.0113,-0.0155,-0.0113,-0.00886,-0.0101,0.00553,-0.0243
8,T,False,-0.00398,-0.00315,-0.00441,-0.000224,-0.00412,-0.00311,-0.0141
8,W,False,-0.00639,-0.00522,-0.00599,-0.00176,-0.00448,-0.00443,-0.0213
8,Y,False,-0.00649,-0.0081,-0.0086,-0.00647,-0.0109,-0.000282,-0.027
8,V,False,-0.00395,-0.00938,0.000728,-0.00772,0.00372,-0.00901,-0.00776
8,*,False,0.0211,-0.00309,0.0115,0.00982,-0.0026,0.00536,0.0568
9,A,False,-0.0113,-0.00575,-0.00889,-0.00946,-0.00219,-0.011,-0.0341
9,R,False,-0.0194,-0.0133,-0.0144,-0.0128,-0.0111,-0.00932,-0.0543
9,N,False,-0.00401,-0.00563,-0.00547,-0.0053,0.000314,-0.005,-0.0195
9,D,False,-0.00314,-0.00381,-0.00185,-0.00234,-0.00521,-0.00338,-0.0119
9,C,False,-0.0059,-0.0111,-0.0111,-0.011,-0.0117,-0.00994,-0.0483
9,E,False,0.015,-0.000566,-0.00447,-0.00274,-0.00562,-0.00322,0.00796
9,Q,False,-0.00402,-0.0033,0.00143,-0.00393,-0.000315,-0.00365,-0.00833
9,G,False,-0.0185,-0.0153,-0.0101,-0.0108,-0.024,-0.0247,-0.0647
9,H,False,-0.00363,-0.00373,-0.00247,-0.00302,0.00405,-0.00159,-0.00542
9,I,False,-0.0108,-0.00647,0.0081,-0.00407,-0.00988,0.00414,-0.00233
9,L,False,-0.0215,-0.000566,0.112,0.016,-0.0103,-0.016,0.12
9,K,False,-0.00457,-0.00595,-0.00263,0.000789,-0.00578,0.0157,0.00651
9,M,False,-0.00387,-0.00327,-0.00351,-0.00307,-0.000357,-0.00304,-0.012
9,F,False,-0.0124,0.00602,-0.00609,-0.00945,-0.0111,-0.0119,-0.0295
9,P,False,-0.00482,-0.00327,-0.00619,-0.0031,-0.00591,-0.0057,-0.0206
9,S,False,-0.0142,-0.0161,-0.0187,-0.0176,0.00722,-0.0125,-0.0449
9,T,False,-0.00179,-0.00756,-0.00653,-0.00891,-0.00844,-0.00806,-0.0312
9,W,False,-0.004,-0.00748,0.0021,-0.00209,-0.00472,-0.0023,-0.0087
9,Y,False,-0.00577,-0.000993,-0.00537,-0.00628,-0.00759,-0.00339,-0.02
9,V,True,0.146,0.115,-0.00506,0.104,0.12,0.108,0.295
9,*,False,-0.0078,-0.00699,-0.0104,-0.00496,-0.00741,0.00736,-0.0143
10,A,False,-0.00863,0.00266,-0.0081,-0.00622,0.00317,-0.00151,0.00163
10,R,False,-0.0116,-0.00912,0.00313,-0.00603,-0.00819,-0.00955,-0.0191
10,N,False,0.00163,-0.00271,0.0444,-0.00392,0.00323,-0.0035,0.0543
10,D,False,-0.00861,-0.00629,-0.00628,-0.00494,-0.00888,-0.000991,-0.0248
10,C,False,-0.00882,-0.00878,-0.00955,-0.00758,-0.00815,-0.00483,-0.0371
10,E,False,-0.0087,-0.00654,-0.00423,-0.00859,-0.00898,-0.00871,-0.0333
10,Q,False,0.00182,-0.00478,-0.00318,-0.00467,-0.00433,-0.00507,-0.0141
10,G,False,-0.0117,-0.0154,0.0132,-0.0142,-0.0126,-0.011,-0.0251
10,H,False,-0.00708,-0.00714,-0.00658,-0.00589,-0.00645,-0.00529,-0.0289
10,I,False,-0.00513,-0.0103,-0.0134,-0.00569,-0.00576,-0.00515,-0.0231
10,L,False,-0.0212,-0.0222,-0.0227,-0.0243,-0.0198,-0.0197,-0.0887
10,K,False,-0.00986,-0.00588,0.00069,-0.00303,-0.00385,0.00772,0.00201
10,M,False,-0.00483,-0.00452,0.000983,-0.00324,-0.00337,-0.000322,-0.00823
10,F,False,-0.0102,-0.00947,-0.00331,-0.0117,-0.00954,-0.0121,-0.0392
10,P,False,-0.00594,-0.00306,0.00153,0.00375,-0.00207,0.0139,0.0244
10,S,False,0.0063,0.0327,-0.00581,-0.00982,-0.00152,-0.00357,0.0548
10,T,True,0.135,0.122,0.0585,0.149,0.13,0.108,0.348
10,W,False,-0.000682,-0.00333,-0.0044,-0.00341,-0.00402,-0.0036,-0.0146
10,Y,False,-0.00776,-0.00755,-0.00592,-0.00597,-0.00842,-0.00723,-0.032
10,V,False,-0.0164,-0.0178,-0.016,-0.0147,-0.0195,-0.0151,-0.0705
10,*,False,0.00254,-0.0125,-0.013,-0.00883,-0.000904,-0.0127,-0.0268
11,A,True,0.109,0.085,0.107,0.101,0.118,0.138,0.354
11,R,False,-0.0175,-0.0155,-0.0158,0.0199,-0.0137,-0.0194,-0.0295
11,N,False,-0.00677,0.00256,-0.00721,-0.00759,-0.00597,-0.00502,-0.017
11,D,False,-0.00236,-0.00163,0.00392,0.00151,-0.000343,-0.00243,0.0114
11,C,False,-0.00575,-0.00859,-0.00871,-0.00892,-0.00738,-0.00783,-0.0351
11,E,False,-0.0091,-0.0159,-5.56e-05,-0.00813,-0.0138,-0.00985,-0.0304
11,Q,False,-0.00116,-0.000997,-0.00099,-0.00114,-0.00113,-0.00112,-0.00538
11,G,False,-0.0149,-0.0194,-0.0182,-0.0187,-0.0195,-0.0144,-0.07
11,H,False,-0.00457,-0.00267,-0.00308,-0.00376,-0.00229,-0.00465,-0.0148
11,I,False,-0.00765,0.00278,0.00131,-0.00653,0.00199,-0.00771,-0.00361
11,L,False,-0.0212,-0.0195,-0.0148,-0.0115,-0.0189,-0.0154,-0.0608
11,K,False,-0.0075,0.00141,-0.00301,-0.008,-0.00681,-0.00874,-0.0209
11,M,False,0.00107,-0.00021,0.000853,-0.00378,-0.00381,-0.00335,-0.00334
11,F,False,-0.00516,0.00944,-0.00463,-0.00497,-0.00315,-0.00489,-0.00567
11,P,False,-0.00102,-0.00093,-0.00211,-0.00199,-0.00159,-0.00197,-0.00617
11,S,False,-0.00548,-5.32e-06,-0.00634,-0.00547,-0.00484,-0.0029,-0.00988
11,T,False,0.000271,-0.00284,-0.00302,-0.00248,-0.00294,-0.000895,-0.00561
11,W,False,-0.0072,-0.00496,-0.00606,-0.00336,-0.00331,-0.00655,-0.0222
11,Y,False,-0.00256,-0.00399,-0.00265,-0.00496,-0.000416,-0.00459,-0.0127
11,V,False,0.0185,-0.0034,-0.0121,-0.013,-0.00388,-0.0123,0.00642
11,*,False,-0.00913,-0.000652,-0.00467,-0.00806,-0.00583,-0.00446,-0.0183
12,A,False,-0.00772,-0.00538,-0.00688,-0.00712,0.00472,-0.00788,-0.0245
12,R,False,-0.0125,-0.0098,-0.00575,-0.0116,-0.018,-0.013,-0.0496
12,N,False,-0.00767,-0.00273,-0.00705,-0.00538,-0.00544,-0.00495,-0.0275
12,D,False,-0.00445,-0.00394,-0.00418,-0.00525,-0.00544,-0.00467,-0.0247
12,C,False,-0.0059,-0.00763,-0.00647,-0.00738,0.00474,-0.00752,-0.0247
12,E,False,0.00335,-0.00563,-0.00406,-0.000907,-0.00208,0.00719,0.0063
12,Q,False,-0.00408,-0.00674,-0.0024,-0.00381,0.000406,-0.00527,-0.0158
12,G,False,-0.0271,-0.0189,-0.00672,-0.0238,-0.0301,-0.0202,-0.093
12,H,False,-0.00501,-0.00411,-0.00443,-0.00271,-0.00443,-0.00466,-0.0223
12,I,False,-0.00569,-0.00571,-0.0119,0.00167,-0.00978,-0.0105,-0.0292
12,L,True,0.0765,0.0787,0.0832,0.0715,0.0459,0.0225,0.173
12,K,False,-0.00437,-0.00718,0.00187,-0.00168,-0.00488,-0.00327,-0.0127
12,M,False,-0.00374,0.0049,-0.0044,-0.00232,0.0367,0.00314,0.0423
12,F,False,-0.00136,-0.00231,-0.00387,-0.00737,-0.00925,-0.00827,-0.0241
12,P,False,0.003,-0.00285,-0.00361,0.00724,-0.00616,-0.00523,-0.00114
12,S,False,0.00422,-0.00983,-0.0159,-0.0123,-0.0185,-0.00403,-0.039
12,T,False,0.00759,-0.00873,-0.00713,-0.00742,-0.00522,-0.00805,-0.0196
12,W,False,0.0152,0.0212,0.0279,0.0192,0.0497,0.0193,0.16
12,Y,False,-0.0036,-0.00706,-0.00653,-0.00727,-0.00515,-0.00767,-0.0325
12,V,False,-0.0112,-0.0127,-0.0102,-0.0074,-0.0089,0.0102,-0.022
12,*,False,-0.0055,0.0163,-0.00149,0.0141,-0.0088,0.0529,0.0816
13,A,False,-0.00835,-0.0109,-0.00915,-0.00651,-0.00484,0.00385,-0.019
13,R,False,0.0359,-0.0114,-0.00325,-0.00889,-0.0147,-0.0108,0.0143
13,N,False,-0.00426,-0.00466,0.00196,-0.00265,-0.00259,-0.0047,-0.0092
13,D,False,-0.00424,-0.00525,0.00318,-0.0046,-0.000673,-0.00364,-0.00576
13,C,False,-0.000215,0.0253,0.0363,0.0355,0.00729,0.00494,0.0956
13,E,False,-0.00681,-0.00803,-0.00718,0.00111,-0.00466,-0.00209,-0.0177
13,Q,False,-0.00551,0.00306,-0.00355,-0.00173,-0.00382,0.00649,0.0067
13,G,False,-0.021,0.00478,-0.0235,-0.0208,-0.00558,-0.016,-0.0475
13,H,True,0.102,0.0802,0.087,0.0967,0.111,0.0679,0.284
13,I,False,-0.00956,-0.00868,-0.0109,-0.00907,-0.00726,-0.00785,-0.0426
13,L,False,-0.0137,-0.0148,-0.0132,-0.0175,-0.0158,-0.018,-0.0723
13,K,False,-0.00489,-0.00761,-0.00773,-0.0036,-0.00829,0.00365,-0.0181
13,M,False,-0.00352,-0.00347,-0.00382,-0.00364,-0.00342,-0.00364,-0.0186
13,F,False,-0.00644,-0.00537,-0.00191,-0.00379,-0.00455,0.000245,-0.0146
13,P,False,-0.00352,-0.00795,-0.00744,-0.00715,-0.0066,-0.00601,-0.0293
13,S,False,-0.0101,-0.00413,-0.0175,-0.00923,-0.0139,0.00293,-0.0279
13,T,False,-0.00999,0.000423,-0.0105,-0.0103,-0.00709,-0.0101,-0.0353
13,W,False,-0.00345,-0.00348,-0.00326,-0.00345,-0.000641,-0.00304,-0.0139
13,Y,False,-0.0047,0.00259,0.006,-0.00315,-0.00508,0.00199,0.00826
13,V,False,-0.0135,-0.0148,-0.0109,-0.0146,-0.00196,-0.015,-0.0475
13,*,False,-0.00378,-0.00579,-0.000515,-0.00253,-0.00637,0.00884,0.0101
14,A,False,0.0318,-0.00954,-0.00844,-0.00974,-0.00515,-0.00932,0.00276
14,R,False,-0.0125,-0.0094,-0.0107,-0.0078,-0.0149,-0.0146,-0.0444
14,N,False,-0.00936,-0.00649,-0.00285,-0.00424,-0.00862,-0.00341,-0.0233
14,D,False,0.00287,-0.00426,-0.00253,0.00162,-0.00484,-0.00328,-0.00409
14,C,False,-0.00582,-0.00192,-0.00528,-0.00546,-0.00474,-0.00549,-0.0243
14,E,False,-0.00714,-0.0074,-0.00666,-0.00645,-0.00295,-0.0061,-0.0262
14,Q,False,-0.00331,-0.00556,-0.00319,-0.00525,-0.00335,-0.0051,-0.0204
14,G,False,0.00228,-0.0143,-0.0134,-0.0124,-0.013,-0.00863,-0.0436
14,H,False,0.0379,-0.0033,0.00392,0.0103,-0.00422,-0.00114,0.0537
14,I,False,-0.00262,-0.00728,-0.00237,0.00429,0.000619,-0.00248,0.00237
14,L,True,0.022,0.0726,0.106,0.0703,0.114,0.0784,0.226
14,K,False,-0.00745,-0.00597,0.00172,0.00157,-0.00564,-0.00128,-0.00812
14,M,False,0.00223,0.00792,-0.00575,-0.00392,-0.00528,0.00193,0.00609
14,F,False,-0.00941,-0.00546,-0.00636,-0.00177,-0.00199,-0.00929,-0.0235
14,P,False,-0.00185,-0.00838,-0.00552,0.00328,-0.00357,0.017,0.012
14,S,False,-0.00937,-0.00956,-0.00542,-0.0111,-0.0019,-0.011,-0.0301
14,T,False,-0.0108,-0.00769,-0.0127,-0.00692,-0.0114,0.00642,-0.0267
14,W,False,-0.00318,0.000747,-0.00168,-0.003,-0.0028,-0.00194,-0.00887
14,Y,False,-0.000655,-0.00419,-0.00447,0.0067,-0.00402,-0.000415,0.000726
14,V,False,0.00239,-0.0111,-0.01,-0.00929,-0.00779,-0.0112,-0.0334
14,*,False,-0.018,0.0406,-0.0042,-0.0108,-0.00803,-0.00906,0.0139
15,A,False,0.00512,0.0426,0.0568,0.0265,0.0528,0.014,0.154
15,R,False,-0.0184,-0.00309,-0.0113,-0.0188,-0.0297,-0.0192,-0.111
15,N,False,-0.00636,-0.000607,-0.0025,-0.00703,-0.0037,-0.00677,-0.0315
15,D,False,-0.00708,-0.00491,-0.00607,-0.00538,-0.00643,-0.00371,-0.0388
15,C,False,-0.0113,-0.0108,-0.000739,-0.00126,-0.00744,0.0189,-0.0222
15,E,False,-0.00321,-0.00204,0.00963,-0.00366,0.00485,-0.00402,-0.00812
15,Q,False,-0.00889,-0.00935,-0.00766,-0.00476,-0.00798,-0.00606,-0.0497
15,G,False,0.022,0.0379,0.0077,-0.00369,0.0196,0.0109,0.0312
15,H,False,-0.00761,-0.003,-0.00811,-0.00567,-0.00784,-0.00811,-0.0455
15,I,False,-0.0104,-0.0117,-0.0113,-0.00571,-0.00952,-0.00597,-0.0604
15,L,False,0.0405,0.0236,0.0228,0.0259,0.0364,0.0407,0.0109
15,K,False,-0.000123,-0.00691,-0.00466,-0.00887,-0.00659,-0.0123,-0.0475
15,M,False,-0.00253,-0.00294,-0.00129,0.00731,0.00207,-0.00174,-0.00165
15,F,False,-0.01,-0.00999,-0.00843,-0.00416,-0.0026,8.34e-05,-0.0419
15,P,False,-0.00962,-0.00885,-0.00709,-0.00907,-0.00611,-0.00989,-0.0555
15,S,False,0.296,0.319,0.208,0.32,0.29,0.288,0.898
15,T,False,0.000489,-0.00557,0.000787,0.00129,-0.00535,-0.00296,-0.0163
15,W,False,-0.00198,0.0103,0.00047,-0.00308,-0.0032,-0.00279,-0.00289
15,Y,False,-0.00852,-0.000381,-0.0013,-0.00849,-0.00534,-0.00552,-0.0362
15,V,True,-0.258,-0.343,-0.231,-0.292,-0.297,-0.278,-0.49
15,*,False,0.000454,-0.0101,-0.00535,0.0013,-0.00671,-0.00524,-0.034
16,A,False,-0.0121,-0.0132,-0.0122,-0.00993,-0.0135,-0.00459,-0.0686
16,R,False,-0.0266,0.023,0.0226,-0.0212,-0.00695,-0.00682,-0.0264
16,N,False,-0.00213,0.00053,-0.00554,-0.00492,-0.00533,-0.00245,-0.0225
16,D,False,-0.000833,-0.00256,0.000249,-0.00115,0.00106,0.00183,-0.00264
16,C,False,-0.00203,0.0169,0.0198,0.0109,0.00504,-0.0014,0.0418
16,E,False,-0.000973,-0.00409,-0.00424,-0.00601,-0.00637,-0.0047,-0.0289
16,Q,False,-0.00343,-0.00254,0.00221,-0.00179,-0.00386,-0.00261,-0.0151
16,G,False,-0.0207,-0.0213,-0.0107,-0.0222,-0.0213,-0.0276,-0.125
16,H,False,-0.00123,0.0356,-0.000795,-0.00326,-0.00389,0.00102,0.0237
16,I,False,-0.00247,-0.00324,-0.0105,-0.00554,0.00345,-0.00303,-0.0295
16,L,True,-0.0747,-0.116,-0.129,-0.138,-0.188,-0.147,-0.271
16,K,False,-0.000831,-0.00108,-0.00307,-0.00177,-0.0025,-0.000327,-0.0112
16,M,False,6.25e-05,-0.00442,-0.00131,-0.00513,0.000821,-0.00281,-0.019
16,F,False,-0.00701,-0.00118,-0.00687,-0.00937,0.00104,-0.00923,-0.0485
16,P,False,-0.00902,0.00437,-0.0115,-0.00782,-0.00942,-0.00717,-0.0446
16,S,False,0.192,0.131,0.095,0.249,0.238,0.232,0.713
16,T,False,-0.00135,-0.00726,-0.00388,0.00313,0.00166,0.00137,-0.0148
16,W,False,-0.0037,-0.000385,-0.00221,-0.00334,-0.00182,-0.00349,-0.0165
16,Y,False,-0.00465,-0.00674,0.0439,-0.00362,-0.00323,-0.00411,0.0178
16,V,False,-0.0198,-0.0187,0.0162,-0.0127,0.000303,-0.00413,-0.0472
16,*,False,0.00154,-0.00856,0.0019,-0.00626,0.0145,-0.00465,-0.00585
17,A,False,0.00531,0.0162,-0.00866,-0.00892,0.00131,-0.00594,0.0122
17,R,False,-0.0135,0.0299,-0.00359,0.00935,-0.00459,-0.00373,0.037
17,N,False,0.00718,0.0127,-0.0035,0.00691,0.0101,0.00623,0.0505
17,D,False,-0.00165,-0.000288,0.0116,-0.00493,-0.00479,-0.00597,0.000943
17,C,False,-0.00778,0.00265,-0.00371,0.0216,-0.00586,-0.00662,0.00691
17,E,False,-0.00509,-0.00462,-0.00337,-0.00293,-0.00393,-0.000135,-0.0157
17,Q,False,-0.00437,-0.00447,-0.00434,-0.00535,-0.00481,-0.00554,-0.0254
17,G,True,0.0962,0.0295,0.084,0.0525,0.0458,0.0782,0.194
17,H,False,-0.00587,-0.00434,-0.00339,-0.00394,-0.00593,-0.0021,-0.0211
17,I,False,-0.00734,-0.0111,-0.00241,-0.00186,-0.0028,-0.000638,-0.0144
17,L,False,-0.0179,-0.0192,-0.0142,-0.0118,-0.00311,-0.00995,-0.0494
17,K,False,-0.000898,-0.00436,-0.00584,-0.00161,-0.00372,-0.00285,-0.0138
17,M,False,-0.00288,-0.00362,-0.00199,-0.003,-0.00274,-0.00179,-0.0136
17,F,False,-0.00233,-0.00488,-0.00547,-0.00774,-0.00967,-0.00808,-0.0289
17,P,False,-0.00983,-0.00919,-0.0102,-0.00936,-0.00469,-0.00774,-0.0432
17,S,False,-0.0112,-0.0101,0.00501,0.0119,0.0142,0.0189,0.0348
17,T,False,-0.00331,0.0036,-0.00704,-0.00778,0.00136,-0.00946,-0.0104
17,W,False,0.000303,-0.00617,-0.00297,-0.00362,-0.00216,-0.00131,-0.00978
17,Y,False,-0.00569,-0.00753,-0.00678,-0.00486,-0.00206,-0.00837,-0.0266
17,V,False,-0.0159,-0.00571,-0.0101,-0.0132,-0.0134,-0.0121,-0.0619
17,*,False,0.00653,0.000932,-0.00308,-0.0115,0.00146,-0.0111,-0.00152
18,A,False,-0.0111,-0.0113,-0.00164,-0.012,-0.00582,-0.0117,-0.0397
18,R,False,-0.0119,-0.00802,0.0035,-0.0112,-0.00847,-0.0141,-0.0307
18,N,False,-0.0101,-0.0104,-0.00542,-0.00788,-0.00277,-0.0031,-0.0291
18,D,False,-0.00775,-0.00679,-0.00673,-0.00237,-0.00508,-0.00188,-0.0215
18,C,False,-0.00972,-0.00335,-0.00619,-0.00187,-0.00066,-0.00605,-0.0184
18,E,False,-0.00793,0.000997,-0.00636,-0.00504,-0.00541,-0.00693,-0.0213
18,Q,False,-0.00504,-0.00379,-0.00436,-0.00243,-0.00369,-0.00462,-0.0186
18,G,False,-0.0107,0.0334,-0.0119,-0.011,-0.0102,-0.0058,0.00265
18,H,False,-0.00389,-0.00386,-0.00188,-0.00123,0.00821,-0.00252,0.000821
18,I,False,0.0346,0.0168,0.0347,0.0108,0.000454,0.0288,0.11
18,L,True,0.0561,0.0666,0.0783,0.0994,0.0724,0.0886,0.245
18,K,False,-0.0072,-0.00928,-0.00603,-0.00618,-0.00909,-0.00837,-0.037
18,M,False,-0.000973,-0.000519,-0.00237,-0.0018,-0.00106,-0.00259,-0.00632
18,F,False,-0.00903,-0.00817,-0.00548,-0.00314,0.00248,-0.00782,-0.016
18,P,False,-0.00575,-0.00594,0.00313,-0.00567,-0.0072,-0.00671,-0.0193
18,S,False,-0.000579,-0.0151,-0.0193,-0.0184,-0.0183,-0.00876,-0.0521
18,T,False,0.0147,-0.00387,-0.00321,-0.00649,-0.00645,-0.00594,-0.000954
18,W,False,-0.00207,-0.00287,-0.00197,-0.0027,0.000791,-0.00234,-0.00816
18,Y,False,0.0258,-0.0102,-0.00779,-0.00396,-0.00568,-0.00933,0.00435
18,V,False,-0.0132,-0.0146,-0.0182,-0.0059,0.00944,-0.00195,-0.0242
18,*,False,-0.0143,0.000243,-0.0108,-0.00102,-0.00383,-0.00694,-0.0203
19,A,False,-0.00499,-0.00726,-0.00859,-0.00934,-0.00284,-0.00878,-0.0409
19,R,False,-0.00886,-0.0139,0.0054,-0.0101,-0.00515,-0.0104,-0.0426
19,N,False,0.444,0.519,0.463,0.541,0.555,0.532,1.28
19,D,False,9.32e-05,0.00324,0.00233,-0.0014,-0.00309,0.00412,0.0056
19,C,False,-8.76e-05,-0.00636,-0.00616,-0.00665,-0.000815,-0.00627,-0.0259
19,E,False,-0.0114,-0.00991,-0.00409,-0.00977,-0.0101,-0.01,-0.0545
19,Q,False,-0.00736,-0.00717,-0.00695,-0.00575,-0.00683,-0.0063,-0.0402
19,G,False,-0.0198,-0.00172,-0.0165,-0.0141,-0.00967,-0.0122,-0.0696
19,H,False,-0.00408,-0.00252,-0.00328,-0.0053,-0.00437,-0.00505,-0.0246
19,I,False,-0.0101,-0.00863,-0.00716,-0.00538,-0.00888,-0.00823,-0.0475
19,L,False,-0.0268,-0.0274,-0.0145,-0.0228,-0.0184,-0.0253,-0.127
19,K,False,0.0206,0.0178,-0.00909,-0.00765,0.00187,-0.00216,0.0213
19,M,False,-0.00531,-0.00589,-0.00524,-0.00396,-0.00574,-0.00478,-0.0312
19,F,False,-0.00926,-0.00473,-0.00759,-0.00816,-0.00954,-0.00653,-0.0455
19,P,False,-0.0123,-0.0114,-0.0101,-0.00966,-0.0102,-0.00377,-0.0562
19,S,True,-0.303,-0.38,-0.332,-0.371,-0.402,-0.378,-0.416
19,T,False,-0.0103,-0.00805,-0.00459,-0.00785,-0.00674,-0.0101,-0.0464
19,W,False,-0.00589,-0.00542,-0.00612,-0.00506,-0.00672,-0.00342,-0.0327
19,Y,False,-0.00667,-0.00938,-0.00928,-0.0092,-0.00744,-0.00746,-0.0491
19,V,False,-0.0184,-0.0176,-0.02,-0.0171,-0.0208,-0.0151,-0.105
19,*,False,0.00057,-0.0134,0.000996,-0.0112,-0.0175,-0.0127,-0.0508
20,A,True,0.105,0.0439,0.0654,0.0919,0.0802,0.0829,0.27
20,R,False,-0.0122,-0.0109,-0.0109,-0.0012,-0.0114,-0.0128,-0.043
20,N,False,-0.00755,-0.00865,-0.00598,-0.00223,-0.00673,0.00635,-0.0128
20,D,False,-0.000818,0.0112,0.0178,0.0027,-0.00389,0.0092,0.0476
20,C,False,-0.00718,-0.00514,-0.00312,-0.00706,-0.00311,-0.00522,-0.0256
20,E,False,-0.00497,-0.00574,-0.00138,0.000315,-0.00232,8.67e-05,-0.00698
20,Q,False,0.00453,-0.00504,-0.00736,-0.00566,-0.00492,-0.00255,-0.0113
20,G,False,0.00197,-0.00356,0.00883,-0.00683,-0.00525,-0.00818,-0.00702
20,H,False,-0.00519,-0.00581,-0.00548,-0.00255,-0.00518,-0.00476,-0.0232
20,I,False,-0.0119,-0.0117,-0.014,-0.0105,-0.0123,-0.00739,-0.0531
20,L,False,-0.00359,-0.0179,-0.0183,-0.0054,-0.0205,-0.00352,-0.0476
20,K,False,-0.0101,-0.0108,-0.00498,-0.00763,-0.0086,-0.000327,-0.0298
20,M,False,-0.00413,-0.00413,-0.00426,-0.00246,-0.00379,0.00129,-0.0132
20,F,False,-0.00958,0.00834,-0.0042,-0.01,0.0126,-0.00895,0.00157
20,P,False,-0.00825,-0.00231,-0.00473,-0.00594,-0.000136,-0.00625,-0.0167
20,S,False,-0.0121,-0.015,-0.0143,-0.0154,-0.00724,-0.0134,-0.0632
20,T,False,-0.00175,-0.00047,0.0159,-0.00368,0.0276,-0.00671,0.0152
20,W,False,-0.00345,-0.00384,-0.00307,-0.00319,-0.00332,-0.00251,-0.0162
20,Y,False,-0.00459,-0.00888,-0.0066,-0.00076,-0.00572,-0.00142,-0.0149
20,V,False,0.00794,0.0678,0.00217,0.00413,-0.00615,-0.00539,0.0878
20,*,False,-0.0119,-0.0114,-0.0015,-0.00848,-0.00978,-0.0105,-0.0374
21,A,False,-0.00218,-0.0046,-0.00721,0.0023,-0.00648,-0.00554,-0.012
21,R,False,-0.00527,-0.0123,-0.0174,-0.0187,-0.0175,-0.0143,-0.0605
21,N,False,-0.00945,-0.00778,0.0122,-0.00335,-0.00595,0.0049,0.00441
21,D,False,-0.00601,-0.00269,0.00201,0.00337,-0.00266,-0.0054,-0.000515
21,C,False,-0.00373,-0.00387,-0.00652,-0.00343,0.000537,-0.00514,-0.0173
21,E,False,-0.00616,0.000136,-0.00998,-0.00633,-0.00722,-0.000444,-0.0195
21,Q,False,-0.00485,-0.00181,-0.00458,-0.00394,-0.00499,-0.00475,-0.0198
21,G,False,-0.00769,-0.015,-0.0163,0.00468,-0.0135,-0.0179,-0.0358
21,H,False,0.00326,-0.00685,-0.00271,-0.0071,-0.00748,-0.00664,-0.0192
21,I,False,-0.0111,0.00195,0.00095,-0.00131,0.00277,-0.00688,-0.00624
21,L,False,-0.00463,-0.0128,-0.0162,-0.0101,-0.0172,-0.0086,-0.0394
21,K,False,-0.00851,-0.00823,-0.00944,-0.00824,-0.00204,-0.00766,-0.0357
21,M,False,0.000594,-0.000752,0.00158,9.73e-05,-0.000746,0.00575,0.00231
21,F,False,-0.00162,-0.00236,-0.000641,-0.00597,-0.00629,-0.00688,-0.0132
21,P,False,-0.00969,-0.00991,-0.00567,-0.0104,-0.00992,-0.00908,-0.0431
21,S,False,-0.0141,-0.00242,-0.00845,-0.00571,-0.0179,-0.0132,-0.0363
21,T,False,-0.0116,0.0168,-0.00886,-0.0101,-0.00987,-0.008,-0.0171
21,W,False,-0.00379,-0.003,-0.00378,-0.00292,-0.00288,-0.00244,-0.0139
21,Y,False,-0.00352,-0.00568,0.11,0.000676,-0.00481,0.00681,0.129
21,V,True,0.121,0.0865,0.00244,0.0938,0.139,0.104,0.277
21,*,False,-0.0115,-0.00537,-0.011,-0.00732,-0.00503,0.00169,-0.0228
22,A,False,-0.00572,0.00122,-0.00638,-0.00158,-0.00654,0.000172,-0.0116
22,R,False,-0.0137,-0.0126,-0.0133,-0.0163,-0.0107,-0.00893,-0.0488
22,N,False,-0.0117,-0.0105,-0.00992,-0.0101,-0.00234,-0.00693,-0.0391
22,D,False,-0.00975,-0.0068,-0.00689,-0.00511,-0.00883,-0.00158,-0.0296
22,C,False,-0.00648,0.0278,-0.00365,-0.00633,-0.0032,-0.00683,0.0117
22,E,False,-0.00643,-0.00617,-0.00295,-0.00417,-0.00647,-0.00715,-0.0243
22,Q,False,0.0522,0.0288,0.0204,0.0054,0.0153,0.00956,0.147
22,G,False,-0.0164,-0.012,-0.0193,-0.0149,-0.0191,-0.0166,-0.076
22,H,False,-0.00672,-0.00848,-0.00548,-0.00729,-0.00797,-0.00552,-0.033
22,I,False,0.013,-0.00918,-0.0128,-0.0116,-0.00537,-0.0119,-0.0211
22,L,True,0.0491,0.0574,0.0964,0.115,0.0956,0.108,0.256
22,K,False,0.0146,-0.0097,-0.00236,0.0181,-0.00597,0.000848,0.03
22,M,False,-0.00199,-0.000942,-0.0025,-0.000378,-0.00251,-0.00123,-0.00609
22,F,False,-0.00713,0.0033,0.00622,-0.00678,-0.00747,-0.00547,-0.00782
22,P,False,-0.00878,0.00137,0.0094,-0.00353,0.0165,0.00404,0.0343
22,S,False,-0.0201,-0.0171,-0.0181,-0.0127,-0.0138,-0.017,-0.0781
22,T,False,-0.00866,-0.003,-0.0121,-0.0104,-0.0072,-0.0123,-0.0392
22,W,False,-0.00161,0.00332,-0.00267,-0.000695,-0.00334,-0.00324,-0.00388
22,Y,False,-0.00856,-0.011,-0.00214,-0.00598,-0.00429,-0.00292,-0.0225
22,V,False,-0.00934,-0.00539,-0.0127,-0.0137,-0.0148,-0.0087,-0.0458
22,*,False,0.0142,-0.0102,0.00072,-0.00728,0.00256,-0.00638,0.0084
23,A,False,0.0232,-0.00435,-0.000836,-0.0038,-0.00645,-0.00442,0.0131
23,R,False,0.00884,-0.0115,-0.00919,-0.0183,-0.0145,-0.0111,-0.0287
23,N,False,-0.00555,0.00126,0.00204,-0.00399,0.0188,-0.00286,0.0195
23,D,False,-0.0022,-0.00153,-0.00142,-0.00125,-0.00221,9.49e-05,-0.00623
23,C,False,-0.000211,-0.00642,-0.00623,8.9e-05,-0.00434,-0.000929,-0.00841
23,E,False,-0.00671,-0.00956,-0.00356,-0.00931,-0.0105,-0.00809,-0.0383
23,Q,False,-0.00224,-0.00253,-0.00165,-0.00238,-0.00224,-0.00243,-0.0121
23,G,True,0.0499,0.027,0.108,0.0847,0.0865,0.0901,0.211
23,H,False,-0.00584,0.0425,-0.00488,0.0059,-0.0062,-0.00396,0.0392
23,I,False,-0.0108,-0.00282,0.00991,-0.00941,-0.0117,-0.0106,-0.0226
23,L,False,0.00566,-0.015,-0.0206,0.0054,0.00268,-0.0246,-0.0133
23,K,False,-0.0058,-0.0059,-0.00427,-0.00519,-0.00554,-0.00538,-0.0283
23,M,False,-0.0074,-0.00572,-0.00449,-0.00478,-0.0067,-0.00723,-0.0312
23,F,False,-0.0076,-0.00675,-0.00707,0.002,-0.00659,0.02,0.0048
23,P,False,-0.00439,-0.00412,-0.00447,-0.00392,-0.00431,-0.00401,-0.0224
23,S,False,-0.0195,0.00281,-0.00998,-0.0111,0.00441,-5.34e-05,-0.00275
23,T,False,-0.0073,-0.00891,-0.00847,-0.000691,-0.00681,-0.00206,-0.0237
23,W,False,-0.00756,-0.00636,-0.00621,-0.00571,-0.00719,-0.00608,-0.0335
23,Y,False,-0.00248,0.00853,-0.00478,-0.00591,-0.00475,-0.00486,-0.00778
23,V,False,0.00588,0.00135,-0.0167,-0.00707,-0.00655,-0.00751,-0.00623
23,*,False,0.00199,0.00801,-0.00514,-0.00532,-0.00566,-0.00404,-0.00172
24,A,False,-0.0208,-0.0126,-0.0157,-0.022,-0.022,-0.0236,-0.0839
24,R,False,0.00924,-0.0103,-0.00937,-0.00854,0.00999,-0.00477,0.0134
24,N,False,-0.01,-0.0103,-0.00965,-0.00991,-0.00298,-0.00726,-0.035
24,D,False,-0.00987,-0.00864,-0.00426,-0.00863,-0.00981,-0.00453,-0.0277
24,C,False,-3.66e-05,-0.00404,-0.00388,-0.00269,-0.00255,-0.000285,-0.00858
24,E,False,0.00077,-0.0066,-0.00765,-0.00667,-0.0106,-0.00086,-0.0165
24,Q,False,0.00849,0.032,-0.00515,-0.00567,-0.00694,-0.00219,0.038
24,G,False,-0.0177,-0.0177,-0.0146,-0.014,-0.0159,-0.0072,-0.0588
24,H,False,-0.00282,0.00326,-0.00441,-0.00155,-0.00312,0.00394,0.00232
24,I,False,-0.0111,-0.00465,-0.00898,-0.0139,-0.0126,-0.0147,-0.0453
24,L,True,0.113,0.0785,0.107,0.144,0.126,0.102,0.342
24,K,False,-0.00869,0.0114,-0.00626,-0.00476,-0.00543,-0.007,-0.0061
24,M,False,-0.00282,-0.00367,-0.00274,-0.00278,-0.00324,-0.00373,-0.0137
24,F,False,-0.00343,-0.00961,-0.00694,-0.00156,-0.00625,0.000751,-0.0117
24,P,False,-0.0096,0.01,-0.00349,-0.008,-0.00187,-0.00926,-0.00235
24,S,False,-0.0137,-0.013,-0.0129,-0.0131,-0.0137,-0.00874,-0.0522
24,T,False,-0.00688,-0.00767,0.0045,-0.00256,-0.00214,-0.00127,-0.00479
24,W,False,-0.00274,-0.00286,-0.0018,-0.002,-0.00253,-0.000992,-0.01
24,Y,False,0.00211,-0.0103,-0.01,-0.00835,-0.0053,-0.00708,-0.0244
24,V,False,-0.00778,-0.00298,0.0253,-0.00111,-0.00758,-0.000313,0.0244
24,*,False,-0.00595,-0.0104,-0.0091,-0.00619,-0.00168,-0.00333,-0.0192
25,A,False,-0.0114,-0.0106,0.00187,-0.00742,-0.00916,-0.00965,-0.0325
25,R,False,-0.0132,0.0358,-0.00849,-0.00101,-0.000273,0.0194,0.0572
25,N,False,-0.0029,-0.00524,-0.00359,-0.00515,-0.0061,-0.00516,-0.0213
25,D,False,-0.00207,-0.00588,-0.00806,-0.00552,-0.00861,0.00201,-0.0169
25,C,False,-0.00712,-0.00575,-0.00613,-0.00692,-0.0071,-0.00697,-0.0329
25,E,False,-0.0061,-0.00368,-0.00352,-0.00447,-0.00639,-0.00416,-0.021
25,Q,False,-0.00199,0.0195,0.00163,-0.00149,0.00171,-0.00125,0.026
25,G,False,-0.0207,-0.00654,0.0132,-0.0179,-0.0138,-0.0185,-0.0365
25,H,False,0.00692,-0.00901,-0.00505,-0.000857,-0.00356,-0.00129,0.00269
25,I,False,-0.0191,-0.00933,-0.00082,-0.0157,-0.0173,-0.00211,-0.0245
25,L,True,0.0738,0.0663,0.0964,0.126,0.14,0.107,0.301
25,K,False,-0.00178,-0.00386,-0.00145,-0.00101,0.00552,0.0049,0.00954
25,M,False,-0.00145,-0.00198,-0.000977,-0.00173,-0.00126,-0.00172,-0.00586
25,F,False,0.00808,-0.00963,-0.00967,-0.00698,-0.0113,-0.0117,-0.0258
25,P,False,-0.00311,-0.00293,-0.00398,-0.00244,-0.00217,-0.00141,-0.0106
25,S,False,0.00927,-0.0111,-0.0215,-0.00957,-0.0246,-0.0239,-0.0436
25,T,False,0.0257,-0.00852,-0.00766,-0.00776,0.0101,-0.00832,0.017
25,W,False,-0.00333,-0.00352,-0.00377,-0.00266,-0.00265,-0.00083,-0.0132
25,Y,False,-0.0121,-0.00992,-0.00824,-0.0124,-0.0122,-0.0133,-0.0517
25,V,False,-0.0149,-0.0194,-0.0172,-0.0159,-0.0182,-0.0182,-0.0819
25,*,False,-0.00263,0.00518,-0.00311,0.00116,-0.013,-0.00462,0.00476
26,A,False,-0.00369,-0.00639,0.00259,-0.00768,-0.00415,-0.00714,-0.013
26,R,False,0.0258,0.02,0.00565,-0.0128,-0.0163,-0.00223,0.0645
26,N,False,-0.00241,-0.00744,-0.00834,-0.00209,-0.00736,-0.00411,-0.0193
26,D,False,-0.00977,-0.00522,0.00189,-0.00896,-0.00933,-0.00857,-0.0251
26,C,False,-0.00666,-0.00132,-0.00243,-0.00695,-0.00335,-0.00754,-0.0172
26,E,False,-0.007,-0.00865,-0.00288,-0.00671,-0.00484,-0.00308,-0.0172
26,Q,False,-0.00224,-0.00372,-0.00102,-0.00317,-0.00262,-0.00443,-0.00885
26,G,False,-0.0307,-0.028,-0.0282,-0.0297,-0.016,-0.0288,-0.111
26,H,False,-0.00453,-0.00282,0.00214,0.000997,-0.00468,0.00428,0.00578
26,I,False,-0.00317,-0.00923,-0.00656,-0.0072,-0.00629,-0.00845,-0.0284
26,L,True,0.122,0.108,0.0906,0.154,0.134,0.152,0.396
26,K,False,-0.00922,-0.00689,-0.000161,-0.00712,-0.00813,-0.00569,-0.0235
26,M,False,-0.000819,-0.00129,-0.000307,-0.000796,-0.00118,-0.00194,-0.00199
26,F,False,-0.0073,-0.00471,-0.00244,-0.00571,-0.00657,-0.00461,-0.0213
26,P,False,-0.00209,0.00368,-0.00178,-0.00158,0.00325,-0.000687,0.00684
26,S,False,-0.00909,-0.0139,-0.0111,-0.0101,-0.0105,-0.00888,-0.0412
26,T,False,-0.00931,-0.0105,-0.0035,-0.00761,-0.00881,-0.00939,-0.0352
26,W,False,-0.00539,-0.000876,-0.000174,0.00176,-0.000657,-0.0088,0.0045
26,Y,False,0.00116,-0.00913,-0.00887,-0.00797,-0.00885,-0.00886,-0.0303
26,V,False,-0.0201,-0.00175,-0.0114,-0.0195,-0.0202,-0.0248,-0.0547
26,*,False,-0.0153,-0.0103,-0.0137,-0.0109,0.00242,-0.00854,-0.0295
27,A,False,-0.00848,-0.00827,-0.0108,-0.0123,-0.0107,-0.0122,-0.0459
27,R,False,-0.0155,0.00261,-0.0147,-0.0132,-0.0111,-0.0145,-0.0364
27,N,False,-0.00608,-0.00812,-0.0049,-0.00618,-0.004,-0.00952,-0.0255
27,D,False,-0.00536,-0.00631,0.0215,-0.00477,-0.004,-0.00592,0.00698
27,C,False,0.00733,-0.000903,0.000171,-0.00104,-0.00198,-0.00305,0.00666
27,E,False,-0.00441,0.000448,-0.00545,-0.00326,0.000635,-0.00375,-0.00651
27,Q,False,-0.00644,-0.00583,-0.00228,-0.00368,-0.00565,-0.00652,-0.0213
27,G,False,-0.0118,-0.0217,0.00613,-0.0183,-0.0166,-0.0169,-0.0441
27,H,False,-0.00543,-0.00644,-0.00724,0.00212,0.00548,0.0187,0.0215
27,I,False,-0.0135,-0.00933,0.00615,-0.00466,0.00173,-0.0103,-0.00866
27,L,True,0.131,0.134,0.0474,0.133,0.113,0.124,0.339
27,K,False,-0.00854,-0.0054,-0.00768,-0.00912,-0.00877,-0.00944,-0.0353
27,M,False,-0.00364,-0.00507,0.0115,-0.00451,-0.00457,-0.00357,-0.000135
27,F,False,-0.00593,0.0051,-0.0115,-0.007,-0.0113,0.00519,-0.00518
27,P,False,-0.00908,-0.0123,0.0282,-0.0119,0.000881,-0.0129,0.00641
27,S,False,-0.0116,-0.0111,-0.0159,-0.0128,-0.00595,-0.00481,-0.0364
27,T,False,-0.0141,-0.013,-0.00959,-0.013,-0.015,-0.0141,-0.058
27,W,False,0.00596,0.00121,-0.00339,-0.00288,-0.00125,-0.000761,0.00587
27,Y,False,-0.00553,-0.0064,-0.00639,-0.00689,-0.00725,-0.00595,-0.0289
27,V,False,-0.00564,-0.0126,-0.0163,-0.00761,-0.0101,-0.00536,-0.0298
27,*,False,-0.00357,-0.0105,-0.00508,0.00761,-0.00388,-0.00824,-0.00461
28,A,False,-0.0119,-0.013,-0.0117,-0.00584,-0.0131,-0.0101,-0.0498
28,R,True,0.104,0.114,0.0666,0.0949,0.115,0.104,0.306
28,N,False,-0.00633,-0.00751,-0.00268,-0.00776,-0.00596,-0.00673,-0.0252
28,D,False,-0.00622,-0.00542,-0.00591,-0.00619,-0.00578,-0.00552,-0.0285
28,C,False,-0.004,-0.0022,-0.000945,-0.00357,-0.00105,-0.00251,-0.00943
28,E,False,-0.00367,-2.08e-05,0.0259,-0.0011,-0.00413,0.00399,0.0313
28,Q,False,-0.00534,-0.00466,-0.000974,-0.00521,-0.00491,-0.00523,-0.0205
28,G,False,-0.014,-0.000954,-0.0159,-0.00862,-0.0167,-0.015,-0.048
28,H,False,-0.00349,-0.00724,-0.00543,-0.00706,-0.00199,-0.0053,-0.0212
28,I,False,-0.000633,-0.0164,-0.0141,-0.00392,-0.00813,-0.00571,-0.0262
28,L,False,-0.0221,-0.011,-0.0086,-0.00727,0.00508,-0.0164,-0.0278
28,K,False,0.00565,0.00436,0.0298,-0.00287,-0.00525,-0.00174,0.0454
28,M,False,0.00363,-0.00328,-0.00273,-0.00353,-0.00297,-0.00228,-0.0049
28,F,False,-0.0148,-0.00571,-0.00873,-0.00977,-0.00688,-0.00706,-0.0321
28,P,False,-0.0117,-0.00959,-0.0108,0.000287,-0.00584,0.02,0.000165
28,S,False,-0.000551,-0.012,-0.0108,-0.00601,-0.011,-0.0165,-0.0314
28,T,False,0.0118,-0.0015,-0.00948,0.00232,-0.00894,-0.00668,0.00742
28,W,False,-0.00109,-0.000247,0.00119,0.000926,-0.00161,-0.000484,0.00193
28,Y,False,-0.00485,0.000531,-0.00601,-0.00212,-0.0029,-0.00348,-0.0108
28,V,False,-0.00891,-0.013,-0.0094,-0.0131,-0.0135,-0.0147,-0.053
28,*,False,-0.00498,-0.005,0.000737,-0.0045,0.000961,-0.00211,-0.00361
29,A,False,0.133,0.103,0.12,0.113,0.126,0.0803,0.287
29,R,False,-0.0045,0.0005,0.00137,0.0188,0.0125,0.0204,-0.0488
29,N,False,0.0399,0.024,0.00608,0.0461,0.0463,0.0463,0.103
29,D,False,-0.00743,-0.0113,-0.00997,-0.0111,-0.0111,-0.0111,-0.0738
29,C,False,-0.0124,-0.012,-0.0112,-0.0124,-0.00616,-0.0103,-0.0845
29,E,False,-0.0128,-0.00923,-0.0129,-0.00935,-0.0111,-0.00685,-0.0823
29,Q,False,0.128,0.0576,0.0683,0.0645,0.0597,0.059,0.227
29,G,False,-0.0342,-0.0341,-0.0305,-0.0343,-0.0284,-0.0299,-0.223
29,H,False,0.0628,0.0253,0.0487,0.0438,0.0247,0.026,0.124
29,I,False,-0.00747,0.00432,0.00121,-0.00217,-0.00272,-0.00152,-0.0631
29,L,False,0.293,0.346,0.241,0.338,0.304,0.287,0.537
29,K,False,0.379,0.394,0.381,0.377,0.361,0.37,0.629
29,M,False,0.047,0.0228,0.0236,0.0525,0.0625,0.0371,0.139
29,F,False,-0.0152,-0.0138,0.00731,-0.0056,-0.0101,-0.0102,-0.0787
29,P,False,0.000242,-0.00228,-0.00174,-0.00235,-0.00156,-0.00254,-0.0158
29,S,False,0.162,0.0706,0.116,0.142,0.137,0.153,0.271
29,T,False,-0.00241,-0.00528,0.00491,-0.0019,-0.00358,0.00164,-0.055
29,W,True,-1.15,-0.972,-0.966,-1.15,-1.11,-1.05,-1.52
29,Y,False,-0.00329,-0.000689,0.00722,0.00371,0.00256,0.0116,-0.0244
29,V,False,0.0253,0.0234,0.0182,0.0505,0.0584,0.0519,0.0799
29,*,False,-0.0161,-0.0111,-0.0129,-0.0202,-0.0104,-0.0207,-0.125
30,A,False,-0.00763,-0.00742,-0.00397,-0.00755,-0.00677,-0.00595,-0.0317
30,R,False,0.00189,-0.00339,-0.0115,-0.00633,-0.00793,-0.01,-0.0191
30,N,False,-0.00647,-0.00255,-0.00594,-0.00302,-0.00755,-0.000609,-0.0189
30,D,False,0.00452,-0.0069,-0.00648,-0.00507,-0.0042,-0.00584,-0.017
30,C,False,-0.00101,-0.00655,-0.00511,-0.00199,-0.00695,-0.00536,-0.0205
30,E,False,-0.00764,-0.00737,-0.00486,-0.00781,0.00113,-0.00743,-0.0261
30,Q,True,0.04,0.0886,0.104,0.0697,0.0487,0.127,0.237
30,G,False,-0.0225,-0.0187,-0.0224,-0.0221,-0.0217,-0.0217,-0.108
30,H,False,-0.00356,-0.00215,0.00221,0.04,0.000407,-0.00209,0.0432
30,I,False,-0.00534,0.00676,-0.00533,-0.000307,-0.00734,0.00424,0.00705
30,L,False,-0.0179,0.0136,-0.0174,0.00204,-0.00404,-0.00627,-0.00727
30,K,False,-0.00531,0.000998,0.0252,-0.00458,-0.00482,-0.00295,0.0177
30,M,False,-0.000601,-0.00392,-0.00079,-0.00064,-0.0027,-0.00273,-0.00675
30,F,False,0.00177,-0.00633,-0.00854,0.00208,0.00105,0.00196,0.00216
30,P,False,-0.00774,-0.00667,-0.00648,-0.00704,0.00141,-0.0073,-0.0257
30,S,False,-0.0128,-0.0106,-0.0171,-0.00991,-0.0086,-0.0136,-0.0522
30,T,False,0.0581,-0.00418,-0.00435,-0.00285,0.0102,-0.00635,0.0687
30,W,False,-0.00528,-0.00528,-0.00507,-0.00462,-0.0041,-0.00348,-0.0241
30,Y,False,0.00186,-0.00614,-0.00191,-0.00435,0.0284,-0.00188,0.0257
30,V,False,-0.0192,-0.0107,-0.0173,-0.0193,-0.00495,-0.0197,-0.0702
30,*,False,0.015,-0.00115,0.0135,-0.0064,0.000411,-0.0098,0.0254
31,A,False,0.0,0.0,0.0,0.0,0.0,0.0,0.0
31,R,False,0.0,0.0,0.0,0.0,0.0,0.0,0.0
31,N,False,0.0,0.0,0.0,0.0,0.0,0.0,0.0
31,D,False,0.0,0.0,0.0,0.0,0.0,0.0,0.0
31,C,False,0.000554,0.000643,0.000519,0.000343,0.00068,0.000708,0.00338
31,E,False,0.0,0.0,0.0,0.0,0.0,0.0,0.0
31,Q,False,0.0,0.0,0.0,0.0,0.0,0.0,0.0
31,G,False,0.0,0.0,0.0,0.0,0.0,0.0,0.0
31,H,False,0.0,0.0,0.0,0.0,0.0,0.0,0.0
31,I,False,0.000955,2.87e-05,0.00081,0.000372,0.00079,0.000449,0.00292
31,L,False,0.00302,0.00227,0.00225,0.00202,0.00311,0.00223,0.0143
31,K,False,0.0,0.0,0.0,0.0,0.0,0.0,0.0
31,M,False,0.0,0.0,0.0,0.0,0.0,0.0,0.0
31,F,True,-0.006,-0.00399,-0.00425,-0.00403,-0.00567,-0.00453,-0.0276
31,P,False,0.0,0.0,0.0,0.0,0.0,0.0,0.0
31,S,False,0.000304,0.000278,0.000158,0.000236,9.71e-05,0.000177,0.00137
31,T,False,0.0,0.0,0.0,0.0,0.0,0.0,0.0
31,W,False,0.0,0.0,0.0,0.0,0.0,0.0,0.0
31,Y,False,0.000362,0.000302,0.000202,0.000162,0.000376,0.000138,0.0016
31,V,False,0.000798,0.000473,0.000312,0.000897,0.000617,0.000823,0.00406
31,*,False,0.0,0.0,0.0,0.0,0.0,0.0,0.0
