site,amino_acid,rep_1,rep_2,joint
1,A,4.87E-02,7.19E-02,4.70E-02
1,R,6.14E-02,6.00E-02,9.88E-02
1,N,-6.85E-02,-9.98E-02,-1.01E-01
1,D,-1.92E-01,-1.94E-01,-2.07E-01
1,C,1.20E-03,3.56E-03,2.17E-03
1,E,1.79E-02,-3.60E-03,-7.97E-03
1,Q,4.46E-02,4.06E-02,5.97E-02
1,G,4.65E-02,3.41E-02,2.54E-02
1,H,-1.65E-01,-1.24E-01,-1.63E-01
1,I,1.13E-02,9.28E-03,1.47E-02
1,L,1.85E-02,1.97E-02,3.08E-02
1,K,1.01E-01,8.46E-02,1.29E-01
1,M,0.00E+00,0.00E+00,0.00E+00
1,F,7.42E-03,9.76E-03,1.17E-02
1,P,4.22E-02,8.34E-02,1.07E-01
1,S,1.80E-03,6.35E-04,-1.74E-03
1,T,3.13E-02,2.44E-02,4.61E-02
1,W,0.00E+00,0.00E+00,0.00E+00
1,Y,-1.37E-01,-1.16E-01,-1.44E-01
1,V,1.74E-01,1.49E-01,1.48E-01
1,*,-4.67E-02,-5.41E-02,-9.58E-02
2,A,-5.87E-02,-5.88E-02,-7.92E-02
2,R,7.24E-02,9.05E-02,1.36E-01
2,N,6.88E-02,5.70E-02,1.07E-01
2,D,1.14E-01,1.05E-01,9.45E-02
2,C,-6.40E-03,-5.16E-03,-1.23E-02
2,E,7.76E-03,2.46E-03,7.22E-03
2,Q,0.00E+00,0.00E+00,0.00E+00
2,G,1.50E-01,1.45E-01,1.32E-01
2,H,1.80E-02,1.57E-02,2.88E-02
2,I,-9.61E-02,-9.31E-02,-1.15E-01
2,L,4.42E-02,2.07E-02,1.34E-02
2,K,0.00E+00,0.00E+00,0.00E+00
2,M,-1.91E-03,1.74E-03,-2.56E-03
2,F,-1.42E-01,-1.19E-01,-1.51E-01
2,P,3.91E-02,3.57E-02,6.77E-02
2,S,1.72E-02,1.63E-02,2.53E-02
2,T,-6.90E-03,-7.17E-04,-9.37E-03
2,W,0.00E+00,0.00E+00,0.00E+00
2,Y,-5.15E-03,-8.84E-03,-1.55E-02
2,V,-2.15E-01,-2.04E-01,-2.27E-01
2,*,0.00E+00,0.00E+00,0.00E+00
3,A,2.08E-02,7.97E-03,1.63E-02
3,R,1.15E-01,1.18E-01,1.20E-01
3,N,0.00E+00,0.00E+00,0.00E+00
3,D,0.00E+00,0.00E+00,0.00E+00
3,C,0.00E+00,0.00E+00,0.00E+00
3,E,8.37E-04,-1.76E-03,-7.95E-04
3,Q,-2.74E-02,7.12E-03,-9.19E-03
3,G,2.56E-02,3.00E-02,5.03E-02
3,H,0.00E+00,0.00E+00,0.00E+00
3,I,9.99E-03,5.30E-03,1.41E-02
3,L,-8.33E-02,-8.54E-02,-8.45E-02
3,K,1.50E-02,2.16E-02,3.32E-02
3,M,0.00E+00,0.00E+00,0.00E+00
3,F,0.00E+00,0.00E+00,0.00E+00
3,P,-5.72E-02,-7.30E-02,-6.25E-02
3,S,7.26E-02,4.87E-02,6.32E-02
3,T,-2.12E-02,-2.26E-02,-2.10E-02
3,W,0.00E+00,0.00E+00,0.00E+00
3,Y,0.00E+00,0.00E+00,0.00E+00
3,V,-2.36E-02,-4.96E-03,-2.71E-02
3,*,-4.75E-02,-5.08E-02,-9.24E-02
4,A,-3.78E-03,-2.40E-03,-5.74E-03
4,R,-1.52E-01,-1.56E-01,-1.58E-01
4,N,0.00E+00,0.00E+00,0.00E+00
4,D,0.00E+00,0.00E+00,0.00E+00
4,C,0.00E+00,0.00E+00,0.00E+00
4,E,-6.91E-03,-3.40E-03,-9.90E-03
4,Q,-1.19E-01,-1.30E-01,-1.24E-01
4,G,-9.61E-03,-5.33E-03,-1.44E-02
4,H,-8.23E-03,-4.74E-03,-1.22E-02
4,I,7.62E-03,5.10E-03,1.34E-02
4,L,2.25E-01,2.24E-01,2.35E-01
4,K,-1.11E-02,-5.09E-03,-1.56E-02
4,M,2.32E-01,2.28E-01,2.44E-01
4,F,0.00E+00,0.00E+00,0.00E+00
4,P,-1.36E-01,-1.52E-01,-1.48E-01
4,S,0.00E+00,0.00E+00,0.00E+00
4,T,-9.40E-03,-1.68E-03,-1.06E-02
4,W,0.00E+00,0.00E+00,0.00E+00
4,Y,0.00E+00,0.00E+00,0.00E+00
4,V,-8.45E-03,3.16E-03,6.30E-03
4,*,0.00E+00,0.00E+00,0.00E+00
5,A,-5.47E-02,-3.82E-02,-4.70E-02
5,R,-3.92E-02,-4.78E-02,-4.33E-02
5,N,0.00E+00,0.00E+00,0.00E+00
5,D,0.00E+00,0.00E+00,0.00E+00
5,C,0.00E+00,0.00E+00,0.00E+00
5,E,-7.16E-05,-1.11E-02,-1.05E-02
5,Q,-2.69E-02,-1.49E-02,-2.05E-02
5,G,2.32E-02,1.61E-02,3.58E-02
5,H,0.00E+00,0.00E+00,0.00E+00
5,I,0.00E+00,0.00E+00,0.00E+00
5,L,-7.90E-02,-6.97E-02,-7.59E-02
5,K,-4.02E-03,-5.16E-03,-8.73E-03
5,M,-8.30E-03,-3.95E-03,-1.17E-02
5,F,0.00E+00,0.00E+00,0.00E+00
5,P,2.80E-01,2.85E-01,2.85E-01
5,S,-4.39E-02,-5.18E-02,-4.75E-02
5,T,-4.34E-02,-5.68E-02,-5.02E-02
5,W,1.81E-02,1.12E-02,2.85E-02
5,Y,0.00E+00,0.00E+00,0.00E+00
5,V,-7.77E-03,-6.05E-03,-1.30E-02
5,*,-1.44E-02,-6.93E-03,-2.08E-02
6,A,3.66E-03,-1.54E-03,-5.86E-04
6,R,1.19E-02,5.77E-03,1.59E-02
6,N,-3.42E-04,6.21E-04,-2.47E-04
6,D,-8.50E-02,-8.68E-02,-9.09E-02
6,C,-1.35E-02,-1.05E-02,-2.30E-02
6,E,-1.83E-02,-5.95E-03,-2.32E-02
6,Q,0.00E+00,0.00E+00,0.00E+00
6,G,-8.88E-02,-8.36E-02,-9.06E-02
6,H,-2.51E-03,-1.03E-03,-3.71E-03
6,I,-4.66E-03,1.66E-03,-3.22E-03
6,L,3.24E-02,2.27E-02,5.07E-02
6,K,0.00E+00,0.00E+00,0.00E+00
6,M,0.00E+00,0.00E+00,0.00E+00
6,F,9.96E-03,1.17E-02,1.93E-02
6,P,4.12E-02,4.47E-02,4.21E-02
6,S,2.97E-02,2.43E-02,2.55E-02
6,T,6.07E-02,6.76E-02,6.31E-02
6,W,0.00E+00,0.00E+00,0.00E+00
6,Y,7.12E-03,3.43E-03,9.52E-03
6,V,1.63E-02,6.96E-03,9.48E-03
6,*,0.00E+00,0.00E+00,0.00E+00
7,A,-6.00E-02,-5.96E-02,-6.21E-02
7,R,3.51E-02,4.49E-02,4.28E-02
7,N,1.85E-02,9.92E-03,2.68E-02
7,D,-8.16E-02,-8.27E-02,-8.44E-02
7,C,1.20E-02,1.48E-02,1.48E-02
7,E,-1.65E-02,-1.94E-02,-3.50E-02
7,Q,0.00E+00,0.00E+00,0.00E+00
7,G,2.78E-01,2.86E-01,2.84E-01
7,H,6.13E-03,1.02E-02,1.55E-02
7,I,9.70E-04,1.05E-03,2.00E-03
7,L,-1.61E-03,-4.80E-03,-6.30E-03
7,K,0.00E+00,0.00E+00,0.00E+00
7,M,0.00E+00,0.00E+00,0.00E+00
7,F,1.62E-02,1.09E-02,2.52E-02
7,P,-2.75E-04,-1.80E-03,-2.08E-03
7,S,-4.32E-02,-4.81E-02,-4.65E-02
7,T,-4.13E-03,-9.58E-03,-1.34E-02
7,W,-6.40E-04,-4.77E-03,-5.34E-03
7,Y,1.25E-03,4.25E-03,5.60E-03
7,V,-1.60E-01,-1.52E-01,-1.61E-01
7,*,0.00E+00,0.00E+00,0.00E+00
8,A,1.44E-03,1.65E-03,3.01E-03
8,R,-2.73E-02,-2.59E-02,-2.93E-02
8,N,0.00E+00,0.00E+00,0.00E+00
8,D,0.00E+00,0.00E+00,0.00E+00
8,C,-7.98E-02,-6.30E-02,-7.52E-02
8,E,-9.25E-04,-1.59E-03,-2.62E-03
8,Q,-1.02E-03,-2.85E-03,-3.95E-03
8,G,-9.11E-02,-7.51E-02,-8.96E-02
8,H,0.00E+00,0.00E+00,0.00E+00
8,I,0.00E+00,0.00E+00,0.00E+00
8,L,-5.68E-02,-6.03E-02,-6.29E-02
8,K,-1.39E-03,-5.04E-03,-6.45E-03
8,M,-5.01E-03,-6.23E-03,-1.12E-02
8,F,2.52E-02,2.19E-02,4.18E-02
8,P,-2.98E-03,-2.95E-03,-5.93E-03
8,S,-3.36E-02,-4.89E-02,-4.57E-02
8,T,0.00E+00,0.00E+00,0.00E+00
8,W,3.65E-01,3.57E-01,3.60E-01
8,Y,4.04E-02,4.17E-02,7.04E-02
8,V,-7.73E-03,-3.27E-03,-1.09E-02
8,*,-1.25E-01,-1.27E-01,-1.31E-01
9,A,2.08E-01,2.13E-01,2.26E-01
9,R,-4.12E-03,-1.14E-02,-1.39E-02
9,N,-6.11E-03,-6.78E-03,-9.78E-03
9,D,1.70E-01,1.67E-01,1.81E-01
9,C,0.00E+00,0.00E+00,0.00E+00
9,E,6.90E-02,6.40E-02,7.74E-02
9,Q,7.52E-02,7.93E-02,8.98E-02
9,G,4.57E-01,4.64E-01,4.77E-01
9,H,-1.23E-03,-1.06E-02,-9.62E-03
9,I,-1.13E-02,-1.39E-02,-2.42E-02
9,L,-2.76E-02,-3.10E-02,-5.51E-02
9,K,-2.15E-01,-2.10E-01,-2.10E-01
9,M,0.00E+00,0.00E+00,0.00E+00
9,F,0.00E+00,0.00E+00,0.00E+00
9,P,-1.12E-02,-7.83E-03,-1.85E-02
9,S,8.50E-03,1.61E-02,2.41E-02
9,T,8.21E-03,1.11E-02,1.94E-02
9,W,0.00E+00,0.00E+00,0.00E+00
9,Y,-1.74E-02,-2.12E-02,-3.43E-02
9,V,-3.12E-01,-3.04E-01,-3.11E-01
9,*,-3.91E-01,-3.99E-01,-4.07E-01
10,A,4.45E-03,3.28E-03,6.59E-03
10,R,-1.49E-02,-1.60E-02,-2.67E-02
10,N,-2.15E-02,-1.45E-02,-3.56E-02
10,D,0.00E+00,0.00E+00,0.00E+00
10,C,0.00E+00,0.00E+00,0.00E+00
10,E,8.42E-02,7.46E-02,1.38E-01
10,Q,1.09E-02,2.27E-02,3.11E-02
10,G,6.50E-03,8.52E-03,1.37E-02
10,H,0.00E+00,0.00E+00,0.00E+00
10,I,-9.51E-02,-9.97E-02,-1.09E-01
10,L,-6.28E-02,-6.88E-02,-7.76E-02
10,K,6.85E-02,6.54E-02,5.91E-02
10,M,5.10E-02,4.75E-02,3.91E-02
10,F,-1.33E-02,-1.73E-02,-3.03E-02
10,P,4.20E-03,1.29E-02,1.47E-02
10,S,2.86E-02,3.04E-02,4.98E-02
10,T,-3.94E-02,-3.90E-02,-5.15E-02
10,W,3.18E-03,1.33E-03,3.39E-03
10,Y,0.00E+00,0.00E+00,0.00E+00
10,V,-1.45E-02,-1.14E-02,-2.42E-02
10,*,0.00E+00,0.00E+00,0.00E+00
11,A,2.57E-01,2.53E-01,2.59E-01
11,R,6.99E-02,8.29E-02,1.40E-01
11,N,5.88E-04,-9.15E-04,1.15E-04
11,D,-8.89E-02,-8.72E-02,-8.79E-02
11,C,-9.42E-03,-1.38E-02,-2.26E-02
11,E,-1.28E-02,-1.05E-02,-2.24E-02
11,Q,0.00E+00,0.00E+00,0.00E+00
11,G,2.53E-02,1.95E-02,2.66E-02
11,H,-7.71E-03,-5.47E-03,-1.29E-02
11,I,-1.15E-02,-1.59E-02,-2.60E-02
11,L,-1.10E-02,-9.61E-03,-2.02E-02
11,K,0.00E+00,0.00E+00,0.00E+00
11,M,0.00E+00,0.00E+00,0.00E+00
11,F,-9.60E-03,-1.68E-02,-2.56E-02
11,P,-1.70E-01,-1.67E-01,-1.76E-01
11,S,1.65E-01,1.68E-01,1.74E-01
11,T,-3.43E-03,-8.37E-03,-2.70E-03
11,W,0.00E+00,0.00E+00,0.00E+00
11,Y,-1.06E-02,-1.12E-02,-2.16E-02
11,V,-1.83E-01,-1.76E-01,-1.81E-01
11,*,0.00E+00,0.00E+00,0.00E+00
12,A,3.68E-03,6.03E-03,8.59E-03
12,R,9.40E-02,9.31E-02,9.22E-02
12,N,-2.57E-02,-2.78E-02,-3.17E-02
12,D,-1.45E-02,-5.90E-03,-1.98E-02
12,C,0.00E+00,0.00E+00,0.00E+00
12,E,5.06E-02,5.07E-02,4.78E-02
12,Q,6.84E-02,6.19E-02,6.30E-02
12,G,7.10E-03,5.00E-03,1.18E-02
12,H,2.41E-02,3.34E-02,5.01E-02
12,I,-4.46E-02,-4.42E-02,-5.04E-02
12,L,3.96E-02,2.90E-02,5.89E-02
12,K,1.27E-01,1.27E-01,1.23E-01
12,M,2.30E-04,3.76E-03,3.37E-03
12,F,0.00E+00,0.00E+00,0.00E+00
12,P,-5.32E-03,-7.10E-03,-1.24E-02
12,S,1.51E-02,2.47E-02,3.22E-02
12,T,2.61E-02,1.77E-02,1.81E-02
12,W,0.00E+00,0.00E+00,0.00E+00
12,Y,-1.19E-03,-1.56E-03,-3.64E-03
12,V,-8.52E-03,-3.14E-03,-1.17E-02
12,*,-3.56E-01,-3.62E-01,-3.79E-01
13,A,5.21E-02,5.16E-02,5.81E-02
13,R,-1.61E-02,-1.18E-02,-2.58E-02
13,N,-6.46E-02,-5.50E-02,-5.82E-02
13,D,-3.88E-03,-1.12E-03,-4.71E-03
13,C,-9.90E-03,-1.15E-02,-2.06E-02
13,E,0.00E+00,0.00E+00,0.00E+00
13,Q,0.00E+00,0.00E+00,0.00E+00
13,G,0.00E+00,0.00E+00,0.00E+00
13,H,-3.72E-03,-8.27E-03,-1.15E-02
13,I,-5.52E-02,-5.76E-02,-5.40E-02
13,L,-2.20E-03,1.42E-03,-5.15E-04
13,K,-1.66E-02,-1.20E-02,-2.76E-02
13,M,6.93E-03,1.22E-03,8.07E-03
13,F,-1.16E-02,-1.45E-02,-2.51E-02
13,P,-1.68E-01,-1.74E-01,-1.76E-01
13,S,7.36E-03,9.84E-04,8.57E-03
13,T,2.45E-01,2.42E-01,2.49E-01
13,W,0.00E+00,0.00E+00,0.00E+00
13,Y,3.76E-02,4.43E-02,7.34E-02
13,V,2.61E-03,3.92E-03,6.56E-03
13,*,0.00E+00,0.00E+00,0.00E+00
14,A,0.00E+00,0.00E+00,0.00E+00
14,R,1.58E-01,1.50E-01,1.52E-01
14,N,-4.88E-02,-5.09E-02,-5.44E-02
14,D,-1.76E-02,-7.29E-03,-2.44E-02
14,C,0.00E+00,0.00E+00,0.00E+00
14,E,0.00E+00,0.00E+00,0.00E+00
14,Q,0.00E+00,0.00E+00,0.00E+00
14,G,-2.07E-02,-2.52E-02,-2.72E-02
14,H,5.52E-03,9.51E-03,1.33E-02
14,I,-2.91E-02,-2.18E-02,-2.97E-02
14,L,0.00E+00,0.00E+00,0.00E+00
14,K,3.88E-02,5.02E-02,7.44E-02
14,M,-4.30E-03,-6.47E-03,-1.07E-02
14,F,0.00E+00,0.00E+00,0.00E+00
14,P,0.00E+00,0.00E+00,0.00E+00
14,S,-8.35E-02,-9.69E-02,-9.29E-02
14,T,0.00E+00,0.00E+00,0.00E+00
14,W,0.00E+00,0.00E+00,0.00E+00
14,Y,0.00E+00,0.00E+00,0.00E+00
14,V,1.93E-03,-1.41E-03,-6.61E-05
14,*,0.00E+00,0.00E+00,0.00E+00
15,A,7.79E-02,8.51E-02,8.59E-02
15,R,5.96E-03,1.34E-02,1.85E-02
15,N,-4.30E-03,-3.32E-03,-7.55E-03
15,D,-1.84E-03,2.59E-03,7.07E-04
15,C,-2.20E-01,-2.23E-01,-2.30E-01
15,E,0.00E+00,0.00E+00,0.00E+00
15,Q,0.00E+00,0.00E+00,0.00E+00
15,G,1.14E-02,1.26E-02,2.24E-02
15,H,-1.01E-05,-8.44E-04,-8.58E-04
15,I,7.59E-04,3.83E-03,4.46E-03
15,L,1.73E-03,6.21E-03,7.25E-03
15,K,0.00E+00,0.00E+00,0.00E+00
15,M,0.00E+00,0.00E+00,0.00E+00
15,F,7.39E-02,7.55E-02,7.67E-02
15,P,-2.85E-01,-3.09E-01,-3.20E-01
15,S,4.51E-02,4.10E-02,4.45E-02
15,T,6.64E-02,6.53E-02,7.00E-02
15,W,5.68E-03,8.99E-03,1.42E-02
15,Y,2.36E-01,2.37E-01,2.42E-01
15,V,2.97E-03,4.93E-03,7.59E-03
15,*,-1.71E-02,-1.92E-02,-3.52E-02
16,A,-5.93E-02,-6.84E-02,-6.16E-02
16,R,4.61E-02,4.57E-02,5.49E-02
16,N,1.51E-03,7.72E-03,9.39E-03
16,D,-3.56E-03,5.07E-03,7.76E-03
16,C,-4.07E-02,-3.96E-02,-3.51E-02
16,E,-4.89E-03,-6.24E-03,-1.05E-02
16,Q,0.00E+00,0.00E+00,0.00E+00
16,G,3.06E-01,3.06E-01,3.14E-01
16,H,-2.92E-04,-1.66E-03,-1.35E-03
16,I,-4.54E-03,-1.00E-02,-1.36E-02
16,L,2.93E-03,-6.16E-03,-2.80E-03
16,K,0.00E+00,0.00E+00,0.00E+00
16,M,0.00E+00,0.00E+00,0.00E+00
16,F,-6.15E-03,-1.16E-02,-1.70E-02
16,P,-6.13E-03,-5.64E-03,-1.16E-02
16,S,-2.82E-02,-2.10E-02,-1.82E-02
16,T,-1.05E-02,-7.92E-03,-1.78E-02
16,W,5.84E-03,1.36E-03,7.55E-03
16,Y,-1.01E-02,-9.74E-03,-1.88E-02
16,V,-1.88E-01,-1.78E-01,-1.85E-01
16,*,0.00E+00,0.00E+00,0.00E+00
17,A,2.49E-02,3.38E-02,5.22E-02
17,R,2.96E-01,3.05E-01,2.91E-01
17,N,-2.93E-03,-2.50E-03,-6.84E-03
17,D,3.80E-03,1.23E-02,1.29E-02
17,C,0.00E+00,0.00E+00,0.00E+00
17,E,9.78E-03,-4.11E-03,-1.10E-02
17,Q,1.45E-01,1.42E-01,1.30E-01
17,G,2.70E-03,1.32E-03,2.26E-03
17,H,1.45E-01,1.51E-01,1.35E-01
17,I,0.00E+00,0.00E+00,0.00E+00
17,L,-5.54E-02,-6.47E-02,-7.60E-02
17,K,-2.44E-01,-2.44E-01,-2.71E-01
17,M,-3.25E-03,-1.67E-03,-5.96E-03
17,F,0.00E+00,0.00E+00,0.00E+00
17,P,-2.49E-01,-2.40E-01,-2.69E-01
17,S,1.25E-02,6.84E-03,1.51E-02
17,T,-1.16E-02,-7.44E-03,-1.95E-02
17,W,4.94E-02,4.33E-02,8.24E-02
17,Y,1.75E-01,1.81E-01,2.70E-01
17,V,4.99E-05,1.12E-03,-1.96E-05
17,*,-2.97E-01,-3.12E-01,-3.32E-01
18,A,1.50E-02,4.59E-03,1.66E-02
18,R,5.36E-02,5.06E-02,3.85E-02
18,N,7.53E-02,7.26E-02,1.23E-01
18,D,-7.47E-03,-1.41E-03,-1.02E-02
18,C,-1.95E-01,-1.97E-01,-2.16E-01
18,E,0.00E+00,0.00E+00,0.00E+00
18,Q,3.38E-03,-1.31E-03,4.94E-05
18,G,-2.64E-01,-2.68E-01,-2.88E-01
18,H,2.92E-02,3.58E-02,1.90E-02
18,I,4.55E-02,3.60E-02,6.98E-02
18,L,2.30E-02,2.63E-02,1.09E-02
18,K,0.00E+00,0.00E+00,0.00E+00
18,M,0.00E+00,0.00E+00,0.00E+00
18,F,-1.51E-03,8.77E-03,4.35E-03
18,P,1.90E-01,2.01E-01,1.87E-01
18,S,-6.64E-03,-6.59E-03,-2.09E-02
18,T,1.98E-02,1.73E-02,3.37E-02
18,W,1.30E-02,1.35E-02,2.40E-02
18,Y,-2.34E-03,5.83E-03,7.97E-04
18,V,1.57E-02,1.21E-02,2.39E-02
18,*,-6.96E-03,-1.03E-02,-1.74E-02
19,A,-7.77E-04,-3.64E-03,-4.12E-03
19,R,-5.49E-03,-7.69E-03,-1.30E-02
19,N,-5.02E-02,-5.31E-02,-4.99E-02
19,D,-7.90E-02,-7.69E-02,-7.71E-02
19,C,-6.77E-02,-7.04E-02,-6.60E-02
19,E,-6.16E-03,-8.47E-03,-1.40E-02
19,Q,-3.33E-03,-3.10E-03,-5.87E-03
19,G,-2.59E-03,1.18E-03,-8.78E-04
19,H,-1.09E-02,-1.22E-02,-5.67E-03
19,I,0.00E+00,0.00E+00,0.00E+00
19,L,2.65E-03,-1.87E-02,-1.41E-02
19,K,-5.93E-03,-9.36E-03,-1.46E-02
19,M,0.00E+00,0.00E+00,0.00E+00
19,F,-1.37E-02,-1.32E-02,-6.67E-03
19,P,0.00E+00,0.00E+00,0.00E+00
19,S,-8.55E-02,-7.09E-02,-7.51E-02
19,T,4.62E-03,3.69E-03,8.37E-03
19,W,-1.21E-02,-7.96E-03,-1.93E-02
19,Y,3.86E-01,3.97E-01,3.99E-01
19,V,0.00E+00,0.00E+00,0.00E+00
19,*,-4.95E-02,-4.60E-02,-4.13E-02
20,A,-2.57E-03,-8.60E-04,-3.20E-03
20,R,3.34E-03,2.95E-03,6.39E-03
20,N,0.00E+00,0.00E+00,0.00E+00
20,D,1.59E-03,-8.27E-04,8.10E-04
20,C,-1.18E-01,-1.34E-01,-1.29E-01
20,E,0.00E+00,0.00E+00,0.00E+00
20,Q,0.00E+00,0.00E+00,0.00E+00
20,G,-2.40E-03,-1.87E-03,-3.94E-03
20,H,-2.74E-03,-1.78E-03,-4.33E-03
20,I,-1.31E-01,-1.29E-01,-1.36E-01
20,L,-1.14E-01,-1.20E-01,-1.11E-01
20,K,0.00E+00,0.00E+00,0.00E+00
20,M,-3.73E-03,-3.62E-03,-7.05E-03
20,F,3.04E-01,3.09E-01,3.15E-01
20,P,-1.05E-03,-4.49E-03,-5.11E-03
20,S,-1.25E-01,-1.14E-01,-1.22E-01
20,T,-2.34E-03,-3.65E-03,-5.82E-03
20,W,-9.55E-03,-5.06E-03,-1.41E-02
20,Y,3.23E-01,3.36E-01,3.54E-01
20,V,-1.13E-01,-1.20E-01,-1.19E-01
20,*,-6.91E-03,-9.23E-03,-1.48E-02
21,A,-6.71E-03,-2.70E-03,-9.57E-03
21,R,3.43E-02,4.36E-02,3.28E-02
21,N,0.00E+00,0.00E+00,0.00E+00
21,D,0.00E+00,0.00E+00,0.00E+00
21,C,0.00E+00,0.00E+00,0.00E+00
21,E,0.00E+00,0.00E+00,0.00E+00
21,Q,-1.43E-01,-1.53E-01,-1.68E-01
21,G,0.00E+00,0.00E+00,0.00E+00
21,H,-7.14E-03,-1.10E-02,-1.82E-02
21,I,8.66E-02,8.48E-02,1.36E-01
21,L,1.44E-01,1.41E-01,1.35E-01
21,K,4.76E-02,4.95E-02,8.98E-02
21,M,3.63E-02,3.67E-02,2.95E-02
21,F,0.00E+00,0.00E+00,0.00E+00
21,P,-2.23E-01,-2.17E-01,-2.44E-01
21,S,0.00E+00,0.00E+00,0.00E+00
21,T,-6.22E-03,-6.83E-03,-1.32E-02
21,W,0.00E+00,0.00E+00,0.00E+00
21,Y,0.00E+00,0.00E+00,0.00E+00
21,V,3.83E-02,3.50E-02,2.96E-02
21,*,0.00E+00,0.00E+00,0.00E+00
22,A,-8.63E-03,-6.43E-03,-1.45E-02
22,R,-1.12E-02,-1.50E-02,-2.21E-02
22,N,3.81E-01,3.86E-01,3.98E-01
22,D,6.54E-02,6.67E-02,8.13E-02
22,C,-6.90E-03,-1.70E-03,-7.47E-03
22,E,-1.35E-02,-4.52E-03,-1.58E-02
22,Q,-1.08E-03,-3.64E-03,-3.30E-03
22,G,-6.60E-03,-1.29E-02,-1.84E-02
22,H,-2.73E-02,-3.65E-02,-2.08E-02
22,I,-2.59E-01,-2.79E-01,-2.78E-01
22,L,0.00E+00,0.00E+00,0.00E+00
22,K,-1.29E-02,-1.03E-02,1.44E-03
22,M,-2.15E-02,-1.37E-02,-3.39E-02
22,F,-7.65E-03,-1.16E-02,-1.68E-02
22,P,-8.69E-03,-7.04E-03,-1.49E-02
22,S,1.31E-01,1.34E-01,1.50E-01
22,T,-9.36E-02,-8.19E-02,-7.99E-02
22,W,0.00E+00,0.00E+00,0.00E+00
22,Y,-8.18E-02,-8.40E-02,-7.37E-02
22,V,-7.30E-03,-9.12E-03,-1.50E-02
22,*,-9.89E-03,-9.56E-03,-1.64E-02
23,A,-5.31E-03,-7.17E-03,-1.19E-02
23,R,-1.25E-02,-1.60E-03,1.10E-03
23,N,-1.82E-02,-2.94E-02,-1.66E-02
23,D,-4.60E-02,-4.59E-02,-4.00E-02
23,C,9.65E-04,1.80E-03,3.25E-03
23,E,-4.59E-03,2.69E-03,-1.04E-03
23,Q,-5.79E-02,-5.42E-02,-4.87E-02
23,G,-6.81E-03,-9.87E-03,-1.58E-02
23,H,4.31E-01,4.35E-01,4.42E-01
23,I,-1.78E-03,-2.66E-04,-1.46E-03
23,L,-9.29E-02,-1.02E-01,-9.34E-02
23,K,-3.06E-03,-6.12E-03,-7.97E-03
23,M,0.00E+00,0.00E+00,0.00E+00
23,F,-8.63E-03,-1.86E-02,-2.51E-02
23,P,-5.80E-02,-5.59E-02,-5.17E-02
23,S,-1.17E-02,-1.08E-02,-2.06E-02
23,T,-4.16E-03,-3.38E-03,-6.98E-03
23,W,0.00E+00,0.00E+00,0.00E+00
23,Y,-8.36E-02,-7.65E-02,-7.47E-02
23,V,-1.03E-02,-1.06E-02,-1.98E-02
23,*,-6.42E-03,-6.60E-03,-1.10E-02
24,A,-6.40E-03,-2.08E-03,-8.41E-03
24,R,1.78E-02,1.26E-02,2.64E-02
24,N,1.98E-01,1.92E-01,2.00E-01
24,D,-6.93E-03,-6.35E-03,-1.34E-02
24,C,-2.62E-03,-4.78E-04,-3.19E-03
24,E,0.00E+00,0.00E+00,0.00E+00
24,Q,0.00E+00,0.00E+00,0.00E+00
24,G,-3.31E-04,4.27E-05,-4.91E-04
24,H,1.50E-03,6.85E-03,7.95E-03
24,I,2.59E-03,-1.17E-03,-3.86E-04
24,L,-4.11E-03,-7.58E-03,-7.93E-03
24,K,2.11E-02,2.21E-02,3.87E-02
24,M,7.19E-02,7.96E-02,7.52E-02
24,F,-1.20E-01,-1.19E-01,-1.25E-01
24,P,-1.10E-03,-3.88E-03,-4.99E-03
24,S,-9.91E-02,-9.32E-02,-1.02E-01
24,T,7.63E-03,-4.22E-03,-8.29E-05
24,W,0.00E+00,0.00E+00,0.00E+00
24,Y,-2.67E-03,4.11E-04,-2.35E-03
24,V,-7.65E-02,-7.54E-02,-8.01E-02
24,*,0.00E+00,0.00E+00,0.00E+00
25,A,1.40E-01,1.48E-01,1.33E-01
25,R,1.06E-01,1.18E-01,1.77E-01
25,N,1.32E-01,1.48E-01,1.27E-01
25,D,-1.63E-01,-1.68E-01,-1.79E-01
25,C,2.39E-02,2.19E-02,3.82E-02
25,E,-2.95E-02,-2.59E-02,-4.22E-02
25,Q,4.67E-02,4.40E-02,7.39E-02
25,G,-8.68E-02,-8.44E-02,-1.02E-01
25,H,2.17E-02,2.55E-02,1.04E-02
25,I,-6.23E-03,-6.31E-03,-1.45E-02
25,L,-4.53E-03,2.10E-03,-4.18E-03
25,K,1.52E-01,1.52E-01,2.09E-01
25,M,0.00E+00,0.00E+00,0.00E+00
25,F,1.76E-02,5.35E-03,1.86E-02
25,P,-1.64E-02,-1.89E-02,-3.53E-02
25,S,2.84E-02,2.54E-02,3.85E-02
25,T,4.83E-03,-1.07E-02,-7.63E-03
25,W,0.00E+00,0.00E+00,0.00E+00
25,Y,-1.57E-01,-1.52E-01,-1.72E-01
25,V,-1.82E-01,-1.82E-01,-2.00E-01
25,*,-2.78E-02,-4.31E-02,-6.93E-02
26,A,-6.02E-03,-8.13E-03,-1.29E-02
26,R,6.11E-01,5.98E-01,6.31E-01
26,N,-3.24E-02,-2.27E-02,-5.18E-02
26,D,-2.65E-02,-1.36E-02,-3.67E-02
26,C,0.00E+00,0.00E+00,0.00E+00
26,E,-2.28E-01,-2.20E-01,-2.16E-01
26,Q,1.46E-01,1.31E-01,1.59E-01
26,G,-7.13E-03,-1.19E-02,-1.79E-02
26,H,-2.54E-03,5.89E-02,4.77E-02
26,I,0.00E+00,0.00E+00,0.00E+00
26,L,-2.37E-01,-2.58E-01,-2.39E-01
26,K,5.64E-01,5.58E-01,5.87E-01
26,M,-2.79E-03,-3.46E-03,-3.40E-03
26,F,0.00E+00,0.00E+00,0.00E+00
26,P,-2.72E-01,-2.96E-01,-2.82E-01
26,S,-1.35E-02,-1.52E-02,-2.58E-02
26,T,-9.52E-03,-1.50E-02,-2.35E-02
26,W,-1.78E-02,-8.11E-03,-2.47E-02
26,Y,-1.21E-02,-8.13E-03,-1.46E-02
26,V,-1.66E-02,-9.66E-03,-2.48E-02
26,*,-4.37E-01,-4.55E-01,-4.51E-01
27,A,-1.24E-01,-8.46E-02,-1.24E-01
27,R,1.00E-01,9.50E-02,1.46E-01
27,N,-3.46E-02,-4.91E-02,-6.01E-02
27,D,3.18E-02,1.80E-02,4.40E-02
27,C,7.95E-03,7.46E-03,1.21E-02
27,E,0.00E+00,0.00E+00,0.00E+00
27,Q,2.16E-03,2.91E-04,2.25E-03
27,G,-1.64E-02,-1.35E-02,-3.00E-02
27,H,-3.73E-03,-4.13E-03,-8.85E-03
27,I,1.25E-02,-6.83E-03,-1.41E-02
27,L,1.19E-02,1.25E-02,1.92E-02
27,K,1.61E-02,1.54E-02,2.44E-02
27,M,2.48E-02,2.79E-02,4.61E-02
27,F,3.64E-02,2.63E-02,5.28E-02
27,P,-3.07E-01,-2.91E-01,-3.31E-01
27,S,7.13E-02,8.33E-02,6.12E-02
27,T,1.59E-01,1.42E-01,1.34E-01
27,W,0.00E+00,0.00E+00,0.00E+00
27,Y,8.58E-03,1.57E-02,2.12E-02
27,V,1.84E-03,4.59E-03,4.28E-03
27,*,1.42E-04,8.33E-04,6.49E-04
28,A,-1.74E-01,-1.69E-01,-1.76E-01
28,R,-1.29E-02,-7.26E-03,-1.76E-02
28,N,-3.42E-02,-4.11E-02,-3.17E-02
28,D,-5.52E-03,-6.63E-03,-1.18E-02
28,C,1.38E-03,1.53E-03,2.90E-03
28,E,0.00E+00,0.00E+00,0.00E+00
28,Q,0.00E+00,0.00E+00,0.00E+00
28,G,5.46E-03,5.79E-03,1.13E-02
28,H,2.91E-02,1.46E-02,4.14E-02
28,I,-1.73E-01,-1.81E-01,-1.78E-01
28,L,-1.03E-02,-1.06E-02,-1.97E-02
28,K,-1.49E-02,-1.48E-02,-2.73E-02
28,M,-7.24E-03,-9.24E-03,-1.59E-02
28,F,-6.64E-03,-9.31E-03,-1.46E-02
28,P,-7.95E-02,-8.33E-02,-7.86E-02
28,S,1.20E-01,1.33E-01,1.36E-01
28,T,3.65E-01,3.75E-01,3.78E-01
28,W,0.00E+00,0.00E+00,0.00E+00
28,Y,4.64E-03,1.06E-02,1.54E-02
28,V,-6.74E-03,-8.28E-03,-1.45E-02
28,*,0.00E+00,0.00E+00,0.00E+00
29,A,-2.83E-02,-3.39E-02,-3.24E-02
29,R,2.78E-04,1.73E-02,9.45E-03
29,N,0.00E+00,0.00E+00,0.00E+00
29,D,0.00E+00,0.00E+00,0.00E+00
29,C,0.00E+00,0.00E+00,0.00E+00
29,E,-6.33E-04,-2.23E-04,-9.27E-04
29,Q,3.54E-02,3.26E-02,6.35E-02
29,G,7.95E-03,1.29E-03,8.91E-03
29,H,0.00E+00,0.00E+00,0.00E+00
29,I,0.00E+00,0.00E+00,0.00E+00
29,L,-1.28E-02,-1.59E-02,-2.64E-02
29,K,-9.42E-02,-1.03E-01,-1.02E-01
29,M,-1.13E-01,-1.15E-01,-1.17E-01
29,F,0.00E+00,0.00E+00,0.00E+00
29,P,-1.55E-01,-1.57E-01,-1.65E-01
29,S,1.01E-01,1.08E-01,1.08E-01
29,T,2.68E-01,2.75E-01,2.73E-01
29,W,2.69E-03,4.10E-04,2.88E-03
29,Y,0.00E+00,0.00E+00,0.00E+00
29,V,-1.25E-02,-9.26E-03,-2.14E-02
29,*,0.00E+00,0.00E+00,0.00E+00
30,A,0.00E+00,0.00E+00,0.00E+00
30,R,-1.27E-01,-2.86E-02,-7.42E-02
30,N,0.00E+00,0.00E+00,0.00E+00
30,D,0.00E+00,0.00E+00,0.00E+00
30,C,5.08E-03,-6.88E-02,-2.22E-02
30,E,-1.70E-02,-8.83E-03,-2.45E-02
30,Q,-1.55E-03,6.52E-03,5.65E-03
30,G,-2.52E-01,-4.00E-02,-1.58E-01
30,H,0.00E+00,0.00E+00,0.00E+00
30,I,0.00E+00,0.00E+00,0.00E+00
30,L,-5.62E-02,-1.13E-01,-7.90E-02
30,K,-8.09E-03,-7.03E-03,-1.43E-02
30,M,0.00E+00,0.00E+00,0.00E+00
30,F,-4.30E-03,-5.43E-03,-7.46E-03
30,P,0.00E+00,0.00E+00,0.00E+00
30,S,-1.51E-02,-7.75E-02,-3.91E-02
30,T,-3.61E-03,-2.35E-03,-6.15E-03
30,W,4.72E-01,4.12E-01,4.53E-01
30,Y,-4.71E-03,-1.52E-02,-1.68E-02
30,V,-1.13E-02,-4.53E-03,-1.56E-02
30,*,2.35E-02,-4.77E-02,-1.53E-03
31,A,9.60E-03,8.95E-03,1.64E-02
31,R,3.05E-01,3.47E-01,3.25E-01
31,N,2.01E-02,4.24E-02,5.56E-02
31,D,9.52E-04,-1.49E-03,-1.89E-03
31,C,0.00E+00,0.00E+00,0.00E+00
31,E,-1.25E-01,-1.40E-01,-1.46E-01
31,Q,1.22E-01,1.07E-01,1.07E-01
31,G,1.06E-02,1.98E-02,2.71E-02
31,H,3.18E-01,3.07E-01,3.08E-01
31,I,0.00E+00,0.00E+00,0.00E+00
31,L,-6.32E-02,-5.45E-02,-6.86E-02
31,K,1.28E-03,-2.75E-02,-2.14E-02
31,M,6.41E-03,1.58E-03,6.46E-03
31,F,0.00E+00,0.00E+00,0.00E+00
31,P,-3.39E-01,-3.18E-01,-3.54E-01
31,S,2.16E-02,2.23E-02,3.85E-02
31,T,9.13E-03,1.95E-02,2.63E-02
31,W,2.33E-02,2.12E-02,3.88E-02
31,Y,2.45E-02,1.72E-02,3.49E-02
31,V,-1.22E-02,-1.08E-02,-2.29E-02
31,*,-3.33E-01,-3.61E-01,-3.69E-01
32,A,3.14E-02,4.61E-02,4.01E-02
32,R,6.88E-03,9.03E-03,1.51E-02
32,N,-1.45E-02,-2.49E-02,-2.01E-02
32,D,1.98E-01,1.92E-01,1.96E-01
32,C,-6.64E-03,-9.92E-03,-1.62E-02
32,E,-1.72E-01,-1.80E-01,-1.80E-01
32,Q,1.85E-03,-3.95E-03,-2.14E-03
32,G,-1.46E-01,-1.36E-01,-1.47E-01
32,H,4.09E-02,5.14E-02,4.80E-02
32,I,1.41E-02,4.90E-03,1.69E-02
32,L,-5.84E-03,-6.25E-03,-1.18E-02
32,K,5.04E-02,4.47E-02,7.50E-02
32,M,0.00E+00,0.00E+00,0.00E+00
32,F,-4.11E-03,-6.16E-03,-9.93E-03
32,P,-7.13E-04,-2.93E-04,-1.06E-03
32,S,1.06E-02,2.14E-02,2.74E-02
32,T,-3.95E-03,-8.06E-04,-4.84E-03
32,W,0.00E+00,0.00E+00,0.00E+00
32,Y,1.89E-02,2.21E-02,2.06E-02
32,V,9.83E-03,7.00E-04,5.01E-03
32,*,-2.90E-02,-2.45E-02,-5.12E-02
33,A,-1.02E-01,-1.02E-01,-1.02E-01
33,R,6.79E-02,6.69E-02,7.54E-02
33,N,0.00E+00,0.00E+00,0.00E+00
33,D,0.00E+00,0.00E+00,0.00E+00
33,C,0.00E+00,0.00E+00,0.00E+00
33,E,-3.92E-03,-8.65E-03,-1.23E-02
33,Q,-7.29E-02,-8.45E-02,-7.66E-02
33,G,-3.17E-03,-1.53E-03,-4.34E-03
33,H,0.00E+00,0.00E+00,0.00E+00
33,I,0.00E+00,0.00E+00,0.00E+00
33,L,-1.19E-01,-1.12E-01,-1.14E-01
33,K,-8.65E-04,1.09E-03,5.01E-04
33,M,-8.98E-03,-6.05E-03,-1.42E-02
33,F,0.00E+00,0.00E+00,0.00E+00
33,P,3.73E-01,3.76E-01,3.81E-01
33,S,-7.88E-02,-8.35E-02,-7.81E-02
33,T,-3.87E-02,-3.38E-02,-3.23E-02
33,W,-1.12E-02,-9.60E-03,-1.94E-02
33,Y,0.00E+00,0.00E+00,0.00E+00
33,V,-8.74E-03,-1.32E-02,-2.07E-02
33,*,6.90E-03,1.04E-02,1.70E-02
34,A,-9.19E-03,-7.30E-03,-1.59E-02
34,R,3.93E-01,3.95E-01,4.05E-01
34,N,-4.99E-03,-5.30E-03,-8.77E-03
34,D,-8.52E-03,-5.63E-03,-1.21E-02
34,C,-3.47E-02,-4.03E-02,-2.86E-02
34,E,0.00E+00,0.00E+00,0.00E+00
34,Q,-3.61E-03,-1.10E-02,-1.20E-02
34,G,-5.05E-02,-4.23E-02,-3.83E-02
34,H,-3.35E-02,-2.72E-02,-2.07E-02
34,I,-2.61E-03,-4.73E-03,-6.26E-03
34,L,-9.38E-02,-1.05E-01,-9.30E-02
34,K,0.00E+00,0.00E+00,0.00E+00
34,M,8.16E-04,2.53E-04,1.15E-03
34,F,-1.40E-02,-1.02E-02,-2.20E-02
34,P,-9.45E-02,-8.03E-02,-8.35E-02
34,S,-1.88E-02,-2.04E-02,-1.05E-02
34,T,4.01E-03,-2.66E-03,1.85E-03
34,W,-6.69E-03,-5.08E-03,-1.13E-02
34,Y,-1.26E-02,-1.25E-02,-2.13E-02
34,V,-4.41E-03,-1.01E-02,-1.33E-02
34,*,-5.68E-03,-5.61E-03,-1.09E-02
