,0,1,2,3,4,5,6,7,8,9,10,11,12,13,14,15,16,17,18,19,20
0,-3.34823570510519,-2.5395812720427076,-2.7056500810226867,-3.661161526050123,-4.158434183411409,-2.942038859086917,-3.989357853367476,-3.2733959950413594,-3.0290502360765466,-2.520825394010613,-3.1243604158808713,-2.366674714183355,-3.0598218947433002,-3.347503967195081,-4.600266935690449,-2.942038859086917,-2.7597173022929624,-3.096189538914175,-2.9908290232563486,-3.5706475185092907,-2.654356786635136
1,-3.1872996272520533,-2.493500827395155,-2.753783925658822,-2.6605549120583216,-3.4585817234387424,-2.3656674558852706,-4.2852602966232105,-3.3689695647490554,-3.6721558237368015,-3.1866480079551005,-2.6560197568929302,-2.1750470962766206,-2.963504456640891,-4.033945868342304,-3.1866480079551005,-4.033945868342304,-4.102938739829256,-2.493500827395155,-3.004326451161146,-3.592113116063265,-4.2852602966232105
2,-3.5371466461059673,-2.354764713109869,-3.2894045836522205,-3.41110151862974,-3.4562219539102097,-3.179589717645014,-3.4492532845941164,-4.0470902853497375,-3.787579089864652,-3.2739003971162552,-3.5362646615837465,-3.2178109304652116,-3.43090414592592,-4.634876950251856,-3.2485825891319653,-2.9484779966816275,-3.718586218377701,-3.066261032338011,-1.7445051923556913,-2.4376523729156365,-2.4376523729156365
3,-3.6590415239376406,-2.3137231821454995,-2.8530851131764243,-3.369775856394813,-3.320985692225381,-2.692377032803007,-3.7315659010003155,-3.5520974131887675,-3.5774152211730574,-2.494307119040913,-2.964310748286649,-3.069671263944475,-2.8101600684593904,-3.9939301654678068,-3.657457928846594,-2.404694960351226,-3.369775856394813,-2.453485124520658,-3.1466323050806033,-3.1466323050806033,-4.062923036954758
4,-3.3167967186864393,-2.357964656811151,-2.5172966953804066,-2.5782054484673993,-3.9517931583181753,-3.215720933041196,-3.6034864640499595,-2.804978767832188,-3.469955071425437,-2.170672087295176,-2.6226572110382333,-3.3158043915981783,-3.449335784222701,-3.538947942912388,-3.538947942912388,-4.7020987527180695,-2.8458007623524426,-3.449335784222701,-2.997350660479644,-3.3158043915981783,-3.3158043915981783
5,-3.591234855943644,-2.7952424095509376,-3.1703184388605616,-3.2537000477996125,-4.23202617059322,-2.455192351581841,-3.946847228359558,-2.696354408398729,-4.100997908186816,-3.097695799323031,-3.184707176312661,-3.5901722844208255,-1.392947707084606,-3.5901722844208255,-3.8778543568726063,-3.3024902119690447,-4.196308087991141,-3.030556496485403,-3.723703677045348,-2.742874424033622,-3.5901722844208255
6,-3.292612987368049,-2.2686600839482507,-2.1929482622125542,-2.7319447629452416,-3.204549173891034,-3.291560550880664,-3.1803349157704397,-3.5147041021948735,-3.291560550880664,-3.409343586537047,-2.943253856612448,-2.416091813526764,-2.8860954427724996,-3.579242623332445,-4.390172839548773,-3.4738821076746187,-3.6970256589888284,-3.4457112307079223,-2.503103190516394,-3.068416999566454,-4.677854912000555
7,-3.617579664963524,-2.7778270243323147,-3.4092887527370954,-3.4991450818589565,-3.9046101899671206,-3.572476354944506,-3.9736030614540723,-2.74145938016144,-4.068913241258397,-2.9883194580929655,-4.022393225623504,-3.329246045063559,-3.3656136892344337,-4.204714782417459,-4.310075298075285,-3.2114630094071757,-4.310075298075285,-2.805997901299011,-1.051978760053803,-4.204714782417459,-2.9237809369553944
8,-3.36795118925751,-2.5152968675201484,-3.069797554788801,-2.78723058300379,-3.3670490782567324,-2.979283547247969,-2.673901897696787,-2.386219825245006,-3.9060455789894197,-2.8970454490109967,-3.3670490782567324,-4.060196258816678,-3.772514186364897,-3.3670490782567324,-3.772514186364897,-3.0793670058049516,-3.6183635065376385,-2.8074332903213097,-2.1142861097613643,-3.3670490782567324,-3.3670490782567324
9,-3.320394535443947,-2.524873250042745,-2.8302548995939274,-3.119132429450482,-4.012950305472578,-2.945109675471222,-3.8587996256453203,-3.0013493937940985,-3.77178824865569,-2.98333088829142,-3.725268233020797,-3.152749040249467,-2.6266559443526876,-2.808977501146642,-4.130733341128962,-2.9631281809739005,-2.9143380168044684,-4.012950305472578,-1.7103652124785325,-3.319803124912633,-4.706097486032523
10,-3.3096891833214666,-2.4803346894284206,-3.029943245887598,-2.702520844786303,-3.085513097042409,-2.838653019110883,-3.5498187051735064,-2.3923659164824636,-3.308656648356618,-3.15450596852936,-3.0573422200757125,-3.0209745759048374,-2.702520844786303,-3.5599710766375248,-3.308656648356618,-2.838653019110883,-2.838653019110883,-3.645128884977831,-3.490978205150573,-3.442188040981141,-3.5963387208083994
11,-3.3114670380755094,-2.379267197876313,-3.2441340273825845,-3.3108254018812566,-3.7382694167081962,-3.493146958675211,-3.2307826942077202,-3.023143329429476,-3.92986461028748,-2.691786193475033,-2.7718289011485697,-3.42860843753764,-2.7718289011485697,-3.5339689531954663,-3.6472976385024696,-3.821651025647247,-3.3108254018812566,-4.003972582441202,-2.8588402781381994,-1.7013874894471561,-3.3108254018812566
12,-3.43616757432399,-2.702438094854498,-3.26542656726856,-3.486618898451508,-2.9092325081671784,-2.784738037922808,-3.629481618504915,-3.3612176319102356,-3.5406861197217836,-2.588027743676754,-2.4237246923854774,-3.4353256040639573,-3.116871872945423,-4.533937892732067,-4.416154857075684,-2.182562635568589,-3.029860495955793,-3.4353256040639573,-2.519034872189802,-2.8757098161285346,-3.4353256040639573
13,-3.5083922067180153,-2.430366993458078,-2.9964136717237912,-3.2621168374567966,-3.313083281048824,-3.4018787798319554,-2.9766110444276115,-3.6407706881143045,-4.126278503896005,-2.8140921149298364,-2.9964136717237912,-3.912704403597946,-3.707909990951933,-3.3894562598333984,-3.9127044035979464,-3.1505643515510493,-2.303266491163846,-2.8140921149298364,-2.6599414351025783,-2.1209449343698914,-3.5072392954897817
14,-3.524657361963391,-2.4472848524651694,-3.181674991559164,-3.3002807339670106,-3.4588857641436492,-3.143934663576317,-3.7857885497487116,-3.380323441640547,-3.7645863420981085,-3.0125986615152294,-3.4281141054768955,-3.6775749651084784,-2.542595032269494,-3.5234242852812203,-3.117959177173056,-2.344769288939574,-2.830277104721275,-2.344769288939574,-2.3602734754755392,-3.3002807339670106,-4.62203657394933
15,-3.345207974781698,-2.0524424479386565,-2.938961021479141,-2.8924410058442485,-4.489558433890308,-3.1080373515230755,-3.2798876084497346,-3.8552517533532966,-2.6512789490273607,-2.379345233543719,-3.431437506576936,-3.9505619331576214,-3.8552517533532966,-3.498576809414564,-4.132883489951576,-2.533495913370977,-3.5675696809015154,-2.9389610214791415,-2.6512789490273607,-2.4971282692001022,-4.037573310147251
16,-3.455527094268904,-2.7504078364112665,-2.5517371416157824,-3.7059192814387028,-3.860069961265961,-3.166922780706016,-3.3115040095171233,-2.6073069927705927,-3.896437605436836,-3.049139745049632,-2.7614576725978512,-3.8600699612659612,-3.0491397450496325,-4.840899214277687,-2.355992564489687,-1.9505274563815227,-3.8600699612659612,-2.7614576725978512,-3.049139745049632,-3.4546048531577966,-3.8600699612659612
17,-3.366409576799899,-2.3461042754840795,-2.960002084389884,-3.525809842573228,-3.4395751646517705,-2.5982120397843818,-3.285424484824512,-3.365467192498049,-3.7401606419394593,-3.1141527642171427,-2.8264706917653615,-3.9532538574001674,-3.2476841568416654,-3.9250829804334715,-4.176397408714378,-3.4989985851225716,-2.266854903829939,-3.183145635704094,-2.5770098321337787,-2.4491764606238937,-2.960002084389884
18,-3.450537966563567,-2.62455103078344,-2.8771065616146028,-3.236051654087874,-3.3890011325694984,-3.5674087900423164,-3.5927265980266063,-2.6023278939987295,-3.208463697569045,-3.449625754385933,-3.935133570167634,-2.6023278939987295,-3.3160943617614103,-3.11315351776472,-2.9388001306199425,-3.3160943617614103,-4.009241542321356,-3.044160646277769,-1.8401878419518327,-3.11315351776472,-3.449625754385933
19,-3.595844335819157,-2.7056193582099985,-2.847296714065818,-2.863623607353247,-4.141054822264109,-3.2760573847775047,-3.1591930446381933,-3.152678363617,-4.624130533077198,-2.553057241067878,-2.4049270490222026,-2.3905383115701033,-2.901363935336094,-3.4609797232715165,-3.930983352517252,-3.4121895591020848,-3.7486617957232973,-3.594511115896039,-2.678220384021884,-2.341748147400671,-3.594511115896039
20,-3.3858855960387784,-2.266621014834555,-3.1416118875515835,-3.672916042661115,-3.7419089141480666,-3.459341942363056,-3.8270667224883734,-3.0105405207679232,-3.5675555270032886,-3.279873454551508,-3.7036877013278686,-2.7790981666390184,-3.870741785991035,-4.232531830596538,-1.918896901415907,-2.6920867896493887,-4.851571039002762,-2.6920867896493887,-2.2866216815412246,-3.896059593975325,-2.6920867896493887
21,-3.1605187814070166,-2.335143721733065,-2.6743594443000287,-2.7768750078256237,-3.4852896605163575,-2.8414135289631948,-2.7851738106403188,-3.090874388594778,-3.0728558830920996,-2.959196564619578,-3.064557080277405,-3.496339496702942,-3.496339496702942,-4.17146817176021,-3.1598672600817297,-3.342188816875684,-2.8721851876299485,-2.8233950234605167,-2.5720805951796106,-3.3830108113959394,-4.76930517251583
22,-3.445255640084113,-2.6104637120209735,-3.641093740708055,-2.7937958803208516,-3.6267050032559554,-3.221239895147791,-3.444383446462001,-3.139001796910819,-3.444383446462001,-3.061391194205895,-3.3573720694723708,-3.444383446462001,-3.444383446462001,-3.896368570205058,-4.54299573513011,-2.856596781559882,-2.191620477966633,-3.9552090702279914,-2.14510046233174,-2.05808908534211,-3.7320655189137817
23,-3.330960129940166,-2.4256518833455685,-2.79947990651055,-3.2500654498991843,-3.147786600778766,-2.9246430494645566,-3.537747522350965,-3.106964606258511,-3.3301081575727207,-2.7423214926706017,-3.234797977768396,-3.9178948224748398,-3.2123251219163373,-2.8192825338067298,-4.177406017959924,-2.924643049464556,-3.04242608512094,-3.1759574777454627,-1.9438137964528301,-4.716402518692611,-3.3301081575727207
24,-3.5125978877553505,-2.5835185210963947,-2.9005962104107677,-3.2703432359168527,-3.3684044490930676,-3.0190288076359466,-3.193051561615206,-3.3038659279554965,-4.204652473293686,-2.9518895047983182,-3.511505292733741,-3.511505292733741,-2.21222230860348,-3.8479775293549534,-3.511505292733741,-3.511505292733741,-3.7346488440479506,-3.041501663488005,-1.8067572004953154,-3.1548303487950085,-3.1060401846255763
25,-3.4002153368842656,-2.5001837016977038,-2.7485953703206483,-2.8601864357291107,-3.4861943134514277,-2.9684000203693435,-3.1627941583975674,-3.3991829364617976,-3.062710699840585,-3.265651543837275,-3.191543571683553,-3.553333616289056,-3.3991829364617976,-4.092330117021743,-2.7060357559018526,-1.7897450240276973,-3.504543452119624,-3.9100085602277885,-2.9937178283536334,-3.3991829364617976,-3.3991829364617976
26,-3.6614285011420113,-2.672348942481686,-3.307474288639534,-2.998897181016911,-3.9014577200791645,-3.7403383709358127,-4.095613734520122,-2.8129978028750724,-3.8609663587244274,-4.043287915518382,-3.1747878474805753,-3.1902920340165406,-2.833617090077808,-3.9116100915431824,-3.254830555154112,-3.3238234266410633,-2.2740013021423855,-3.477974106468322,-1.463071085926057,-3.4371521119480666,-3.6602956632622763
27,-3.517270023650928,-2.6876347879087996,-2.5776871082440675,-3.193183354573947,-3.784220733431677,-3.1676500525687823,-2.535127493825272,-3.5731151606769465,-3.0639716230939404,-3.515956746836998,-3.228274674385217,-3.253592482369507,-3.3824253542124754,-3.803638819288779,-3.803638819288779,-2.9563409589015754,-2.216673762706737,-3.005131123071007,-2.352805937031317,-2.8228095662770527,-4.209103927396943
28,-3.2931246149448934,-2.4288301037809337,-2.7533261493554306,-2.9245978699628004,-3.6670160995295285,-2.6861868465178023,-3.6107763812066525,-3.464172907014777,-3.64899759402685,-3.174539614431734,-3.041008221807212,-2.781497026322127,-3.4258540427126403,-3.5154662014023277,-4.208613381962273,-3.1381719702608595,-3.2923226500881175,-2.8223190208423823,-2.4450247897009145,-2.193710361420008,-4.390934938756228
29,-3.3305076325528913,-2.599554092098796,-2.8775301220384,-2.7905187450487703,-3.329515245781457,-2.4822173853942537,-3.8685117465141445,-2.9812085515132414,-3.0110615146629227,-2.6935264790614606,-3.0110615146629227,-3.1959838531569345,-3.211732210125074,-3.329515245781457,-3.840340869547448,-2.6363680652215122,-2.859511616535722,-3.46304663840598,-2.6363680652215122,-3.6171973182332384,-4.022662426341403
30,-3.53350836574932,-2.9519769526677995,-3.3164230413314186,-2.986102443432985,-3.532646149801055,-2.896657383081058,-3.7738082066179426,-3.2702818853335636,-3.1271810416928902,-4.018153965582756,-3.399114757176532,-3.8203282222528356,-3.047138334019354,-3.3503245930071004,-3.532646149801055,-2.685348289413851,-1.4532046081212187,-3.733316845263206,-2.926510346230739,-2.685348289413851,-4.631258438469164
31,-3.4459085471541364,-2.156841220036905,-3.0836821628062125,-2.974691879097808,-3.8501606164517077,-2.6117863854084393,-4.271374081528012,-2.9522190232457493,-3.039230400235379,-3.039230400235379,-3.638851522784501,-2.6715056201100618,-3.7323775807953243,-3.627017065137498,-3.8501606164517077,-2.9338698845775526,-3.6960099366244497,-3.2623739515495886,-2.3460832196754335,-3.7323775807953243,-2.3460832196754335
32,-3.331146648689621,-2.5440468636915186,-2.939418158630464,-2.676357999910812,-3.592648731784967,-2.9854439810257465,-3.8002880965632113,-3.0201295390136362,-3.4172958443071053,-2.6836573023924233,-2.519354251101147,-3.3302844673174756,-3.0201295390136362,-4.311113720329202,-4.0234316478774215,-2.6371372867575307,-3.617966539769257,-3.147962910523521,-2.031001483187215,-3.617966539769257,-4.0234316478774215
33,-3.456834577229611,-2.7049255737288878,-2.9804686284625843,-3.26483708841495,-3.8613574332858236,-2.8199035584576624,-3.94140014095936,-3.2147302683607712,-3.088167545052342,-3.4558923251776594,-2.762745144617714,-3.168210252725878,-3.01405957289862,-3.4558923251776594,-4.043678990079778,-3.8125672691163914,-2.8962765372422368,-2.8681056602755404,-2.3572800365095494,-1.9518149284013853,-3.8613574332858236
34,-3.262175705160985,-2.273637526419321,-3.576665293839807,-3.0384406958857015,-3.2615842471999112,-3.094530162536745,-3.3416269548734476,-2.8820946254950077,-3.484727798514121,-4.088262820384379,-2.9251120105786987,-3.8975730139199083,-4.050041607564181,-3.821200035135334,-3.2615842471999112,-2.5684370666399663,-2.856119139091747,-2.414286386812708,-2.414286386812708,-2.856119139091747,-3.2615842471999112
35,-3.4732742825069147,-2.6812245911279717,-2.8715783196191906,-2.8155726436590505,-4.165499360608067,-2.639443057113017,-3.0023485508023855,-3.18467010759634,-3.760034252499902,-3.3292513364074474,-3.1046273999228036,-3.6730228755102723,-2.373739891380011,-4.388642911922276,-3.760034252499902,-4.06013884495024,-3.0668870719399566,-3.2900306232541663,-1.6005500031465294,-3.249208628733911,-5.081790092482221
36,-3.4519094918434203,-2.591574190265308,-2.858655444610938,-3.04524140019135,-3.3861679871619432,-3.561932143409739,-3.4507065082995143,-3.381713636812563,-3.008873756020475,-2.757559327739569,-2.6775166200660325,-4.143853688859459,-2.409252633471353,-3.2275629569853046,-3.9615321320655053,-3.04524140019135,-2.8910907203640916,-2.939880884533524,-2.603408647912311,-3.1630244358477335,-3.1630244358477335
37,-3.262927893811293,-2.569048865302695,-2.769719560764846,-2.197485308870212,-3.5341297613462817,-2.6823775506096976,-3.7040287981416795,-3.1821533381891034,-3.3675565615204666,-2.974513973410859,-2.7025802579272176,-4.485971477484756,-3.095141961199474,-5.053955515090696,-3.821811833798063,-2.7921924166169045,-2.7025802579272176,-2.9745139734108594,-2.4890061576291584,-3.9553432264225856,-3.549878118314421
38,-3.4193876276598534,-2.7741284550549463,-2.6407809028574514,-3.177323414628572,-3.6697998997263657,-3.100031740326925,-3.4184854714454596,-2.7994462630392363,-3.4184854714454596,-2.032191110325569,-2.5430167340915597,-3.4184854714454596,-2.8794889707127727,-2.9484818421997243,-3.1953419201312503,-3.2849540788209373,-3.870470595188517,-3.4184854714454596,-4.517097760113569,-2.8588696835100373,-3.1308033989936788
39,-3.3906637650485596,-2.6617236720333284,-3.1123304358062645,-3.2433586982126688,-3.1216981858098647,-3.73826886667276,-3.523493565029067,-3.389962172404544,-3.8419472961476013,-3.189291476942393,-3.389962172404544,-3.726434409025757,-2.409132919392818,-3.9495779603399668,-4.083109352964489,-2.5426643120173407,-2.0036678112846533,-2.9844970642963795,-2.3783612607260642,-2.6968149918445987,-4.488574461072654
40,-3.367297100262214,-2.6622078394628463,-2.8451079325760906,-2.7984208186034376,-3.5095056998500502,-3.219801382017501,-3.366404856209377,-3.5487264130033314,-4.177335072425706,-2.9986800760840593,-2.896401226963641,-3.4717653718672032,-2.6042648041624803,-3.70287709283059,-4.4650171448774865,-2.9609397481012123,-3.029932619588164,-1.9801104950894861,-2.519106995822173,-3.5487264130033314,-3.366404856209377
41,-3.4947933274268124,-2.9063149851796224,-3.4515420356629454,-2.934485862146319,-3.7994832996329233,-2.9832760263157505,-3.611884685738125,-3.868795099523152,-2.731961598034845,-3.4199936779280193,-3.574144357755278,-2.800954469521796,-3.9641052793274767,-3.6482523299089995,-3.7454160783626476,-3.3399509702544834,-2.934485862146319,-1.4146601084019055,-3.137426706143009,-2.800954469521796,-4.004927273847732
42,-3.4820244594769543,-2.432913264006039,-3.0288966961123367,-3.313827735192228,-3.3377809762147206,-3.175500170304212,-3.7685638923071747,-2.893095154953275,-3.229567391574488,-2.669951603639065,-3.635032499682652,-3.6144132124799166,-2.8448930531353973,-2.564591087981239,-4.5794941085235035,-2.669951603639065,-2.9212660319199713,-3.6632033766493484,-2.564591087981239,-2.7877346392954485,-3.0754167117472297
43,-3.3539829861082238,-2.2645406126847574,-2.7710789844391277,-3.4070677511591247,-3.353000529888849,-3.1482061172428355,-3.353000529888849,-3.5353220866828035,-3.5353220866828035,-2.717011763168852,-3.353000529888849,-3.0653184574370678,-3.1988498500615905,-4.451612818556958,-4.451612818556958,-3.170678973094894,-3.016528293267636,-3.353000529888849,-1.8866634610954216,-3.353000529888849,-2.6598533493289036
44,-3.3739516808773,-2.562049174842032,-2.492620668410269,-3.1819241542956513,-3.261753755948136,-3.2104604615605856,-4.24844812841226,-3.4682895708626855,-3.624293819339267,-2.8264356846902907,-3.1106151265908695,-3.08529731860658,-3.3729793910583608,-2.5256815306711573,-4.625742359553729,-3.778444499166525,-2.562049174842032,-4.066126571618306,-2.4566886591842056,-2.274367102390251,-3.3729793910583608
45,-3.4528970966485484,-2.4841803006439895,-3.087121213317786,-2.8327251184994715,-3.645920341346653,-2.9922319975272553,-3.3776563547519736,-3.5163028480432663,-2.8921485389702726,-3.4517643269056952,-2.75861714634575,-4.011380114841118,-3.200449898624789,-3.4517643269056952,-3.7394463993574765,-2.0654699657858044,-3.63408588369965,-3.962589950671686,-2.2731093305640493,-2.53547359503154,-3.85722943501386
46,-3.3660487698665595,-2.318319183656301,-3.109173030322624,-2.3842771514480985,-3.652788476911606,-2.9343234883673706,-3.1239443476429365,-3.6527884769116055,-3.278095027470195,-3.016799710191609,-2.065823420329564,-3.616420832740731,-2.554176188243496,-4.212404264847028,-4.617869372955193,-4.1382962926933065,-3.077424332008044,-3.4986377970843474,-3.0286341678386117,-2.5178085440726212,-4.05825358501977
47,-3.575272644446543,-2.688711058689705,-3.0529332082638203,-3.5297783693262725,-3.6612415088867363,-3.0352336311644197,-3.5742301318971066,-3.71733097553778,-3.5742301318971066,-2.552578884365125,-3.1323973796180673,-3.4200794520698485,-2.8204583295207266,-3.979695240005271,-3.351086580582897,-4.044233761142842,-3.104226502651371,-3.014614343961684,-1.377005554560887,-4.267377312457052,-3.5742301318971066
48,-3.333586006854966,-2.421562465895773,-2.688076113910075,-2.2715611696153255,-2.9269680221924244,-2.639285949740643,-3.3324331303005885,-3.2523904226270517,-3.642588058604428,-2.926968022192424,-3.131762434838437,-3.2454217533109584,-3.5555766816147982,-3.843258754066579,-3.737898238408753,-2.772817342365166,-3.3324331303005885,-3.6689053669218015,-2.4569643929466887,-3.737898238408753,-3.3324331303005885
49,-3.572039493006707,-2.5566651862118634,-3.680216423227225,-3.4532340956058496,-3.129184378983194,-3.0601915074962425,-2.3182541627668654,-3.9387419113875506,-4.359474491626504,-3.129184378983194,-2.942408471839859,-2.695548393908333,-3.2345448946410205,-3.283335058810452,-4.041020760507969,-2.4724048425941234,-3.0601915074962425,-2.877869950702288,-2.9832304663601144,-2.3182541627668654,-3.858699203714014
50,-3.4731281414673623,-2.6943210037819214,-3.1153506284311976,-2.805546638892146,-3.354242536713546,-2.948777428605382,-3.376715392565605,-3.4030327008829784,-3.0665604642617654,-2.698835684136448,-2.836036805649933,-2.884238907467811,-2.884238907467811,-4.282955788586259,-3.877490680478094,-4.388316304244085,-3.6543471291638845,-2.7788783918099846,-2.172742588239669,-2.555734840495775,-3.4720255723699296
51,-3.368304454192427,-2.647767475183644,-2.9108245003300355,-2.890658830735441,-3.510683746466424,-3.773048010933915,-4.060730083385696,-2.6744357222658053,-3.819568026568808,-3.0799008303739694,-3.144439351511541,-3.549904459619705,-3.5217335826530087,-3.9271986907611733,-3.3675829028257507,-2.5202850424385472,-2.8567572790597597,-3.3675829028257507,-2.1889279064841043,-2.6744357222658053,-2.6744357222658053
52,-3.4775145646702614,-2.582814527295783,-2.9376359025851926,-2.965806779551889,-3.7643144757696607,-3.330028929126004,-3.8561220250227835,-3.158178672199345,-3.9874580270838704,-3.844357183443197,-4.169779583877824,-3.4766324033178795,-2.37802011464977,-2.783485222757934,-3.4766324033178795,-3.0066287740721442,-2.783485222757934,-2.37802011464977,-2.37802011464977,-2.4958031503061533,-4.169779583877824
53,-3.520358591354236,-2.72076818826378,-3.3941127415275454,-2.854299580888303,-4.394744621835452,-3.0397028042196657,-3.432264507491922,-3.3941127415275454,-3.0492722552358162,-2.6319726894806488,-3.742419435795761,-3.6246364001393783,-2.8261287039216065,-3.519275884481552,-4.078891672416974,-4.078891672416974,-3.519275884481552,-3.1138107763733873,-1.504372863939287,-2.671978024094348,-3.519275884481552
54,-3.3737008992856365,-2.437197707402444,-2.4007977723553537,-3.4596697323739494,-3.218507675557061,-2.766522551814004,-2.8801818702865254,-2.842030104322149,-3.506189748008842,-3.3726583553843192,-3.121343927103413,-3.0849762829325384,-3.0849762829325384,-3.778123463492484,-3.506189748008842,-2.391829102372593,-3.9604450202864383,-2.920673231641262,-2.7848716904822006,-3.6603404278361,-3.3726583553843192
55,-3.626279757145307,-2.5818072499598066,-3.5159575679878747,-3.4203624473068537,-3.882985969254966,-3.5197963442950404,-4.030621968061031,-2.6806952511120152,-4.5124600549537695,-3.4710061801256087,-1.9204087677144415,-2.8713850575764868,-2.8713850575764868,-4.541447591827022,-3.6251568599528667,-2.9320096793929213,-3.402013308638657,-2.613555948274387,-2.7088661280787116,-2.526544571284757,-2.9320096793929213
56,-3.4719657612694554,-2.823198378148392,-3.0510293390713157,-2.0155959520247375,-3.539876056118531,-3.087890932375474,-3.38387180764195,-3.337351792007057,-3.1031584045062623,-3.8073554212527925,-2.605885747144975,-3.827558128570312,-3.2195687563506734,-4.281813400847908,-3.0654180765234154,-3.0008795553858443,-3.4708831846315795,-2.7777360040716346,-2.218120216136212,-4.85717754575147,-2.7777360040716346
57,-3.413759102976184,-2.892633272336117,-3.157234336091868,-3.2308461534351136,-3.8439506263215226,-3.4131677102290685,-3.307807194571242,-3.4131677102290685,-3.636311261543278,-2.8253810453269494,-3.045442930103751,-3.295384674572685,-3.5084778900333933,-3.2308461534351136,-3.7496399468502815,-1.9468306414356413,-2.943164080983333,-3.4131677102290685,-1.9468306414356413,-3.8186328183372327,-3.007702602120904
58,-3.6206739724558927,-2.1596851208467656,-3.584219435240936,-2.960065126167942,-3.9940042044936166,-3.1597784256737658,-3.0803142543195188,-2.520698466384096,-3.7246712707100325,-3.244617305610795,-3.18399268379436,-2.520698466384096,-3.8199814505143572,-3.737093790708589,-3.9557829916734186,-3.14930712580647,-3.2138456469440415,-3.8424543063664154,-1.9145626628137806,-2.7720128946650022,-3.619310755052206
59,-3.4190428488949394,-2.5796608104395253,-3.0717137641261347,-2.8947418570794206,-3.780895494533337,-3.1303079283921877,-2.9761572485649292,-3.1078350725401287,-4.005776665746088,-3.4179900008439685,-3.1666755725630624,-3.736443731962503,-2.4371607478322423,-4.265287861231172,-2.724842820284023,-3.4179900008439685,-3.235668444050014,-2.6070597846276398,-2.570692140456765,-2.1652270323486005,-5.027427913278069
60,-3.504753883867334,-2.7881714124205894,-3.0442591194541535,-3.147116504893861,-4.196938629392538,-3.2036868563822556,-3.38600841317621,-3.0337878195868577,-2.810644268272648,-3.011314963734799,-3.7044621442947445,-3.38600841317621,-3.2161093763808126,-4.196938629392538,-4.515392360511073,-1.8943535363984931,-3.5037914488325934,-2.2045084647023327,-2.5875007169584383,-2.9929658250666025,-3.5037914488325934
61,-3.3302693521792706,-2.636470630702062,-3.300630274388755,-2.8306266451430195,-3.4837684910892652,-3.157767554335348,-3.46314920388653,-3.5809322395429133,-3.4096605189355436,-3.211834775605624,-3.067253546794516,-2.5186875950456784,-3.224257295604181,-3.88923359919743,-3.1472962544680527,-2.7700020233265845,-4.022764991821952,-3.552761362576217,-1.7891727703148583,-3.4837684910892652,-2.924152703153843
62,-3.489707336821266,-2.3898118142280187,-3.0975577942091164,-3.237109674615222,-3.24726204607924,-2.3898118142280182,-3.8248963395173408,-3.200742030444347,-4.443935547923565,-2.335744592957743,-3.3931139230918035,-3.4884241028961283,-2.9775984791301373,-3.370641067239745,-3.370641067239745,-2.9288083149607056,-3.3830635872383015,-3.2877534074339767,-2.3898118142280182,-2.795276922336183,-3.4884241028961283
63,-3.4342990997514695,-2.9027986113453546,-3.283895128436561,-3.02796175429936,-3.4874940836778006,-2.9073337665107455,-3.6847412906884305,-3.1457447899557436,-2.981441738664467,-2.2096514307854087,-2.660236974174043,-3.25110530561357,-2.2294540580815885,-3.433426862407525,-3.90343049165326,-3.433426862407525,-2.963423233161789,-3.02796175429936,-2.963423233161789,-4.414256115419251,-3.02796175429936
64,-3.4603957258387084,-2.8077416604848393,-3.0396497793216666,-3.4023452110419816,-3.0765113726258244,-3.3905107533949788,-3.700665681698818,-3.0241855536240845,-3.45950362488193,-3.3259722322574072,-3.054038516773766,-2.920507124149243,-3.3641934450776056,-2.360891336213821,-3.6136543047091885,-3.208189196601024,-4.152650805441875,-2.6122057644947265,-2.360891336213821,-2.766356444321985,-2.766356444321985
65,-3.298000316678157,-2.304989311685574,-3.009436047499453,-3.169284748441349,-2.8375857905727937,-2.9342126262618655,-3.5047574847294785,-3.217075412277697,-3.297118119951234,-2.8916530118430694,-3.392428299755559,-3.9032539235215493,-3.8079437437172245,-3.702583228059398,-3.0739745686370243,-2.8271144907054984,-2.4498202595640306,-2.6909823163809183,-2.7581216192185467,-2.8916530118430694,-3.990265300511179
66,-3.4597340187326213,-2.401051503937505,-2.5829520967176656,-3.0335376401062994,-3.928424463317301,-3.139967102953031,-3.55373101387589,-3.170738761619784,-3.101745890132833,-2.9884172048258297,-2.502909389044129,-3.815095778010298,-2.947595210305575,-4.0462074989736845,-3.4584208340715654,-2.76527365351162,-3.1707387616197846,-3.0529557259634013,-2.4775915810598392,-2.76527365351162,-3.86388594217973
67,-3.3740408933625368,-2.3527285780804883,-3.14994511853464,-3.7095609064700628,-3.442081541335801,-2.644850169477634,-3.6607707423006306,-2.610948617801953,-3.3730886698488494,-2.562158453632521,-2.862263046082859,-3.1724179743866983,-3.1907671130548954,-4.184018886065179,-3.3730886698488494,-3.3730886698488494,-3.778553777957014,-2.562158453632521,-2.6799414892889044,-2.5257908094616464,-4.066235850408795
68,-3.484457575176645,-2.9442780220311042,-2.7901273422038457,-2.99776670698209,-3.0778094146556265,-3.19559245031201,-3.0778094146556265,-3.260130971449581,-3.9687823385454917,-2.1615186827814714,-3.041441770484752,-3.031289399020734,-2.566983790889636,-3.8399494667025236,-3.8887396308719553,-2.9724488989978,-3.2319600944828846,-3.483274522763791,-2.4716736110853113,-2.6723443065474624,-4.581886811431901
69,-3.2602412209894305,-2.5288323621375595,-2.713176164312282,-3.2188978761600966,-3.5781736017988863,-3.865855674250667,-3.7705454944463423,-3.259719870680352,-3.0185578138634637,-3.6080265649485677,-2.8542547625721872,-3.7297234999260875,-3.460390566142503,-4.869157783114452,-3.4420414274743063,-2.5665726901204065,-3.0084054423994457,-2.248118959001872,-2.4124220102931484,-2.5665726901204065,-3.259719870680352
70,-3.2892219557081654,-2.3475370115676637,-2.9582786691616136,-3.134369676204932,-3.799345979798181,-2.883055247924026,-3.121466271369024,-4.318139773213349,-3.1831598403743637,-3.28852035603219,-2.5263803039852935,-3.1061987992382356,-3.3938808716900164,-3.9816675365921355,-3.134369676204932,-3.4426710358594486,-3.28852035603219,-2.728904568096768,-2.728904568096768,-2.3076911030204643,-3.28852035603219
71,-3.4188788112816217,-2.698472038311701,-3.0128223578456432,-3.845731480780747,-4.160224810683185,-3.357662844137373,-3.536070501610191,-2.887659214891637,-3.9936516108573694,-3.099833734835273,-2.5019967340796527,-3.5135976457581326,-3.284756073329285,-3.2641367861265493,-3.418287465953808,-2.16552449745844,-4.229217682170137,-2.319675177285698,-2.2396324696121614,-3.1306053935020266,-3.418287465953808
72,-3.566174316656488,-2.7980571122064304,-3.3711562504791397,-2.9591764613497817,-3.5653122649200975,-3.3074831556179976,-3.1598471568119333,-3.357672900141853,-3.652323641909727,-3.3029480004526066,-3.005696476984675,-3.5653122649200975,-3.0953086356743618,-3.5653122649200975,-4.769285069246034,-3.2776301924683167,-3.69884365754462,-2.9775256000179784,-1.167416992121727,-3.5653122649200975,-4.951606626039988
73,-3.4716974528161986,-2.7219980929048107,-2.959889500853576,-3.3797433464138398,-3.4017222531326152,-2.864579321049251,-2.9110993366841442,-3.0652500165114023,-2.672207428401795,-3.6530366814135213,-3.0187300008765092,-3.604246517244089,-4.058501789521686,-4.3870058564937215,-4.058501789521686,-2.6822577642552967,-2.777567944059621,-1.9666377278432925,-3.3165644447923084,-2.6597849084032377,-3.4707151246195664
74,-3.460169582751814,-2.299669653484882,-3.190642577374747,-3.053441455861262,-3.0842131145280156,-3.235763012655217,-3.4589065639694265,-2.6967665119225295,-2.988902934723691,-3.4589065639694265,-3.0069214402263693,-2.8711198990673075,-3.341123528313043,-3.4589065639694265,-5.656131141305646,-3.053441455861262,-2.5426158320952714,-3.1224343273482136,-1.9925694951759991,-4.152053744529372,-4.152053744529372
75,-3.694589885528853,-2.927728664219905,-3.0572077396394794,-3.167103410462697,-3.4855571415812316,-2.8946888101417048,-3.3102042541033705,-3.52614242169631,-3.4700529550452663,-3.4520344495425883,-2.9310564543125794,-1.747286357304163,-2.9047391459952063,-3.5596651137349533,-3.693196506359476,-3.693196506359476,-3.693196506359476,-2.8458986459722726,-1.988448414121051,-4.386343686919422,-3.693196506359476
76,-3.2699869441890734,-2.3713637150305,-2.9328330716152458,-3.2267456938176626,-3.587759039354993,-2.817320184493401,-3.828921096171881,-3.4234559880637168,-3.643998757677869,-2.738677057174288,-2.9328330716152458,-3.1151546284092,-2.5761581276765133,-3.605777544857671,-3.2693053082364583,-3.0461617569222486,-2.5761581276765133,-3.2693053082364583,-2.7096895203010356,-2.863840200128294,-3.9624524887964037
77,-3.335800408257389,-2.5892074811162695,-3.1706953438703604,-2.9295332870534727,-3.67147063178285,-3.2296378795038105,-3.180847715334379,-2.8931656428825976,-3.845824018927628,-2.536490698943865,-2.4187076632874818,-3.334998395161637,-2.524068178945308,-3.047316322709856,-3.7404635032698015,-3.4685297877861596,-3.5173199519555918,-3.111854843847427,-2.4187076632874818,-3.67147063178285,-3.334998395161637
78,-3.286244817831371,-2.6368075302970664,-2.5615841090594786,-3.690968056394342,-3.2054602406126413,-2.9978208758343965,-3.342661362126126,-3.2855029482861777,-3.084832252824026,-3.103181391492223,-3.3725143252758074,-2.474572732069849,-2.880037840178013,-3.6909680563943423,-3.062359396971968,-3.2855029482861777,-2.4382050878989743,-3.439653628113436,-2.666463739879954,-2.997820875834397,-4.384115236954288
79,-3.397253953828909,-2.661370787445443,-2.730003233626636,-3.1628673159229153,-2.88565654333843,-3.607791260771627,-3.604121531882665,-3.3011719873000955,-4.015521375510644,-2.88565654333843,-2.6232922788709385,-3.9073077908704112,-2.790346363534105,-3.866485796350156,-4.408083078782901,-2.991017058996256,-3.7329544037256333,-2.1437191986090527,-2.703334986544475,-2.88565654333843,-2.703334986544475
80,-3.566053105288499,-2.7448333639372806,-3.246526504139999,-3.3536711415913265,-3.9014524718797463,-3.1972554551332157,-3.7368304921851925,-3.302615970791042,-3.639088207412255,-3.7656509307206845,-2.871833054698588,-2.871833054698588,-3.1595151271503688,-4.375910451474862,-4.258127415818478,-1.860232143020108,-2.060902838482259,-2.9771935703564143,-3.054154611492543,-2.871833054698588,-3.1595151271503688
81,-3.389809739550066,-2.345477574835889,-3.007459628299845,-3.2710441491725657,-3.388827184828949,-3.388827184828949,-3.388827184828949,-3.328202563012514,-3.388827184828949,-3.234676505001691,-2.9188235555832134,-4.081974365388894,-2.8292113968935264,-2.983362076720785,-3.7942922929371132,-2.983362076720785,-3.052354948207736,-3.2710441491725657,-2.9188235555832134,-2.5415293244417456,-2.2902148961608395
82,-3.3690950960466957,-2.6498982962369992,-3.174207270340277,-3.221759810589359,-3.853871100562935,-3.0499095536626997,-3.1860417279872797,-2.614591482404854,-3.4861463204376175,-3.214212604953976,-2.6211488829510134,-3.704835521402447,-3.263002769123408,-3.0806812123294534,-4.872440681557508,-3.0116883408425017,-2.808747496845812,-3.0318910481600216,-1.8642858880049604,-3.7738283928893988,-3.3683632847812346
83,-3.2574330786672614,-2.3678914867253376,-2.5633835067090374,-3.011408229235997,-3.6312241367103932,-3.1612205074646575,-3.2565306872689823,-2.9688486148172015,-3.151170171611156,-2.6811665423654207,-3.074209130475028,-3.138747651612599,-3.390062079893505,-3.410681367096241,-4.237359940280709,-3.8443173521711014,-4.0297205755024645,-3.390062079893505,-1.9572477031387217,-2.69691489933356,-3.9496778678289277
84,-3.532929092874528,-2.5000643310996953,-2.7489065702352122,-3.049827822592106,-3.5316659094848446,-3.0352290231709533,-2.769525857437948,-3.713987466278799,-4.091281697420267,-3.1569724600434337,-3.7548094607990543,-3.21321217836631,-2.720735693268516,-4.2248130900447896,-3.5316659094848446,-2.972050121549422,-3.5316659094848446,-1.9222279970507443,-2.720735693268516,-2.5508366564731184,-4.630278198152954
85,-3.3786191405569626,-2.5200861367039002,-2.8956982816623835,-3.2721758528972957,-3.0673814402512822,-2.718290739670858,-3.4516443407088437,-3.2309328943632467,-3.9371521564905447,-3.2344355249144487,-2.396707115543396,-3.1952148117611676,-3.2597533328987387,-2.8179205806196994,-4.224834228942326,-4.070683549115067,-1.911199299761695,-3.5598579253490765,-2.8667107447891316,-3.8883619923211126,-3.377536368555122
86,-3.3348007674258113,-2.384918231792876,-3.362169663456718,-2.989158300198292,-3.739463894598186,-2.7462121215879027,-3.333998786490022,-2.9773238425512893,-3.6524525176085563,-2.7462121215879027,-3.6704710231112347,-3.333998786490022,-2.9285336783818576,-4.345599698168502,-3.5163203432839762,-3.110855235175812,-3.110855235175812,-2.3531695334782956,-2.2353864978219122,-2.774382998554599,-4.432611075158132
87,-3.455671040504013,-2.9848755781232925,-2.867092542466909,-3.0692167265570434,-3.742561279820809,-3.144724279065189,-3.678022758683238,-2.9848755781232925,-3.6090298871962863,-2.413425332540867,-3.8115541513077607,-2.8487434037987125,-2.9848755781232925,-3.9248828366147634,-4.148026387928973,-3.454879207369028,-4.042665872271147,-2.9848755781232925,-2.20211623887366,-3.860344315477193,-1.8454412949349277
88,-3.1313159428300747,-2.2027077045114054,-2.5155088370585186,-2.7629696960234345,-3.264225868773275,-2.9075509248345424,-3.590226805527192,-2.843012403696971,-3.4984192562740697,-2.868330211681261,-3.264225868773275,-3.130694476148752,-3.4491482072672865,-4.046985208022907,-3.4671667127699646,-3.130694476148752,-3.6006981053944873,-3.130694476148752,-2.9971630835242293,-2.4375472955888067,-3.8238416567086975
89,-3.568158436424727,-2.794016143297077,-3.074729546432765,-3.028209530797872,-4.565734861641686,-3.2043005378411906,-3.0075902435951365,-3.872587681081741,-3.82957029599805,-3.279523959078778,-3.1994812514052415,-4.019191155273616,-3.449422995874176,-3.567206031530559,-3.9726711396387233,-2.063128634754285,-2.97941936662844,-3.567206031530559,-2.1809116704106684,-1.9577681190964586,-3.279523959078778
90,-3.22879700453028,-2.420122456024059,-2.363047713689828,-2.5041263119497335,-3.990185203223329,-3.12796169261945,-3.878632717317582,-3.308087858849969,-3.3615765438009553,-2.7927270799185866,-3.5157272236282138,-2.8225800430682684,-2.1782230266777547,-3.6335102592845967,-3.921192331736378,-3.5157272236282133,-3.698048780422168,-3.5645173877976455,-2.66842936324101,-3.2280451511764325,-3.2280451511764325
91,-3.4090238148003116,-2.3835170421847325,-2.766167472526726,-3.089567627580586,-3.465179772539069,-3.3434828375615493,-3.541552751323643,-4.206529054916892,-3.2409672740359543,-2.358199234200443,-2.788982150292897,-3.1203392862473396,-3.4080213586991204,-3.1567069304182143,-3.1848778073849107,-3.302660843041294,-2.938017729453385,-3.5903429154930753,-2.7148741781391754,-2.4917306268249657,-3.4080213586991204
92,-3.290303743812254,-2.6311704588505966,-2.827008559474539,-3.0272678169551606,-3.461482338349311,-2.8841669733144872,-3.8492478693580745,-2.8100590011607656,-4.154629518909256,-2.979477153118812,-2.730016293487229,-3.5127756327368616,-3.066488530108442,-3.289632081422652,-2.8841669733144872,-2.701845416520533,-3.8004577051886423,-3.5773141538744326,-1.903337720302761,-3.289632081422652,-4.675926442542543
93,-3.3082042113677823,-2.7294648258078538,-2.806767388670523,-2.7734601906527545,-3.949396562755407,-2.9280530548781085,-2.7321785316794505,-3.307542676583012,-3.1252211197890576,-3.307542676583012,-3.0843991252688023,-5.179344853484603,-3.625996407701547,-3.5306862278972218,-3.5306862278972218,-2.614395496023067,-2.902077568474848,-2.326713423571286,-2.4966124603666837,-2.7967170528170215,-4.223833408457168
94,-3.552213925476812,-2.695870342585076,-3.0690224617026964,-2.8577133680354896,-3.4598887703897083,-2.539259636916955,-3.550860548595435,-3.396709868768177,-3.0988754248523778,-2.8577133680354896,-3.0808569193496993,-4.0616861723614255,-3.463849171605805,-2.8577133680354896,-3.550860548595435,-3.145395440487271,-2.8577133680354896,-3.550860548595435,-2.63456981672128,-3.550860548595435,-2.164566187475544
95,-3.584008214222104,-2.8173975491859036,-3.4129663545300772,-3.2805845194525416,-3.708028534279481,-2.995078726423356,-2.835650989495254,-3.582865391325475,-3.4493339987009524,-2.9638261829192514,-3.295183318873694,-3.4493339987009524,-3.2261904473867427,-4.170652056227594,-3.4493339987009524,-2.7719351751091463,-3.4493339987009524,-2.602036138313749,-2.484253102657365,-1.8781172990870498,-3.295183318873694
96,-3.3172106834475,-2.839655105194055,-2.562807374907984,-3.2677890131149323,-4.1638770376715675,-2.6234319967244186,-3.626734105588204,-3.0934356259701543,-3.1987961416279806,-3.7685643010274212,-2.8465755480386288,-3.115908481822213,-2.8057535535183735,-3.4707298571116225,-4.415191465952474,-3.56789360556527,-3.827404801050355,-3.1342576204904096,-2.304978265605884,-1.9302848161644734,-3.827404801050355
97,-3.265132474334408,-2.5007060790340914,-3.234617863658309,-2.9925371113243484,-3.7752964505739808,-2.704855038872567,-3.7752964505739808,-2.8590057186998252,-3.8240866147434125,-3.169160647003665,-2.916164132539774,-2.794467197562254,-2.3481800949338347,-4.075401043024319,-5.056230296036045,-2.7536452030419993,-2.9077958828692574,-2.8590057186998252,-2.5713236462480444,-2.976788754356209,-3.9576180073679352
98,-3.393952600433238,-2.3750160956576387,-2.5324580565689696,-3.0069968409800967,-3.5597134064552476,-2.7979522140453885,-3.6290480998563117,-2.8048726568899625,-3.1049772493403003,-2.638887519415701,-3.1049772493403003,-3.392659321792081,-3.024934541666764,-3.643973750072987,-3.574980878586036,-3.615802873106291,-3.392659321792081,-2.987194213683917,-2.2940470331239715,-3.6803413942438623,-3.392659321792081
99,-3.1895843577932457,-2.557325017055259,-2.582967447668597,-3.189103251238912,-3.9428750536152926,-3.328865193614071,-3.6309360035179514,-3.189103251238912,-3.3068862868952955,-2.9014211787871313,-3.189103251238912,-3.2944637668967385,-2.8526310146176996,-2.783638143130748,-4.980862720466967,-2.582967447668597,-2.6782776274729216,-3.525575487860125,-2.783638143130748,-2.4959560706789667,-3.5945683593470767
