site,wildtype,AAA,AAC,AAG,AAT,ACA,ACC,ACG,ACT,AGA,AGC,AGG,AGT,ATA,ATC,ATG,ATT,CAA,CAC,CAG,CAT,CCA,CCC,CCG,CCT,CGA,CGC,CGG,CGT,CTA,CTC,CTG,CTT,GAA,GAC,GAG,GAT,GCA,GCC,GCG,GCT,GGA,GGC,GGG,GGT,GTA,GTC,GTG,GTT,TAA,TAC,TAG,TAT,TCA,TCC,TCG,TCT,TGA,TGC,TGG,TGT,TTA,TTC,TTG,TTT
1,ATG,0,0,12,4,1,0,36,0,0,0,4,0,26,11,310575,23,0,0,0,0,0,0,0,0,0,0,0,0,0,0,0,0,0,0,0,0,0,0,0,0,0,0,0,0,0,0,37,0,0,0,0,0,0,0,0,0,0,0,0,0,0,0,13,0
2,AAG,30,2,313434,21,0,0,4,0,0,0,36,0,0,0,12,0,0,0,4,0,0,0,0,0,0,0,0,0,0,0,0,0,1,0,30,0,0,0,0,0,0,0,0,0,0,0,0,0,0,0,13,0,0,0,0,0,0,0,0,0,0,0,0,0
3,GCA,0,0,0,0,44,0,0,0,0,0,0,0,0,0,0,0,0,0,0,0,11,0,0,0,0,0,0,0,0,0,0,0,32,0,0,0,325084,1,38,19,22,1,0,0,28,0,0,0,0,0,0,0,35,0,0,0,0,0,0,0,0,0,0,0
4,AAA,340722,11,28,15,0,0,0,0,25,0,0,0,5,0,1,0,0,0,1,0,0,0,0,0,0,0,0,0,0,0,0,0,32,0,0,0,0,0,0,0,0,0,0,0,0,0,0,0,9,0,0,0,0,0,0,0,0,0,0,0,0,0,0,0
5,CTA,0,0,0,0,0,0,0,0,0,0,0,0,13,0,0,0,7,1,0,0,33,0,0,0,0,0,0,0,354909,3,29,30,0,0,0,0,0,0,0,0,0,0,0,0,6,0,0,0,0,1,0,0,0,0,0,0,0,0,0,0,13,0,0,0
6,CTG,0,0,0,0,0,0,0,1,0,0,1,0,0,0,25,0,0,0,41,0,0,0,36,1,0,0,1,0,37,11,382252,38,0,0,0,0,0,0,0,0,0,0,0,0,0,0,7,0,0,0,0,0,0,0,0,0,0,1,0,0,0,0,20,0
7,GTC,0,0,0,0,0,0,0,0,0,0,0,0,0,41,0,0,0,0,0,0,1,0,0,0,0,0,0,0,0,14,1,0,0,47,0,0,0,59,0,0,0,8,0,1,32,451490,14,39,0,0,0,0,0,3,0,0,0,0,0,0,0,18,0,0
8,CTG,1,0,0,0,0,0,0,0,0,0,12,0,0,0,34,1,0,0,21,0,0,0,170,9,0,0,15,0,84,13,561566,43,0,0,0,0,0,0,0,0,0,0,0,0,1,0,16,3,0,0,0,0,0,4,1,0,0,1,0,3,0,0,38,1
9,TTA,1,0,0,0,0,0,0,0,1,0,0,0,54,0,0,0,0,0,0,0,0,0,0,0,0,0,0,0,68,0,1,0,1,0,0,0,0,0,0,0,0,0,0,0,22,0,1,1,10,0,0,8,47,0,0,0,2,0,0,2,718986,1,64,47
10,TAT,0,0,0,41,1,1,0,0,0,0,0,1,1,0,7,0,0,0,1,54,0,0,0,0,0,0,0,0,0,0,0,0,0,0,0,8,0,0,0,0,0,0,0,0,0,0,0,0,46,99,0,654597,0,0,0,2,0,2,0,51,1,0,0,39
11,GCA,0,0,0,0,86,0,0,0,0,0,0,0,0,0,1,1,0,0,1,0,22,0,1,0,0,0,0,0,0,0,1,0,55,0,0,0,582638,19,62,13,27,0,0,0,103,0,0,0,2,0,0,0,77,0,0,0,1,1,0,0,0,1,0,0
12,TTT,0,0,0,0,0,0,0,0,0,0,0,1,0,0,1,49,0,0,0,1,0,0,0,0,0,0,0,0,0,0,0,44,0,0,0,0,0,0,0,0,0,0,0,0,0,0,0,4,0,0,0,20,0,0,0,105,0,0,0,3,31,63,2,605093
13,GTA,0,0,0,0,1,0,0,0,0,0,0,0,37,0,0,0,0,0,0,0,0,0,0,0,0,0,0,0,19,0,0,0,61,0,0,0,54,0,0,0,5,0,0,0,606091,3,85,18,0,0,1,1,0,0,0,0,0,0,0,0,38,0,0,0
14,GCT,0,0,0,0,0,0,0,35,0,0,0,0,0,0,0,0,0,0,0,0,0,0,0,16,0,0,0,0,0,0,0,0,0,0,0,50,22,70,1,601312,0,0,0,12,0,0,0,25,0,0,0,0,0,0,0,59,0,0,0,0,0,0,0,0
15,ACA,31,0,0,0,603060,6,115,29,14,0,0,0,63,0,0,0,0,0,0,0,4,0,0,0,0,0,0,0,1,0,0,0,0,0,0,0,50,0,0,0,0,0,0,0,0,0,0,0,0,0,0,0,52,0,0,0,0,0,0,0,0,0,0,0
16,GAT,0,0,0,117,0,0,0,0,0,0,0,2,0,0,0,0,0,0,1,10,0,0,0,0,0,0,0,0,0,0,0,0,23,86,4,605717,0,0,0,3,0,0,0,40,0,0,0,28,0,0,0,28,0,0,0,0,0,0,0,0,0,0,0,0
17,GCA,2,0,0,0,90,0,0,0,0,0,0,0,0,0,1,0,0,0,0,0,13,0,0,0,0,0,0,0,0,0,0,0,76,0,0,0,610709,8,140,43,20,0,0,0,84,0,0,0,0,0,0,0,58,0,0,0,0,0,0,0,0,0,0,0
18,GAC,1,27,0,0,2,0,0,0,0,2,0,0,0,0,0,0,0,30,0,0,0,0,0,0,0,0,0,0,0,0,0,0,25,613965,23,56,1,5,0,0,0,61,0,0,0,48,0,0,0,37,0,3,0,0,0,0,0,0,0,1,0,0,0,0
19,ACA,36,1,1,2,594564,6,91,28,9,0,0,0,63,0,0,0,1,1,1,0,5,0,0,0,0,0,0,0,0,0,0,0,0,1,0,0,77,0,0,0,0,0,0,0,0,0,0,0,0,0,0,0,68,0,0,1,0,0,0,0,0,0,2,0
20,ATA,41,0,0,0,48,0,0,0,29,0,0,1,723314,3,61,28,5,0,1,0,0,0,0,0,0,0,0,0,2,0,0,0,0,0,0,0,0,0,0,0,0,0,0,0,63,0,0,0,0,0,0,3,0,1,0,1,0,0,0,0,27,1,0,0
21,TGT,0,0,0,0,0,0,0,0,0,0,0,50,0,0,1,0,0,0,2,0,0,0,0,0,0,0,0,83,0,0,0,0,0,0,0,0,0,0,0,0,0,0,0,38,2,0,0,0,0,0,0,103,0,0,0,20,81,106,2,764558,1,0,0,44
22,ATA,70,0,5,1,68,0,0,9,3,1,6,0,790083,43,129,57,0,0,0,0,0,0,0,0,0,0,0,0,3,0,2,0,0,0,0,0,0,0,0,0,0,0,0,0,96,0,0,0,1,0,1,2,0,0,0,1,0,0,0,4,52,0,0,0
23,GGC,0,0,0,0,0,0,0,0,1,48,0,0,0,0,1,0,0,0,0,0,0,0,0,0,0,16,0,0,0,0,2,0,0,38,0,0,0,14,0,0,93,671424,24,45,0,71,2,0,0,1,1,0,0,0,0,0,0,78,0,1,0,0,0,0
24,TAC,0,16,0,0,0,0,0,0,0,0,0,0,0,0,0,0,0,90,0,0,0,0,0,0,0,0,0,0,1,0,2,0,0,2,0,0,0,0,0,0,0,0,0,0,0,0,0,0,29,635365,27,65,0,7,0,3,0,63,0,2,0,57,0,0
25,CAT,0,0,0,53,0,0,0,0,0,0,0,1,0,0,0,0,37,88,6,638251,0,0,0,6,0,0,0,65,0,0,0,35,0,0,0,12,0,0,0,0,0,0,1,0,0,1,0,0,0,0,0,61,0,0,0,0,0,0,0,0,0,0,0,0
26,GCG,0,0,0,0,0,0,58,0,0,0,1,0,0,0,0,0,0,0,0,0,0,0,12,0,0,0,0,0,0,0,0,0,0,0,84,0,112,28,637067,53,0,1,43,0,0,0,94,0,0,0,0,0,0,0,53,0,0,0,0,0,0,0,0,0
27,AAC,29,680366,12,62,0,0,0,0,0,66,0,0,0,56,0,0,0,2,0,0,0,0,0,0,0,0,0,0,0,0,0,0,1,59,0,0,0,0,0,0,0,0,0,0,0,0,0,0,1,49,0,0,0,0,0,0,0,0,0,0,0,0,0,0
28,AAC,21,687937,7,30,0,2,0,0,0,45,0,0,0,48,0,0,0,3,0,1,0,0,0,1,0,0,0,0,0,0,0,0,0,57,0,0,0,0,0,0,0,0,0,0,0,0,0,0,0,13,0,0,0,0,0,0,0,0,0,0,0,0,0,0
29,TCA,0,0,0,0,56,0,0,0,0,0,0,0,0,0,0,0,0,0,0,0,101,0,0,0,0,0,0,0,2,1,0,0,0,0,0,0,5,0,1,0,0,0,0,0,0,0,0,0,85,0,1,0,698733,8,72,11,19,0,0,0,53,0,0,0
30,ACC,0,26,0,0,62,705094,13,98,0,12,0,0,0,70,1,1,0,0,0,0,0,4,1,0,0,0,0,0,0,0,0,0,0,0,0,0,0,75,0,0,0,0,0,0,0,1,0,1,0,0,0,0,0,37,0,0,0,0,0,1,0,0,0,0
31,GAC,1,127,0,0,3,0,0,0,0,0,0,1,0,0,0,0,0,18,0,0,0,0,0,0,0,0,0,0,0,0,0,0,41,702352,16,68,0,2,0,2,0,53,0,0,0,52,0,0,0,86,0,0,0,0,0,0,1,0,0,0,0,0,0,0
32,ACT,1,1,0,19,38,110,10,654080,0,0,0,4,1,0,0,34,0,0,0,0,0,1,0,1,0,0,0,0,0,0,0,0,0,0,0,0,0,0,0,66,0,0,0,0,0,1,0,0,0,0,0,0,0,0,0,45,0,0,0,0,0,0,0,0
33,GTT,0,0,0,0,1,0,0,1,0,0,0,2,1,0,0,99,0,0,0,0,0,0,0,1,0,0,0,0,0,0,1,25,0,1,0,73,0,0,0,83,1,0,1,4,47,151,8,860364,0,0,0,1,0,0,0,0,0,0,0,7,0,1,1,48
34,GAC,1,97,0,0,6,0,0,0,0,3,0,0,0,0,0,0,0,20,1,0,0,0,0,0,0,0,0,0,0,0,0,0,45,832770,20,129,1,6,0,10,0,88,2,0,1,100,1,0,0,63,0,0,1,0,0,0,1,0,0,1,0,0,0,0
35,ACA,19,0,0,1,626297,91,83,41,12,0,0,1,50,1,1,0,1,0,4,0,5,0,0,0,0,0,0,0,0,0,1,0,0,0,1,0,84,0,0,0,0,0,0,0,0,0,0,0,0,0,0,0,64,0,0,0,0,0,0,0,1,0,0,0
36,ATA,40,0,0,1,54,0,0,4,1,0,0,0,612325,4,57,30,1,0,1,0,0,0,0,0,0,0,0,0,0,0,10,0,0,0,0,0,0,0,0,0,0,0,0,0,54,1,0,0,0,1,0,0,0,0,0,0,0,0,0,25,28,0,0,0
37,CTC,0,0,0,0,0,0,0,1,0,1,0,0,0,24,0,0,0,44,0,0,0,69,0,3,0,0,0,1,77,566326,20,101,0,0,0,0,0,0,0,0,0,0,0,0,0,17,0,0,0,1,0,0,0,0,0,0,0,0,0,0,0,39,0,0
38,GAG,0,0,86,0,0,0,0,1,0,0,0,0,0,0,0,0,0,0,14,0,0,0,0,0,0,0,1,0,0,1,0,0,35,13,571414,31,0,0,3,2,0,0,87,0,0,0,47,0,0,0,68,0,0,0,0,0,0,0,0,0,0,0,0,0
39,AAG,34,16,559184,28,0,0,1,0,0,0,65,0,0,0,22,0,0,0,2,0,0,0,0,0,0,0,0,0,0,0,0,0,2,0,48,0,0,0,0,0,0,0,0,0,0,0,0,0,0,0,17,0,0,0,0,0,0,0,0,0,0,0,0,0
40,AAT,32,59,1,560888,0,0,0,1,0,0,0,43,0,0,1,22,0,0,0,0,0,0,0,0,0,0,0,0,0,0,1,0,1,0,0,51,0,0,0,0,0,0,0,0,0,0,0,0,0,0,0,34,0,0,0,0,0,0,0,1,0,0,0,0
41,GTG,0,0,0,0,0,0,0,0,0,0,0,0,0,0,69,0,0,0,0,0,0,0,0,0,0,0,0,0,0,0,11,0,0,0,65,0,0,0,56,1,0,0,4,0,76,17,554654,38,0,0,0,0,0,0,0,0,0,0,1,3,0,0,25,0
42,GCA,1,0,0,0,54,0,0,0,0,0,0,0,0,0,0,0,0,0,2,0,16,0,0,0,0,0,0,0,0,0,1,0,83,1,0,0,561977,10,85,30,26,1,0,0,116,1,0,0,0,0,0,0,1588,0,0,0,0,0,0,0,0,0,0,0
43,GTG,0,0,0,0,0,0,0,0,0,0,5,0,0,0,46,0,0,0,0,0,0,0,0,0,0,0,0,0,0,1,1621,0,0,0,41,0,0,0,72,1,0,0,7,0,82,17,562892,44,0,0,1,0,0,0,0,0,0,0,0,2,0,0,40,0
44,ACA,18,0,0,0,549243,4,75,55,15,0,0,0,75,0,0,0,0,0,0,0,1682,0,0,0,0,0,0,0,0,0,0,0,0,0,0,0,56,0,0,0,0,0,0,0,0,0,0,0,0,0,0,0,66,0,0,0,1,0,0,0,0,0,0,0
45,CAT,0,0,0,19,4,0,0,0,0,0,0,0,0,2,0,0,20,50,0,548654,0,0,0,3,0,0,0,61,0,0,1,22,0,0,0,17,0,0,0,0,0,0,0,5,0,0,0,0,0,0,0,47,0,0,0,0,0,0,0,0,0,0,0,0
46,TCT,0,0,0,0,0,0,0,33,0,0,0,0,0,0,0,0,0,0,0,0,0,0,0,44,0,0,0,0,0,1,7,0,0,0,0,1,0,0,0,44,0,0,0,0,0,0,0,0,0,0,0,49,26,99,6,485488,0,0,0,11,0,2,0,42
47,GTT,0,0,0,0,0,0,0,0,0,1,0,1,0,0,0,55,0,0,0,0,0,0,0,0,0,0,0,0,0,0,1,13,0,0,0,39,0,0,0,58,0,0,0,3,49,57,5,571122,1,0,0,0,0,0,0,1,0,0,0,9,1,0,0,23
48,AAC,27,474655,6,26,0,7,0,1,0,33,0,0,0,39,0,0,0,1,0,0,0,0,0,0,0,0,0,0,0,0,0,0,0,47,0,0,0,0,0,0,0,0,0,0,0,0,0,0,0,43,0,0,0,0,0,0,0,0,0,0,0,0,0,0
49,CTG,0,0,0,0,0,0,0,0,0,0,0,0,0,0,26,1,0,0,19,0,0,0,42,15,0,0,3,0,40,13,343579,23,0,0,0,0,0,0,0,0,0,0,0,0,0,0,3,0,0,0,0,0,0,0,0,0,0,3,0,0,0,0,20,0
50,CTC,0,0,0,0,0,0,0,0,0,1,0,0,0,42,0,0,0,25,0,0,0,60,1,0,0,2,0,0,65,451936,19,71,0,0,0,0,0,0,0,0,0,0,0,0,0,22,0,0,0,0,0,0,0,0,0,0,0,0,0,0,0,30,0,0
51,GAA,58,0,0,0,0,0,0,0,1,0,0,0,0,0,0,0,14,0,0,0,0,0,0,0,0,0,0,0,0,0,0,0,443362,4,60,17,4,0,0,0,53,0,0,0,24,0,0,0,50,0,0,0,0,0,1,0,0,0,0,20,0,0,0,0
52,GAC,0,27,0,0,0,0,0,0,0,2,0,0,0,0,0,0,0,43,1,0,0,0,0,0,0,0,0,0,0,0,0,0,23,475577,16,60,0,1,0,0,0,58,0,0,0,34,0,0,0,28,0,0,0,0,0,0,0,0,0,0,0,0,0,0
53,AGC,0,64,0,0,0,17,0,0,45,497209,24,86,0,54,0,0,0,0,1,0,0,0,0,0,0,5,0,0,0,0,0,0,0,0,0,0,0,1,0,0,0,96,0,0,0,0,0,0,0,0,0,0,0,0,0,0,0,73,0,0,0,0,0,0
54,CAC,0,34,0,0,3,0,0,0,0,2,0,0,0,0,0,0,21,511843,14,39,4,3,0,0,0,49,0,0,0,41,0,0,0,16,0,0,0,1,0,0,0,0,0,0,0,0,0,0,0,50,0,0,0,0,0,0,0,0,0,0,0,0,0,0
55,AAC,21,522124,7,68,0,1,4,0,0,65,0,0,0,31,0,0,1,4,0,0,0,0,0,0,0,0,0,0,0,0,1,0,0,72,0,0,0,0,0,0,0,0,0,0,0,0,0,1,0,20,0,0,0,0,0,0,0,0,0,0,0,0,0,0
56,GGG,0,0,0,0,0,0,1,0,0,0,84,1,0,0,0,0,0,0,0,0,0,0,0,0,0,0,9,0,0,0,0,0,0,0,49,0,0,0,17,2,42,14,525012,35,0,0,32,0,0,0,0,0,0,1,0,0,0,0,66,0,0,0,0,0
57,AAA,523931,30,54,44,2,0,0,0,58,0,0,0,27,0,0,0,2,0,0,0,0,0,0,0,0,0,0,0,0,0,0,0,69,0,0,0,0,0,0,0,0,0,1,0,0,1,0,0,19,0,0,0,0,0,0,0,0,0,0,0,0,0,0,0
58,CTA,0,0,0,0,0,0,0,0,0,0,0,0,32,0,0,0,11,0,0,0,62,0,1,10,0,0,0,2,449267,2,39,36,0,0,0,0,0,0,0,0,0,0,0,0,7,0,0,0,0,0,0,1,0,0,0,0,1,0,0,0,19,0,0,0
59,TGT,0,0,0,0,0,0,0,0,0,0,0,31,1,0,4,0,0,0,0,0,0,0,0,0,0,0,0,46,0,0,2,2,0,0,0,0,0,0,0,0,0,0,0,8,0,0,0,0,0,0,1,56,0,0,0,6,56,45,5,474479,0,0,0,23
60,AAA,430871,2,33,16,3,0,0,1,37,0,0,0,13,0,0,0,0,0,1,0,0,0,0,0,0,0,0,0,0,0,1,0,54,0,0,0,0,0,0,1,0,0,0,0,0,0,0,0,16,0,0,0,0,0,0,0,0,0,0,0,0,0,0,0
61,TTA,0,0,0,0,0,0,0,0,1,0,0,0,13,0,1,18,0,0,0,0,0,0,1,0,0,0,0,0,26,0,6,0,0,0,0,0,0,0,0,0,0,0,0,0,1,0,0,0,19,0,3,0,25,0,0,2,1,0,0,0,405107,12,31,42
62,AAA,306541,11,220,9,3,0,0,0,24,0,1,0,5,0,0,0,1,0,0,0,0,0,0,0,0,0,0,0,0,0,0,0,25,0,0,0,0,0,0,0,0,0,0,0,0,0,0,0,17,0,0,0,0,0,0,0,0,0,0,0,0,0,0,0
63,GGA,0,0,0,1,1,0,0,0,24,0,1,0,0,0,0,0,0,0,0,0,0,0,0,0,9,0,0,0,0,0,0,0,38,0,0,0,11,0,0,0,314593,3,34,21,33,0,0,0,0,0,0,0,0,0,0,0,27,0,0,0,0,0,0,0
64,ATA,36,0,0,8,28,0,0,0,1,0,0,0,333692,3,66,8,0,0,0,0,0,0,0,0,0,0,0,0,1,0,0,0,0,0,0,0,0,0,0,0,0,0,0,0,40,0,0,0,0,0,9,0,0,0,0,0,0,0,0,0,17,0,0,0
65,GCC,0,0,0,0,0,33,0,0,0,15,0,0,0,0,0,0,0,0,1,0,0,24,0,0,0,0,0,0,0,0,0,0,0,39,0,0,43,401512,14,27,0,11,0,0,0,35,0,0,0,0,0,0,0,62,0,0,0,0,0,0,0,0,0,0
66,CCA,0,0,0,0,55,0,0,1,4,0,0,0,0,0,0,0,45,3,3,0,350839,10,45,29,11,0,0,0,22,0,0,0,0,0,0,0,16,0,0,0,0,0,0,0,0,0,0,0,0,0,0,0,29,0,0,0,0,0,0,0,0,0,0,0
67,CTA,0,0,0,0,1,0,0,2,2,0,0,0,18,0,0,0,15,2,0,0,68,0,0,0,3,0,0,0,410027,3,43,30,0,0,0,0,0,0,0,0,0,0,0,0,5,0,0,0,0,1,0,0,0,0,0,0,0,0,0,0,18,0,0,0
68,CAA,34,0,0,3,4,0,0,0,0,0,0,0,0,0,0,0,419917,0,38,13,1,0,0,5,44,0,0,0,14,1,0,0,3,1,1,0,0,0,0,0,0,0,0,0,0,0,0,0,40,0,0,0,0,0,0,0,0,0,0,0,0,0,0,0
69,TTG,0,0,0,0,1,0,0,0,0,0,1,0,0,0,15,9,0,0,0,0,0,0,0,0,0,0,0,0,0,0,32,0,0,0,0,0,0,0,0,0,0,0,0,0,0,1,0,0,0,0,12,0,0,0,38,1,0,0,4,0,33,17,392201,42
70,GGG,0,0,0,0,0,0,0,0,0,0,29,0,0,0,1,0,0,0,0,0,0,0,0,0,0,0,5,0,0,0,6,0,3,0,42,0,0,0,13,0,54,8,387129,37,0,0,27,0,0,0,0,0,0,0,0,0,0,0,62,0,0,0,1,0
71,AAA,360951,0,42,30,0,0,0,0,55,0,0,0,11,0,1,0,2,0,0,0,0,0,0,0,0,0,0,0,0,0,0,0,27,0,0,0,0,0,0,0,0,0,0,0,1,0,0,0,16,0,0,0,0,0,0,0,0,0,0,0,1,0,0,0
72,TGT,0,0,0,0,0,0,0,0,0,0,0,11,0,0,9,0,0,0,0,0,0,0,0,0,0,0,0,42,0,0,0,0,0,1,0,0,0,0,0,0,0,0,0,2,1,0,0,0,1,0,0,48,0,0,0,16,31,62,4,405109,0,0,0,33
73,AAC,18,413924,9,42,2,2,0,0,0,47,0,0,0,27,0,0,0,1,0,0,0,0,0,0,0,0,0,0,0,0,0,0,0,68,0,0,0,0,0,0,0,1,0,0,0,0,0,0,0,16,0,0,0,0,0,0,0,0,0,0,0,0,0,0
74,ATC,0,26,0,0,0,36,0,1,0,1,0,0,29,395837,7,29,0,0,0,0,0,0,0,1,0,0,1,0,0,0,0,0,0,0,0,0,0,0,0,0,0,0,0,0,0,49,0,0,0,0,0,0,0,0,0,0,0,0,0,0,0,16,0,0
75,ACC,0,14,0,0,50,432677,17,74,0,9,0,0,0,41,0,0,0,1,5,0,0,1,0,0,0,0,0,0,0,0,0,0,0,0,0,0,0,46,1,0,0,0,0,0,0,0,1,0,0,0,0,0,0,26,0,0,0,0,0,1,0,0,0,0
76,GGA,0,0,0,0,0,0,0,0,90,0,0,0,0,0,0,0,0,0,0,0,0,0,0,0,12,0,0,0,0,0,0,0,32,0,0,3,9,0,0,0,449554,4,71,33,44,0,0,0,0,0,0,0,0,0,0,0,42,0,0,0,0,0,0,0
77,TGG,0,0,0,0,0,0,0,0,0,0,28,0,0,0,1,0,0,0,1,0,0,0,0,0,0,0,44,0,0,0,1,0,0,0,0,0,0,0,0,0,0,2,0,0,0,0,0,0,0,0,38,0,0,0,7,0,51,14,429571,43,0,0,43,0
78,CTC,0,1,0,0,0,0,0,0,0,1,0,0,0,48,0,0,0,27,0,0,0,66,0,3,0,2,0,0,41,489111,11,32,0,0,0,0,0,0,0,7,0,1,0,0,1,29,0,0,0,0,0,0,0,0,0,2,0,0,0,0,0,30,0,0
79,TTG,0,0,0,0,0,0,0,0,0,0,0,0,0,0,16,0,0,0,0,0,0,0,0,0,0,0,0,0,0,1,55,6,0,0,0,0,0,0,0,0,1,0,2,0,0,0,0,0,0,0,14,0,0,0,58,1,0,0,5,0,44,6,426402,36
80,GGA,0,0,0,0,0,0,0,0,37,0,0,0,0,0,0,0,0,0,0,0,0,0,0,0,12,0,0,0,0,0,1,0,43,0,0,0,8,0,0,0,389392,14,63,26,32,0,0,0,0,0,0,0,0,0,0,0,34,0,1,0,0,0,0,0
81,AAT,32,72,0,508763,0,0,0,1,0,0,0,42,0,0,0,26,0,0,4,2,0,1,0,0,0,0,0,0,0,0,2,0,0,0,0,61,0,0,0,0,0,0,0,0,0,0,0,0,0,0,0,10,0,0,0,0,0,0,0,2,0,0,0,0
82,CCA,0,0,0,0,48,0,0,0,0,0,0,0,0,0,0,0,55,0,2,0,549835,14,149,24,21,0,0,0,62,0,0,0,0,0,0,0,8,0,0,0,0,0,0,0,0,0,0,0,0,0,0,0,45,0,0,0,0,0,0,0,0,0,0,0
83,GAA,36,0,0,1,1,0,0,0,6,0,0,0,0,0,0,0,16,0,0,0,0,0,0,0,0,0,0,0,0,0,1,0,563382,2,42,19,3,0,0,0,50,0,0,0,22,0,0,0,51,0,0,0,0,0,0,0,0,0,0,0,0,0,0,0
84,TGC,0,0,0,0,0,0,0,0,0,21,0,0,0,0,0,0,0,0,0,0,0,0,0,0,1,66,0,0,0,0,0,0,0,0,0,0,0,0,0,0,0,5,0,0,0,0,0,0,0,43,0,0,0,20,0,0,76,579818,31,199,0,60,0,0
85,GAC,0,85,0,0,1,0,0,0,0,0,0,0,0,0,0,0,0,15,0,0,0,0,0,0,0,0,0,0,0,2,0,0,31,594763,12,35,0,3,0,0,0,71,0,0,0,53,0,0,0,58,0,0,0,0,0,0,0,1,0,1,0,0,0,0
86,TCA,0,0,0,0,50,0,0,0,1,0,0,0,0,0,0,0,0,0,1,0,50,0,0,0,0,0,0,0,0,0,1,0,0,0,0,0,8,0,0,0,0,0,0,0,0,0,0,0,83,0,1,0,587557,11,66,51,18,0,0,0,54,1,0,0
87,CTG,0,0,0,0,0,0,0,0,0,0,1,0,0,0,26,0,0,0,43,0,0,0,87,3,0,0,4,0,103,18,590976,66,0,0,0,0,0,0,0,0,0,0,0,0,0,0,14,0,0,0,0,0,0,0,0,0,0,0,0,1,0,0,37,0
88,CTT,0,0,0,0,0,0,0,0,0,0,0,0,0,0,0,49,0,0,0,9,0,0,0,78,0,0,0,1,48,77,4,553561,0,0,0,0,0,0,0,0,0,0,0,0,0,2,0,13,0,0,0,0,0,0,0,0,0,1,0,1,0,0,0,29
89,CCA,0,0,0,0,57,0,0,0,0,0,0,0,0,0,0,0,50,0,5,0,535747,9,99,22,19,1,0,0,63,0,1,0,0,0,0,0,13,0,0,0,1,0,0,0,0,0,0,0,0,0,0,0,27,0,0,0,0,0,0,0,0,0,0,0
90,GCG,0,0,0,1,0,0,25,0,0,0,0,0,0,0,0,0,0,0,0,0,0,0,9,0,0,0,0,0,0,0,0,0,0,0,44,0,57,15,474637,57,0,0,13,0,0,0,107,0,0,0,0,0,0,0,47,0,0,0,0,0,0,0,0,0
91,AGA,29,0,0,0,11,0,0,0,446247,2,47,31,32,0,0,0,0,0,0,0,0,0,0,0,2,0,0,0,0,0,0,0,0,0,0,0,0,0,0,0,45,0,1,0,0,1,0,0,0,0,0,0,0,0,0,0,24,0,0,0,0,0,0,0
92,TCA,0,0,0,0,18,0,0,0,0,0,0,0,0,0,0,0,0,0,1,0,42,0,0,0,0,0,0,0,0,0,0,1,0,1,0,0,2,0,0,0,0,0,0,0,0,0,0,0,31,0,0,1,435494,2,86,48,8,0,0,1,43,0,0,0
93,TGG,0,0,0,0,0,0,0,0,0,0,29,0,0,0,0,0,0,0,0,0,0,0,1,0,0,0,46,0,0,1,0,0,0,0,0,0,0,0,0,0,0,0,2,0,0,0,0,0,0,0,36,0,0,0,9,0,56,10,440237,20,0,0,38,0
94,TCC,0,0,0,0,0,38,0,0,0,0,0,0,0,0,0,0,0,0,0,0,0,48,0,0,0,0,0,0,0,0,0,0,0,0,0,0,0,5,0,0,0,0,0,0,0,6,0,0,0,26,0,0,35,421832,12,42,0,20,0,0,0,41,0,0
95,TAC,0,30,0,0,0,0,0,0,0,0,0,0,0,0,1,0,0,110,1,0,0,0,0,2,0,0,0,0,2,2,0,0,0,17,0,0,0,0,0,0,0,0,0,0,0,0,0,0,40,542622,11,62,0,3,0,0,0,87,0,0,0,37,0,0
96,ATT,0,1,0,23,0,0,0,46,0,0,0,0,16,83,1,512340,0,0,2,3,0,0,0,0,0,0,0,0,0,0,1,2,0,0,0,0,0,0,0,0,0,0,0,0,0,0,0,51,0,0,0,0,0,0,0,0,0,0,0,0,0,0,0,24
97,GTA,0,0,0,0,0,0,0,0,0,0,0,0,50,0,0,0,0,0,1,0,0,0,0,0,0,0,0,0,8,0,0,0,62,0,0,0,64,0,0,0,1,0,0,0,544129,6,82,14,0,0,1,0,0,0,0,0,0,0,0,3,33,0,0,0
98,GAA,32,1,0,0,1,0,0,0,3,0,0,0,0,0,0,0,10,0,1,0,0,0,0,0,0,0,0,0,0,0,0,0,533150,2,70,12,3,0,0,0,46,0,0,0,22,0,0,0,45,0,0,0,0,0,0,0,1,0,0,1,0,0,0,0
99,ACA,19,1,0,0,565202,10,66,53,8,0,0,1,55,0,0,0,0,1,0,0,14,0,0,0,0,0,0,0,0,0,1,0,0,1,1,0,53,0,0,0,0,0,0,0,0,0,0,0,0,0,0,0,23,0,0,0,0,0,0,1,0,0,0,0
100,CCA,0,0,0,0,31,1,0,0,0,0,1,0,0,0,0,0,62,0,0,0,572398,4,57,17,8,0,0,0,47,0,0,0,0,0,0,0,7,0,0,0,0,0,0,0,0,0,0,0,0,0,0,0,35,0,0,0,0,0,0,0,0,0,1,0
101,AAC,20,587222,8,24,0,20,0,1,0,45,0,0,0,10,0,0,0,3,0,0,0,0,0,0,0,0,0,0,0,0,0,0,0,38,0,0,0,0,0,0,0,0,0,0,0,0,0,0,0,5,0,0,0,0,0,0,0,0,0,0,0,0,0,0
102,TCT,0,0,0,0,0,0,0,17,0,0,0,0,0,0,0,0,0,0,3,0,0,0,0,65,0,0,0,0,0,0,1,1,0,1,0,0,0,0,0,7,0,0,0,0,0,0,0,0,0,0,0,59,28,124,4,605191,1,0,0,14,0,0,0,28
103,GAG,0,0,66,0,0,0,0,0,0,0,4,0,0,0,0,0,0,0,14,0,0,0,0,0,0,0,0,0,0,0,0,0,35,19,620220,43,0,0,3,0,0,0,133,0,0,0,47,0,0,0,70,0,0,0,0,0,0,0,0,0,0,0,0,0
104,AAT,36,60,2,626191,0,0,0,0,1,0,0,74,0,0,0,34,0,0,5,2,0,0,0,0,0,0,0,0,0,0,0,0,1,0,0,76,0,0,0,0,0,0,0,0,0,0,0,0,0,0,0,25,0,0,0,0,0,0,0,0,0,0,0,1
105,GGA,0,0,0,0,0,0,0,0,62,0,0,0,0,0,0,0,0,0,1,1,0,0,0,0,17,0,0,0,0,0,0,0,54,1,3,0,14,0,0,0,637045,9,116,40,70,0,0,0,0,0,0,0,0,0,0,0,65,1,1,0,0,0,0,0
106,GCA,0,0,0,0,56,0,0,0,5,0,0,0,0,0,0,0,0,0,0,2,23,0,0,0,0,0,0,0,0,0,0,0,84,0,0,0,628361,17,58,29,31,0,0,0,89,0,0,0,1,0,0,0,65,0,0,0,0,0,0,0,0,0,0,0
107,TGT,0,0,0,0,0,0,0,0,0,0,0,34,0,0,5,0,0,0,0,1,1,0,0,0,0,0,0,77,0,0,1,0,0,0,0,0,0,0,0,1,0,0,0,4,0,0,0,1,0,0,0,59,0,0,0,9,63,65,6,641659,0,0,0,29
108,TAT,0,0,0,10,1,0,0,0,0,0,0,0,0,12,1,0,0,0,0,59,0,0,0,0,0,0,0,0,0,0,4,0,0,0,0,10,0,0,0,1,0,0,0,0,0,0,0,0,48,63,0,608034,0,2,0,6,0,0,0,60,1,1,0,22
109,CCA,0,0,0,0,54,0,0,0,0,0,2,0,0,0,0,0,44,0,12,0,550565,28,117,38,21,0,0,0,102,1,0,0,0,0,0,0,18,0,0,0,0,0,0,0,0,0,0,0,0,0,0,0,26,0,0,0,0,0,0,0,0,0,0,0
110,GGA,0,0,0,0,0,0,0,0,54,0,0,0,0,0,0,0,0,0,0,0,0,0,0,0,13,0,0,0,0,0,0,0,33,0,1,0,13,0,0,1,420355,4,64,28,53,0,0,0,0,0,0,0,0,0,0,0,43,0,0,2,0,0,0,0
111,GAT,0,0,0,29,0,0,0,0,0,0,0,0,0,0,0,1,0,0,2,9,0,0,0,0,0,0,0,0,0,0,0,0,14,50,0,414505,0,0,0,0,0,0,0,50,0,0,0,34,0,0,0,18,0,0,0,0,0,0,0,0,0,0,0,0
112,CTC,0,0,0,0,0,0,0,0,0,3,0,0,0,37,1,0,0,41,0,0,0,78,0,1,0,4,0,0,53,496136,17,51,0,0,0,0,0,0,0,0,0,0,0,0,0,7,0,0,0,0,0,1,0,0,0,0,0,0,0,0,0,22,0,0
113,ATC,0,40,0,0,0,34,0,0,0,1,0,0,54,502756,13,65,0,0,1,0,0,0,0,0,1,0,0,0,0,1,0,0,0,0,0,0,0,0,0,0,0,0,0,0,0,58,0,0,0,0,0,0,0,0,0,0,0,0,0,1,1,29,0,0
114,GAC,0,98,0,0,0,0,0,0,0,2,0,0,0,0,0,0,0,12,0,0,0,0,0,0,0,0,0,0,1,0,0,0,14,532784,18,35,0,3,0,0,1,51,0,0,0,48,0,0,0,43,0,0,0,0,0,0,0,0,0,0,0,0,0,0
115,TAT,0,0,0,12,1,0,0,2,0,0,0,1,1,0,0,0,0,0,0,56,0,0,0,0,0,0,0,0,1,0,0,0,0,0,0,10,0,0,0,0,1,0,0,0,0,0,0,1,55,61,5,557733,0,0,0,2,0,0,0,45,0,1,0,46
116,GAG,0,0,61,0,0,0,0,0,0,0,1,0,0,0,4,0,0,0,30,0,0,0,0,1,0,0,0,0,0,1,0,0,54,16,603155,55,0,0,10,0,1,0,115,0,0,0,27,0,0,0,101,0,0,0,0,0,0,0,1,0,0,1,0,0
117,GAA,35,1,0,0,0,0,0,0,0,0,0,0,0,0,0,0,8,0,0,0,0,0,0,0,0,0,0,0,0,0,1,0,578169,2,65,37,1,0,0,1,47,0,0,0,34,0,0,0,42,0,0,0,0,0,0,0,0,0,0,0,0,0,0,0
118,CTG,0,0,0,0,0,0,0,2,0,0,0,0,0,0,21,0,0,0,10,0,0,0,96,3,0,0,7,0,55,13,546928,67,0,0,0,0,0,0,0,0,0,0,0,0,0,0,11,0,0,0,0,0,0,0,0,0,1,0,0,0,0,0,31,0
119,AGG,0,0,29,0,0,0,10,0,41,24,535427,58,0,0,80,0,0,0,0,0,0,0,0,0,0,0,2,0,0,0,5,0,0,0,4,0,0,0,0,0,0,0,93,0,0,0,0,0,0,0,0,0,0,0,0,0,0,0,26,0,0,0,0,0
120,GAG,0,0,114,0,0,0,0,0,0,4,0,0,0,0,0,0,0,0,19,0,0,0,0,0,0,0,0,0,1,0,1,0,51,15,505550,38,0,0,3,0,0,0,91,0,0,0,12,0,0,0,50,0,0,0,0,0,0,0,0,0,0,0,0,0
121,CAA,48,0,1,2,0,0,0,0,0,1,0,0,0,0,0,0,474641,4,34,26,3,0,0,0,50,0,0,0,25,0,0,0,18,0,0,0,0,0,0,0,0,0,0,0,0,0,0,0,133,0,0,0,0,0,0,0,0,0,0,0,0,0,0,0
122,TTG,0,0,0,0,0,0,0,0,0,0,0,0,0,0,20,1,0,0,0,0,0,0,0,0,0,0,0,0,0,0,38,0,0,0,0,0,0,0,0,0,0,0,0,0,0,0,1,0,0,0,36,0,0,0,52,3,2,0,1,0,53,15,472567,47
123,AGC,0,38,0,0,0,15,0,0,37,391818,9,25,0,30,0,0,0,0,0,0,0,1,0,0,0,2,0,0,0,0,2,0,0,0,0,0,0,0,0,1,0,66,0,0,0,0,0,0,0,0,0,0,0,0,0,0,0,14,0,0,0,0,0,0
124,TCA,0,0,0,0,18,0,0,0,0,0,0,0,0,0,0,0,0,0,2,0,47,0,0,0,0,0,0,0,0,0,1,0,0,0,0,0,5,0,0,0,0,0,0,0,0,0,0,0,43,0,0,0,303970,6,45,27,5,0,0,0,38,0,0,0
125,GTA,0,0,0,0,0,0,0,0,1,0,1,0,28,0,0,1,0,0,0,0,0,0,0,0,0,0,0,0,6,0,0,0,30,0,0,0,35,0,0,0,0,0,0,0,387066,0,35,26,0,0,0,0,0,0,0,0,0,0,0,0,26,0,0,0
126,TCA,0,0,0,0,20,0,0,0,0,0,0,0,0,0,0,0,0,0,1,0,36,0,0,0,0,0,0,1,0,0,0,0,0,0,0,0,0,0,0,0,0,0,0,0,2,0,0,0,45,0,1,0,390921,3,63,31,10,0,0,1,37,0,0,0
127,TCA,0,0,0,0,38,0,0,0,1,0,0,0,0,1,0,0,0,0,1,0,35,0,0,0,0,0,0,0,0,0,1,0,0,0,0,0,2,0,0,0,0,0,0,0,0,0,0,0,24,0,0,1,375194,6,32,40,15,0,0,0,38,0,0,0
128,TTA,0,0,0,0,0,0,0,0,0,0,0,0,26,0,0,1,0,0,0,1,0,0,0,0,0,0,0,0,29,0,17,0,0,0,0,0,0,0,0,0,0,0,0,0,1,2,0,0,4,0,4,0,40,0,0,0,0,0,0,1,369663,3,50,21
129,GAA,25,0,0,0,0,0,0,0,2,0,0,0,0,0,0,0,16,0,0,0,0,0,0,0,0,0,0,0,0,0,0,0,427663,2,54,10,2,0,0,2,55,0,0,0,25,0,0,0,38,0,0,0,0,0,0,0,0,0,0,0,0,0,0,0
130,AGA,14,0,0,0,2,0,0,1,402642,1,30,27,28,0,0,0,0,0,0,0,0,0,0,0,0,0,0,0,0,0,1,0,0,0,0,0,0,0,0,0,44,0,0,0,0,0,0,0,0,0,0,0,0,0,0,0,19,0,0,0,0,0,0,0
131,TTC,0,0,0,0,0,0,0,0,0,0,0,0,0,19,0,0,0,0,0,0,0,0,0,0,0,0,0,0,0,45,0,0,0,0,0,0,0,0,0,0,0,0,0,0,0,0,0,0,0,31,0,0,0,21,0,0,0,1,0,0,52,431309,17,61
132,GAA,70,0,0,0,0,0,0,0,0,0,0,0,0,0,0,0,16,0,0,0,0,0,0,0,0,0,0,0,0,0,0,0,450894,1,52,24,1,0,0,0,56,0,0,0,22,0,0,0,45,0,0,0,0,0,0,0,0,0,0,0,0,0,0,0
133,ATA,12,0,0,4,43,0,0,0,1,0,0,0,453290,0,30,11,0,0,1,0,0,0,0,0,0,0,0,0,0,0,0,0,0,0,0,0,0,0,0,0,0,0,0,0,38,0,0,0,0,0,0,0,0,0,0,0,0,0,0,0,18,0,0,0
134,TTT,0,0,0,0,0,0,0,0,0,0,0,0,0,0,0,29,0,0,0,0,0,0,0,0,0,0,0,0,0,0,0,52,0,0,0,0,0,0,0,0,0,0,0,0,0,0,0,3,0,0,0,41,0,0,0,57,0,0,0,1,41,65,1,469541
135,CCC,0,0,0,0,0,43,0,0,0,1,0,0,0,0,0,0,1,38,0,0,50,473108,16,47,0,16,0,0,0,42,0,0,0,1,0,0,0,14,0,0,1,0,0,0,0,0,0,0,0,0,0,0,0,60,0,0,0,0,0,0,0,0,0,0
136,AAG,27,10,466249,32,0,0,1,1,0,0,69,0,0,0,22,0,2,0,3,0,0,0,0,0,1,0,0,0,1,0,1,1,0,0,65,0,0,0,0,0,0,0,0,0,1,0,0,0,0,1,22,0,0,0,0,0,0,0,0,0,0,0,0,0
137,GAA,36,0,0,0,5,0,0,0,0,0,0,0,0,0,0,0,14,0,0,0,0,0,0,0,0,0,0,0,0,0,0,1,499029,2,67,14,0,0,0,0,70,0,0,0,35,0,0,0,44,0,0,0,0,0,0,0,0,0,0,0,0,0,0,0
138,AGT,0,0,3,32,0,0,0,4,27,52,1,473483,0,1,0,18,0,0,0,0,0,0,0,0,0,0,0,3,0,0,0,0,0,0,0,0,0,0,0,0,0,0,0,88,0,0,0,5,0,0,0,0,0,0,0,0,0,0,0,6,0,0,0,0
139,TCA,0,0,0,0,16,0,0,1,0,0,0,0,0,0,0,0,0,0,0,0,39,0,0,0,1,0,0,0,0,0,0,0,0,1,0,0,3,0,0,0,0,0,0,0,0,0,0,0,36,0,0,1,477370,17,85,25,19,0,0,0,53,19,0,0
140,TGG,0,0,0,0,0,0,0,0,0,0,42,0,0,0,23,0,0,0,0,0,0,0,0,0,0,0,59,0,0,0,0,0,0,0,0,0,0,0,0,0,0,1,4,0,0,0,0,0,0,1,43,0,0,0,12,0,55,21,441273,43,0,0,24,0
141,CCC,0,0,0,0,0,25,0,0,0,0,0,0,0,0,0,0,0,34,0,0,50,357428,10,49,0,10,0,0,0,41,0,1,0,0,0,0,0,47,0,0,0,0,0,0,0,0,0,0,0,0,0,0,0,46,0,0,0,0,0,0,0,0,0,0
142,AAC,24,357220,8,22,0,7,0,0,0,34,0,0,0,15,0,0,0,3,0,0,3,0,0,0,0,0,0,0,0,0,0,0,0,45,0,0,0,0,0,0,0,0,0,0,0,0,0,0,0,13,0,0,0,0,0,0,0,0,0,0,0,0,0,0
143,CAC,0,14,0,0,3,5,0,0,0,0,0,0,0,0,0,0,10,331311,8,32,1,3,0,0,0,20,0,0,0,37,0,0,0,8,0,0,0,0,0,0,0,0,0,0,0,0,0,0,0,27,0,0,0,0,0,0,0,0,0,0,0,0,0,0
144,ACA,12,0,0,1,322677,4,34,16,7,0,0,0,37,0,0,0,2,0,0,0,2,0,0,0,0,0,0,0,0,0,0,0,0,0,0,0,43,0,0,0,1,0,0,0,0,0,0,0,0,0,0,0,16,0,0,0,0,0,0,0,0,0,0,0
145,TTC,0,0,0,0,0,0,0,0,0,0,0,0,0,15,0,1,0,1,0,0,0,0,0,0,0,0,0,0,0,29,0,0,0,0,0,0,0,0,0,0,0,0,0,0,0,0,0,0,0,11,0,0,2,37,0,0,0,2,0,0,29,323280,4,36
146,AAC,10,314195,4,71,1,1,2,0,0,37,0,0,0,15,0,0,1,2,0,0,0,0,0,0,0,0,0,0,0,0,2,0,0,48,0,0,0,0,0,0,0,0,0,0,0,0,0,0,0,12,0,0,0,0,0,0,0,0,0,0,0,0,0,0
147,GGA,0,0,0,0,0,0,0,0,40,0,0,0,0,0,0,0,0,0,1,0,0,0,0,0,9,0,0,0,0,0,0,0,23,0,0,0,7,0,0,0,294470,2,46,21,39,0,0,0,0,0,0,0,0,0,0,0,28,0,0,0,0,0,0,0
148,GTA,0,0,0,0,0,0,0,1,0,0,0,1,25,0,0,0,0,0,1,0,0,0,0,0,0,0,0,0,4,0,0,0,12,0,0,0,28,0,0,0,3,0,0,0,299486,2,18,4,0,0,1,0,0,0,0,0,0,0,0,0,9,0,0,0
149,ACA,10,0,0,0,302497,6,52,21,11,0,0,0,27,0,0,0,0,0,4,0,0,0,0,0,0,0,0,0,0,0,0,0,0,0,0,0,22,0,0,0,0,0,0,0,0,0,0,0,0,0,0,0,29,0,0,0,0,0,0,0,0,0,0,0
150,GTA,0,0,0,0,0,0,0,0,0,0,0,1,29,0,0,0,0,0,0,0,0,0,0,0,0,0,0,0,6,0,0,0,15,0,0,0,27,0,0,19,4,1,0,0,293344,0,36,15,0,0,0,0,0,1,0,0,0,0,0,0,15,0,0,0
151,TCA,0,0,0,0,27,0,0,0,0,0,0,0,0,0,0,0,0,0,1,0,33,0,0,0,0,0,0,0,0,0,1,0,0,0,0,0,1,0,0,0,0,0,0,0,1,0,0,0,34,0,1,0,314731,1,66,26,5,0,0,0,27,1,0,0
152,TGC,0,0,0,0,0,0,0,0,0,28,0,0,0,0,0,0,0,0,0,0,0,0,0,0,0,42,0,0,0,0,0,0,0,0,0,0,0,0,0,0,0,1,0,0,0,0,0,0,0,40,0,0,0,10,0,1,24,292369,3,22,0,32,0,0
153,TCC,0,0,0,0,0,11,0,0,0,0,0,0,0,0,0,0,0,0,0,0,0,46,0,0,0,0,0,0,0,2,4,0,0,0,0,0,0,3,0,0,0,0,0,0,0,0,0,0,0,28,0,0,26,271371,10,18,0,6,0,0,0,35,0,1
154,CAT,0,0,0,35,0,0,0,0,1,0,0,0,4,0,0,0,13,25,0,279868,16,0,0,1,0,0,0,22,0,0,1,20,0,0,0,4,1,0,0,0,0,0,0,0,0,0,0,0,0,0,0,34,0,0,0,0,0,0,0,0,0,0,0,0
155,AGG,0,0,28,0,0,0,9,0,20,15,295036,29,0,0,44,0,0,0,0,0,0,0,0,0,0,0,0,0,0,0,0,0,0,0,0,0,0,0,0,0,0,0,67,0,0,0,0,0,0,0,25,1,0,0,0,0,0,0,21,0,0,0,0,0
156,GGA,0,0,0,0,0,0,0,0,23,0,0,0,0,0,0,0,0,0,0,0,0,0,0,0,10,0,0,0,0,0,0,0,23,0,0,0,8,0,0,2,305499,2,83,9,20,0,0,0,0,0,0,0,0,0,0,0,28,0,0,0,0,0,0,0
157,AAA,325646,3,24,29,1,0,0,0,19,0,0,0,14,0,0,0,1,0,0,0,0,0,0,0,0,0,0,1,0,0,0,0,43,0,0,0,0,0,0,0,0,0,0,0,0,0,0,0,11,0,0,0,0,2,0,0,0,0,0,0,0,0,0,0
158,AGC,0,27,11,0,0,14,0,0,45,340709,14,51,0,34,0,0,0,0,0,0,0,0,0,0,0,2,0,0,0,0,0,0,0,0,0,0,9,0,0,0,0,96,0,0,0,0,0,0,0,0,0,0,0,0,0,0,0,13,0,0,0,0,0,0
159,AGT,0,0,0,11,0,0,0,1,22,23,10,354688,0,0,0,16,0,0,12,0,0,0,0,0,0,0,0,1,0,0,0,0,0,0,0,0,0,0,0,0,0,0,0,45,0,0,0,4,0,0,0,0,0,0,0,0,0,0,0,14,1,0,0,0
160,TTT,0,0,0,0,0,0,0,0,0,0,0,1,0,1,0,22,0,0,0,0,0,0,0,0,0,0,0,0,0,1,1,32,0,0,0,0,0,0,0,0,0,0,0,0,0,0,0,1,0,0,0,9,0,0,0,25,0,0,0,2,18,35,1,388813
161,TAC,0,3,0,0,4,0,1,0,0,0,0,0,0,0,0,0,0,36,0,0,0,0,0,0,0,0,0,0,0,0,0,0,0,0,0,0,0,0,0,0,0,0,0,0,0,0,0,0,21,406760,13,62,0,2,0,0,0,40,0,1,1,23,0,1
162,AGA,28,0,0,0,6,0,0,0,395438,1,24,23,24,0,0,0,0,0,2,0,0,0,0,0,1,0,0,0,0,0,1,0,1,0,0,0,0,0,0,0,111,0,0,0,0,0,0,0,0,0,0,0,0,0,0,0,23,0,0,0,0,0,0,0
163,AAT,22,35,1,393959,0,0,0,1,0,1,0,24,1,0,0,16,0,0,1,0,0,0,0,0,0,0,0,0,0,0,0,0,0,0,0,43,0,0,0,0,0,0,0,0,0,0,0,0,0,0,0,6,0,0,0,0,0,0,0,0,0,0,0,1
164,TTG,0,0,0,0,0,0,0,0,0,0,2,0,0,0,10,0,0,0,0,0,0,0,0,0,0,1,0,0,0,0,22,0,0,0,0,0,0,0,0,0,0,0,0,0,0,0,6,0,0,0,16,0,0,0,40,0,0,2,2,0,34,14,378809,63
165,CTA,0,0,0,0,0,0,0,0,0,0,0,0,24,1,0,0,8,0,0,0,44,0,0,0,0,0,0,0,357500,5,29,24,0,0,0,0,0,0,0,0,0,0,0,0,15,0,0,0,0,0,0,0,0,0,0,0,0,0,0,0,54,0,0,0
166,TGG,0,0,0,0,0,0,0,0,0,0,25,0,0,0,0,0,0,0,0,0,0,0,0,0,0,0,29,0,0,0,2,0,0,0,0,0,0,0,0,1,0,1,0,0,0,0,0,0,2,0,40,0,0,0,12,0,35,15,334656,35,0,0,23,0
167,CTG,0,0,0,0,0,0,0,0,0,0,5,0,0,0,27,0,0,0,12,0,0,0,30,0,0,0,1,0,39,6,318441,32,0,0,0,0,0,0,0,0,0,0,0,0,0,0,16,0,0,0,0,0,0,0,0,0,0,0,0,0,0,0,32,0
168,ACG,0,0,14,0,29,2,326205,23,0,0,17,0,0,0,77,0,0,0,1,0,0,0,4,0,1,0,0,0,0,0,0,0,0,1,0,0,0,0,33,0,0,0,0,0,0,0,0,0,0,0,0,0,0,0,13,0,0,0,0,0,0,0,0,0
169,AAG,25,8,261617,15,0,0,4,1,2,0,53,0,0,0,18,0,0,0,1,0,0,0,0,0,0,0,0,0,0,0,0,0,8,0,18,0,0,0,0,0,0,0,0,0,0,0,0,0,0,0,11,0,0,0,0,0,0,0,0,0,0,0,0,0
170,AAG,57,3,272751,32,0,0,1,0,0,0,49,0,0,0,20,0,0,0,0,0,0,0,0,0,0,0,0,0,0,0,0,0,12,0,26,0,0,0,0,0,0,0,0,0,0,0,0,0,0,0,12,0,0,0,0,0,0,0,0,1,0,0,0,0
171,GGG,0,0,1,0,0,0,0,0,0,0,26,0,0,0,0,0,0,0,1,0,0,0,0,0,0,0,5,0,0,0,0,0,1,0,27,0,0,0,9,0,27,7,288652,37,0,0,39,0,0,0,0,0,0,0,0,0,0,0,50,0,0,0,0,0
172,GAT,0,0,0,52,0,0,0,0,0,0,0,4,0,0,0,1,0,0,0,10,0,0,0,0,0,0,0,0,0,0,0,0,17,28,0,276320,0,0,0,0,0,0,0,37,0,0,0,21,0,0,0,28,0,0,0,0,0,0,0,0,0,0,0,0
173,TCA,0,0,0,0,18,0,0,0,0,0,0,0,0,0,0,0,0,0,0,0,40,0,0,0,0,0,0,0,0,0,0,0,0,0,0,0,1,1,0,0,0,0,0,0,0,0,0,0,31,0,0,0,307373,2,46,19,11,0,0,0,35,2,0,0
174,TAC,0,23,0,0,0,0,0,0,0,0,0,0,2,0,0,0,0,37,0,0,0,0,0,0,0,0,0,0,0,0,0,0,0,2,0,0,0,0,0,0,0,0,0,0,0,0,0,0,24,311345,4,21,0,0,0,0,1,44,0,0,1,14,0,0
175,CCA,0,0,1,0,32,1,0,0,0,0,0,0,0,0,0,0,39,0,0,0,297303,11,26,10,8,0,1,0,30,0,0,0,0,0,0,0,7,1,0,0,0,0,0,0,0,0,0,0,0,0,0,0,23,0,0,0,0,0,0,0,0,0,0,0
176,AAG,18,10,375893,37,0,0,7,0,0,0,41,0,0,0,16,0,0,0,1,0,0,0,0,0,0,0,0,0,0,0,0,0,0,1,30,0,0,0,0,0,0,0,1,0,0,0,0,0,0,0,12,0,0,0,0,0,0,0,0,1,0,0,0,1
177,CTG,0,0,0,0,0,0,1,0,0,0,2,0,0,0,43,0,0,0,7,0,0,0,52,0,0,0,3,0,50,12,363067,40,0,0,0,0,0,0,0,0,0,0,0,0,0,0,11,0,0,0,1,0,0,0,0,0,0,0,0,0,0,0,21,0
178,ACC,0,25,1,0,48,433015,17,46,0,12,0,0,0,46,0,0,0,0,0,0,0,1,0,0,0,0,0,0,0,0,0,0,0,3,1,0,0,43,0,0,0,0,0,0,0,0,0,0,0,0,0,0,0,49,0,0,0,0,0,0,0,0,0,0
179,AAT,23,55,0,474424,0,0,0,1,0,0,0,40,0,0,0,19,0,0,0,2,0,0,0,0,0,0,0,0,0,0,4,0,0,0,0,58,0,0,0,0,0,0,0,0,0,0,0,0,0,0,0,24,0,0,0,0,1,0,0,0,0,0,0,0
180,TCC,0,0,0,0,0,37,0,0,0,1,0,0,0,0,0,2,0,0,1,0,0,68,0,0,0,0,0,0,0,0,0,0,0,0,0,0,0,2,0,0,0,0,0,0,0,0,0,0,0,31,0,0,49,539336,17,33,0,19,0,0,0,36,0,0
181,TAT,0,0,0,15,0,0,0,0,0,0,0,0,0,0,0,0,0,0,1,121,0,0,0,3,0,0,0,0,0,0,0,0,0,0,0,2,0,0,0,0,0,0,0,0,0,0,0,0,42,62,2,552539,0,0,0,2,0,0,0,57,0,0,0,23
182,GTG,0,0,0,0,1,0,0,0,0,0,1,0,0,0,66,0,0,0,0,0,0,0,0,0,0,0,0,0,0,0,16,0,2,1,60,0,0,0,77,4,0,0,4,0,60,22,538892,42,0,0,0,0,0,0,0,0,0,1,0,1,0,0,30,1
183,AAC,28,545415,15,56,3,4,0,1,0,65,0,0,0,39,0,0,1,1,0,0,0,1,0,0,0,0,0,0,0,0,0,0,6,68,0,1,0,0,0,0,0,0,0,0,0,0,0,0,0,30,0,0,0,0,0,0,0,0,0,0,0,0,0,0
184,AAT,32,38,2,548627,0,0,0,0,0,0,0,36,4,0,0,22,14,0,2,1,0,0,0,0,0,0,0,0,0,0,0,0,0,0,0,45,0,0,0,0,0,0,0,0,0,0,0,0,0,0,0,27,0,0,0,0,0,0,0,0,0,0,0,0
185,AAA,530493,9,61,19,5,1,0,0,49,0,0,0,32,0,0,0,1,0,1,0,1,0,0,0,0,0,0,0,0,0,0,1,65,0,0,0,0,0,0,0,0,0,0,0,0,0,0,0,31,0,0,0,0,0,0,0,0,0,0,0,0,0,0,0
186,GGG,0,0,0,0,0,0,0,0,0,0,48,0,0,0,0,0,0,0,1,0,0,0,0,0,0,0,12,0,0,0,0,0,1,0,50,1,0,0,28,2,52,26,560256,51,0,0,63,0,0,0,0,0,0,0,0,0,0,0,68,0,0,0,0,0
187,AAA,562983,10,116,32,3,0,0,0,88,0,0,0,20,0,0,0,3,0,1,0,0,0,0,0,0,0,0,0,0,0,0,0,95,0,0,0,0,0,0,0,0,0,0,0,0,1,0,0,39,0,0,0,0,0,0,0,0,0,0,0,0,0,0,0
188,GAA,25,0,6,0,1,0,0,0,2,0,0,0,0,0,0,0,13,0,2,0,0,0,0,0,0,0,0,0,0,0,0,0,535893,1,71,20,1,0,0,0,53,0,0,0,30,0,0,0,33,0,0,0,0,0,0,0,0,0,0,0,0,0,0,0
189,GTC,0,0,0,0,0,0,0,0,0,1,0,0,0,29,0,0,0,0,0,0,0,0,0,0,0,0,0,0,0,9,0,0,0,40,0,0,0,60,0,1,0,2,0,0,37,495493,12,31,0,0,0,0,0,0,0,0,0,0,0,0,0,19,0,0
190,CTT,0,0,0,0,0,0,0,0,0,0,0,0,0,0,0,30,0,1,6,29,0,1,0,101,0,0,0,8,25,60,4,482877,1,2,0,0,0,0,0,0,0,0,0,0,0,0,0,11,0,0,0,0,0,6,0,0,0,0,0,0,0,0,1,31
191,GTA,0,0,0,0,0,0,0,3,12,0,0,0,44,0,0,0,0,0,2,0,0,0,0,0,0,0,0,0,6,0,0,0,62,1,0,0,53,0,0,0,2,0,0,0,533072,1,51,30,0,1,0,0,0,0,0,0,0,0,0,0,31,0,0,0
192,CTA,0,0,0,0,0,1,0,3,1,0,0,0,27,0,4,0,19,1,0,0,67,0,0,1,0,0,0,0,527087,2,64,29,0,0,0,0,0,0,0,0,0,0,0,0,9,0,0,0,0,1,0,1,0,0,0,0,0,0,0,0,43,0,0,0
193,TGG,0,0,0,0,0,0,0,0,0,0,32,0,0,0,4,0,0,0,0,0,0,0,1,0,0,0,58,0,0,0,2,0,0,0,0,0,0,0,0,0,0,0,6,0,0,0,0,0,0,0,50,2,0,0,17,0,41,18,540887,80,0,0,73,0
194,GGT,0,1,0,0,0,0,0,0,0,0,0,36,0,0,0,0,0,0,4,0,0,0,0,0,0,0,0,11,0,0,1,0,0,0,0,29,0,0,0,11,26,62,5,565525,0,0,4,31,0,0,0,1,0,0,0,0,0,0,0,59,0,0,0,0
195,GTT,0,0,0,0,0,0,0,0,0,0,0,0,0,0,0,73,0,0,0,0,0,0,0,0,0,0,0,0,0,0,0,15,0,0,0,15,0,0,0,101,0,0,0,1,41,97,4,611303,0,0,0,2,0,0,0,0,0,1,0,0,0,2,0,23
196,CAT,0,0,0,51,0,0,0,0,0,0,0,1,0,1,0,0,66,61,2,635714,0,0,0,3,0,0,0,81,0,0,0,46,1,0,0,21,0,0,0,0,0,0,0,0,0,0,0,1,0,0,0,80,1,0,0,0,0,0,0,0,0,0,0,0
197,CAC,0,45,0,1,2,1,0,0,0,3,0,0,0,0,0,0,34,626487,14,46,0,5,0,0,0,71,0,0,0,36,0,0,0,10,0,1,0,0,0,0,0,0,0,0,0,0,0,0,0,58,0,0,0,0,0,0,0,0,0,0,0,0,0,0
198,CCG,0,0,0,0,0,0,54,0,0,0,4,0,0,0,0,0,1,0,86,0,81,9,608092,33,0,0,10,0,1,0,79,0,0,0,0,0,0,0,24,0,0,0,0,0,0,0,0,0,0,0,0,0,0,0,45,0,0,0,0,0,0,0,0,0
199,TCT,0,0,0,0,0,0,0,37,0,0,0,1,0,0,0,0,0,0,0,0,0,0,0,63,0,0,0,0,0,0,0,0,0,0,0,0,0,0,0,1,0,0,0,0,0,4,0,0,0,0,0,51,24,76,3,637818,0,0,0,12,0,0,0,35
200,AGC,0,35,0,0,0,20,1,0,70,654101,23,82,0,81,0,0,0,0,0,0,0,0,0,0,0,1,0,0,0,1,0,0,0,0,0,0,1,0,0,0,0,69,0,0,0,0,0,0,0,0,2,0,0,0,0,0,0,27,0,0,0,0,0,0
201,AGT,0,0,0,43,0,0,0,7,35,93,4,580897,0,0,0,25,0,0,0,0,0,0,0,0,0,0,0,5,0,0,0,0,0,0,0,0,0,0,0,0,0,0,0,89,0,0,0,0,0,0,0,0,0,0,0,0,0,0,0,33,0,0,0,0
202,GAT,0,0,0,49,0,0,0,0,0,0,0,1,0,0,0,0,0,0,3,10,0,0,0,0,0,0,0,0,0,0,0,0,58,83,4,642766,1,0,0,3,0,0,0,67,0,0,0,50,0,0,0,51,0,0,0,0,0,0,0,3,0,0,0,0
203,GAG,0,0,78,0,0,0,0,0,0,0,3,0,0,0,0,0,0,0,24,0,0,0,0,0,0,0,0,0,0,0,1,0,70,19,696543,56,1,0,3,1,0,0,101,0,0,0,35,0,0,0,71,0,0,0,0,0,2,0,0,0,0,0,0,0
204,CAA,72,2,2,0,1,0,0,0,4,0,0,0,0,0,0,0,687683,5,76,56,2,0,0,2,80,0,0,0,42,1,0,0,18,0,0,0,2,0,0,0,0,0,0,0,0,0,0,0,86,0,0,0,0,0,0,0,0,0,0,0,0,0,0,0
205,CAG,0,0,38,0,0,0,0,0,1,0,0,0,0,0,1,0,25,19,623550,66,0,0,13,2,0,0,131,0,0,0,63,0,0,0,13,0,0,0,1,0,0,0,0,0,0,0,0,0,0,0,53,2,0,0,0,0,0,0,0,0,0,0,0,0
206,AGT,0,0,0,33,0,0,0,14,42,60,1,571256,0,0,0,17,0,0,0,0,0,0,0,0,0,0,0,1,0,0,3,0,0,0,0,0,0,0,0,0,0,1,0,75,0,0,0,0,0,0,0,0,0,0,0,0,0,1,0,39,0,0,0,0
207,CTC,0,0,0,0,0,1,0,0,0,0,0,0,0,38,0,0,0,20,0,0,0,39,0,1,0,7,0,0,68,523905,21,30,0,0,0,0,0,0,0,0,0,0,0,0,0,20,0,0,0,0,0,0,0,0,0,0,0,0,0,0,0,24,0,1
208,TAT,0,0,0,38,1,0,0,0,0,0,0,0,0,0,0,0,0,0,0,72,0,0,0,0,0,0,0,0,0,0,0,0,0,0,0,4,0,0,0,0,0,0,0,0,0,0,0,0,40,39,5,508577,0,0,0,2,0,0,1,53,0,0,0,36
209,AGT,0,0,0,32,0,0,0,14,41,43,4,478619,1,0,0,28,0,0,0,0,0,0,0,0,0,0,0,1,0,0,3,0,0,0,0,0,0,0,0,0,0,0,0,52,0,0,0,0,3,0,0,0,0,0,0,0,0,0,0,14,2,0,0,0
210,AAT,44,52,1,395927,0,0,0,4,0,0,0,20,0,0,1,15,0,0,0,5,0,0,0,0,0,0,0,0,0,0,7,0,0,0,0,36,0,0,0,0,0,0,0,0,0,0,0,0,1,0,0,4,0,0,0,1,0,0,0,0,0,0,0,0
211,GGA,0,0,0,0,0,0,0,0,43,0,0,0,0,0,0,0,0,0,1,0,0,0,0,0,18,0,0,0,0,0,0,0,29,0,0,0,13,0,0,0,384777,5,41,19,40,1,0,0,0,0,0,0,0,0,0,0,22,0,2,0,0,0,0,0
212,AAT,11,50,1,398577,0,0,1,3,0,0,0,29,0,0,2,7,0,0,3,3,0,0,0,0,0,0,0,0,0,0,0,0,0,0,0,41,0,0,0,0,0,0,0,0,0,0,0,0,0,0,0,22,0,0,0,0,0,0,0,0,0,0,0,0
213,GCT,0,0,0,0,0,0,0,24,0,0,0,0,0,0,0,0,0,0,0,0,0,0,0,15,0,0,0,0,0,0,0,1,0,0,0,26,17,41,1,416593,0,0,0,11,0,0,0,18,0,0,0,0,1,0,0,43,0,1,0,0,0,0,0,0
214,TAT,0,0,0,4,0,0,0,0,0,0,0,1,0,0,2,0,0,0,0,59,0,0,0,0,0,0,0,0,0,0,0,0,0,0,0,1,0,0,0,0,0,0,0,0,0,0,0,0,39,47,3,417876,0,0,0,2,0,0,0,23,0,0,0,11
215,GTC,0,0,0,0,0,0,0,0,0,0,0,0,0,34,0,0,0,0,1,0,0,0,0,0,0,1,0,0,0,7,0,0,0,24,0,0,0,31,0,0,0,2,0,0,19,330230,12,27,0,0,0,0,0,0,0,0,0,0,0,0,0,15,0,0
216,TCT,0,0,1,0,0,0,0,24,0,0,0,0,0,0,0,0,0,0,0,1,0,0,0,51,0,0,0,0,0,0,1,0,0,0,0,0,0,0,0,4,0,0,0,0,0,0,0,0,0,0,0,44,25,62,3,354233,0,0,0,7,0,0,0,23
217,GTA,0,0,0,0,0,0,0,0,0,3,0,0,32,0,0,0,0,0,0,0,0,0,0,0,0,0,0,0,16,0,0,0,39,0,1,1,44,0,0,0,1,0,0,0,361488,3,70,9,0,0,0,3,0,0,0,0,0,0,0,0,15,0,0,0
218,GCG,0,0,0,0,2,0,22,0,0,0,0,0,0,0,0,0,0,0,0,0,0,0,6,0,0,0,0,1,0,0,0,0,0,0,43,0,56,14,327284,29,0,0,12,0,0,0,54,0,0,1,0,0,1,0,57,0,0,0,0,0,0,1,0,0
219,TCT,0,0,0,0,0,0,0,2,0,0,0,0,0,0,0,0,0,0,0,0,0,0,0,35,0,0,0,0,0,1,1,0,0,0,0,0,0,0,0,1,0,0,0,0,0,0,0,0,0,0,0,17,12,48,14,296640,0,0,0,8,0,0,0,25
220,TCA,0,0,0,0,15,0,0,0,0,0,0,0,0,0,0,0,0,0,0,0,57,0,0,0,0,0,0,0,0,0,0,0,0,0,0,0,4,0,0,0,0,0,0,0,0,0,0,0,34,0,1,0,301601,2,45,12,8,0,0,0,23,0,0,0
221,AAT,11,32,1,354179,0,0,0,2,0,0,0,29,0,0,0,13,0,0,0,0,0,0,0,0,0,0,0,0,0,0,0,0,0,0,0,36,0,0,0,0,0,0,0,0,0,0,0,0,0,0,0,18,0,0,0,0,0,0,0,0,0,0,0,0
222,TAT,0,0,0,8,0,0,0,0,0,0,0,0,4,0,0,0,0,0,0,33,0,0,0,0,0,0,0,0,0,0,0,0,0,0,0,1,0,0,0,0,0,0,0,0,0,0,0,0,25,30,0,372874,0,0,0,1,0,0,0,18,2,0,0,23
223,AAC,21,351857,9,32,0,0,0,0,0,40,0,0,0,32,0,0,0,1,0,0,0,0,0,0,0,0,0,0,0,0,0,0,0,41,0,0,0,0,0,0,0,0,0,0,1,0,0,0,1,2,0,0,0,0,0,0,0,0,0,0,0,0,0,0
224,AGG,1,0,14,0,0,0,6,0,20,5,342158,32,0,0,34,0,0,0,0,0,0,0,0,0,0,0,7,0,0,0,1,0,0,0,0,0,0,0,0,0,0,0,39,0,0,0,0,0,0,0,0,0,0,0,0,0,0,0,20,0,0,0,0,0
225,AGA,16,0,0,0,4,0,0,0,369296,1,29,22,29,0,0,0,0,0,0,0,0,0,0,0,3,0,0,0,0,0,0,0,0,0,2,2,0,0,0,0,69,0,0,0,0,0,0,0,0,0,0,0,0,0,0,0,17,0,0,0,0,0,0,0
226,TTC,0,0,0,0,0,0,0,0,0,0,0,0,0,17,0,7,0,0,0,0,0,0,0,0,0,1,0,0,0,38,0,0,0,0,0,0,0,0,0,0,0,0,0,0,0,1,0,0,0,24,0,0,2,44,0,0,0,3,0,0,64,390969,8,28
227,ACC,0,27,0,0,37,420109,8,33,0,13,0,0,1,32,0,0,0,12,0,0,0,6,0,0,0,0,0,0,0,0,1,0,0,0,0,0,1,79,0,0,0,0,0,0,0,0,0,0,0,0,0,0,0,13,0,0,0,0,0,0,0,0,0,0
228,CCG,0,0,0,0,1,1,67,0,0,0,1,0,0,0,0,0,0,1,81,0,86,13,429985,44,0,0,60,0,1,1,60,0,0,0,0,0,0,0,19,0,0,0,0,0,0,0,0,0,0,0,0,0,0,0,33,1,0,0,0,0,0,0,1,0
229,GAA,45,0,0,0,0,0,0,0,1,0,0,0,0,0,0,0,7,0,0,1,0,0,0,0,0,0,0,0,0,0,0,0,432247,1,63,17,3,0,0,0,51,0,0,0,17,1,0,0,44,0,0,0,0,0,0,0,0,0,0,0,0,0,0,0
230,ATA,9,0,0,0,36,0,0,1,3,0,0,0,418734,4,69,16,0,0,0,0,0,0,0,0,0,1,0,0,2,0,0,0,0,0,0,0,0,0,0,1,0,0,0,0,33,0,0,1,0,0,9,0,0,0,0,0,0,0,0,0,19,0,0,0
231,GCT,0,0,0,0,0,0,0,21,0,0,0,0,0,0,0,0,0,0,0,0,0,0,0,15,0,0,0,0,0,0,0,0,0,0,0,30,20,103,2,383432,0,0,0,11,0,0,0,20,0,0,0,0,0,0,0,47,0,0,0,0,0,0,0,0
232,GCA,0,1,0,0,86,0,0,0,0,0,0,0,0,1,0,0,0,0,1,0,27,0,0,0,0,0,0,0,1,0,0,0,36,1,1,0,351756,0,64,19,11,0,0,0,33,0,0,0,0,0,0,0,48,0,0,0,0,0,0,0,0,0,0,0
233,AGG,0,0,35,0,0,0,5,0,51,11,388062,33,0,0,35,0,0,0,0,0,0,0,0,0,0,0,7,0,0,0,0,0,0,0,0,0,0,0,0,0,0,1,62,0,0,0,0,0,0,0,0,0,0,0,0,0,0,0,18,0,0,0,0,0
234,CCC,0,0,0,0,2,47,0,0,0,3,0,0,0,0,0,0,0,36,1,0,57,446861,14,39,0,12,0,0,0,42,0,0,0,0,0,0,0,37,0,0,0,0,0,0,0,0,0,0,0,0,0,0,0,37,0,0,0,0,0,0,0,0,0,0
235,AAA,451050,1,53,6,4,0,0,0,39,0,0,1,24,0,0,1,21,0,0,0,0,0,0,0,0,0,0,0,0,0,0,0,81,0,0,0,0,0,0,0,0,0,0,0,0,3,0,0,15,0,0,0,0,0,0,0,0,0,0,1,0,0,0,0
236,GTA,0,1,0,0,0,0,0,0,0,0,0,9,35,0,0,0,0,0,0,0,0,0,0,0,0,0,0,0,7,0,0,0,12,0,0,0,51,0,0,2,0,0,0,0,485201,13,53,4,0,0,0,0,0,0,0,0,0,0,0,0,28,0,0,0
237,AGA,23,0,0,1,4,0,0,1,461721,8,61,23,47,0,0,0,0,0,2,0,0,0,0,0,0,0,0,0,0,0,0,1,0,0,3,0,0,0,0,0,47,0,0,0,0,0,0,0,0,0,0,0,1,0,0,0,18,0,0,0,2,0,0,0
238,GAT,0,0,0,19,0,0,0,0,1,0,0,0,0,0,0,0,0,0,3,6,0,0,0,0,0,0,0,0,0,0,0,0,26,37,0,450025,0,0,0,3,0,0,1,38,0,0,0,21,0,0,0,27,0,0,0,0,0,0,0,1,0,0,0,0
239,CAA,33,1,1,0,0,0,0,0,4,0,0,0,0,0,0,0,453967,4,80,30,2,0,0,1,73,0,0,0,14,0,1,2,12,0,0,0,0,0,0,0,0,0,0,0,0,0,0,0,50,0,0,0,1,0,0,0,0,0,0,0,0,0,0,1
240,CAT,0,0,0,21,3,0,0,0,0,0,0,0,0,0,3,1,18,40,1,453802,0,1,0,5,0,0,0,54,0,1,0,24,0,0,0,11,0,0,0,0,0,0,0,1,0,0,0,0,0,0,0,43,0,0,0,0,0,0,0,0,0,0,0,0
241,GGG,0,0,0,0,0,0,0,0,0,0,41,0,0,0,0,0,0,0,0,0,0,0,0,0,0,0,13,0,0,0,2,0,0,0,33,1,0,0,10,0,30,16,419119,43,0,0,44,0,0,0,0,0,0,0,0,0,0,0,74,0,0,1,0,0
242,AGG,0,0,44,0,0,0,14,0,28,15,416414,41,0,0,34,0,0,0,0,0,0,0,0,0,0,0,2,0,0,0,1,0,0,0,1,0,0,0,0,0,1,0,78,0,0,0,0,0,0,0,0,0,0,0,0,0,0,0,22,0,0,0,0,0
243,ATG,0,0,26,0,0,0,48,0,0,0,0,0,46,14,414278,33,0,0,1,0,0,0,0,0,0,0,0,0,0,0,2,0,0,0,0,0,0,0,0,0,0,0,0,0,0,0,42,0,0,0,0,0,0,0,0,0,0,0,0,0,0,0,28,0
244,AAC,17,451572,12,26,0,2,0,0,0,57,0,0,0,33,0,0,0,0,0,0,0,0,0,0,0,0,0,0,0,0,0,0,0,71,0,0,1,0,0,0,0,0,0,0,0,0,0,0,0,26,0,0,0,0,0,0,0,0,0,1,0,0,0,0
245,TAT,0,0,0,10,0,0,0,0,0,0,0,8,0,0,0,1,0,0,0,49,0,0,0,0,0,0,0,0,3,0,1,1,0,0,0,4,0,0,0,0,0,0,0,0,0,0,0,0,24,44,2,447115,0,0,0,2,0,0,0,38,0,0,0,31
246,TAC,0,9,0,0,0,1,0,4,0,1,0,0,0,0,0,0,0,45,0,0,0,0,0,0,0,0,0,0,0,1,1,4,0,2,0,0,0,0,0,0,0,0,0,0,0,0,0,0,23,498128,8,33,0,7,0,0,0,53,0,0,3,41,0,0
247,TGG,0,0,0,0,1,0,0,0,0,0,25,0,0,0,0,0,0,0,2,0,0,0,0,0,0,0,89,0,0,0,6,0,0,0,0,0,0,0,0,0,0,1,3,0,0,0,0,0,0,0,65,0,0,0,5,0,35,19,450595,33,1,1,42,0
248,ACC,0,19,0,0,40,419727,9,39,0,4,0,0,0,42,0,0,0,0,0,0,0,2,0,0,0,0,0,0,0,0,0,0,0,0,0,0,0,52,0,0,0,0,0,0,0,0,0,0,0,0,0,0,0,20,0,0,0,0,0,1,0,0,0,0
249,TTG,0,0,0,0,0,0,0,0,0,0,0,0,0,0,25,0,0,0,1,0,0,0,0,0,0,0,0,0,0,0,30,0,0,0,0,0,0,0,0,0,0,0,0,0,0,0,4,0,0,0,26,0,0,0,83,0,0,1,1,0,27,20,429884,45
250,CTA,0,0,0,0,0,0,0,0,0,0,0,0,55,1,0,0,17,0,1,0,67,0,0,0,3,0,0,0,443850,2,69,17,0,0,0,0,1,0,0,3,0,0,0,0,18,0,0,0,0,0,2,0,0,0,0,0,0,0,0,0,52,0,0,0
251,GAA,23,2,0,0,0,0,0,0,2,0,0,0,0,0,0,0,8,0,2,0,0,0,0,0,0,0,0,0,0,0,0,0,479686,2,58,17,1,0,0,1,35,0,0,0,14,0,0,0,20,0,0,0,0,0,0,0,0,0,0,0,0,0,0,0
252,CCC,0,0,0,0,0,29,0,0,0,0,0,0,0,0,0,0,0,34,0,0,72,464268,8,74,0,13,0,0,0,27,1,0,0,0,0,0,0,3,0,0,0,0,0,0,0,1,0,0,0,0,0,0,0,31,0,0,0,0,0,0,0,0,0,0
253,GGA,0,0,0,0,1,0,0,0,94,0,0,0,0,0,0,0,0,0,0,0,0,0,0,0,18,0,0,0,0,0,0,0,26,0,1,0,16,0,0,0,478475,1,82,43,47,0,0,0,0,0,0,0,1,0,0,0,47,0,0,0,0,0,0,0
254,GAC,0,22,0,0,3,0,0,0,0,2,0,0,0,0,0,0,0,17,0,0,0,0,0,0,0,0,0,0,0,0,0,0,33,470568,14,52,0,2,0,0,0,52,0,0,0,42,0,0,0,26,0,0,0,0,0,0,0,0,0,0,0,0,0,0
255,ACA,25,0,2,2,502553,1,68,23,9,0,0,0,43,0,0,0,2,0,3,1,5,0,0,0,0,0,0,0,0,0,1,0,0,0,0,0,77,0,0,0,0,0,0,0,0,0,0,0,0,0,0,0,53,0,0,0,0,0,0,1,0,0,0,0
256,ATA,38,0,0,12,38,0,0,0,0,0,0,0,545074,1,41,14,1,0,1,0,0,0,0,0,0,0,0,0,1,1,0,0,0,0,0,0,0,0,0,0,0,0,0,0,43,0,0,0,2,0,0,0,0,0,0,0,0,0,0,0,34,0,0,0
257,ATA,35,0,0,2,45,0,0,0,0,0,0,0,565031,9,32,14,0,0,0,0,0,0,0,0,0,0,0,0,1,0,0,0,0,0,0,0,0,0,0,0,0,0,1,0,40,0,0,0,0,0,0,14,0,0,0,0,0,0,0,0,45,0,0,0
258,TTT,0,0,0,0,0,0,0,0,0,0,0,0,0,0,0,30,0,0,0,0,0,0,0,0,0,0,0,0,0,0,0,45,0,0,0,0,0,0,0,0,0,0,0,0,0,0,0,1,0,0,1,30,0,0,0,67,0,0,0,1,35,62,26,496647
259,GAG,0,0,44,0,0,0,0,0,0,0,4,0,0,0,0,0,0,0,20,0,0,0,0,0,0,0,0,0,0,0,5,0,45,13,476494,20,0,0,4,1,0,0,103,0,0,1,29,0,1,0,57,1,0,1,0,0,1,0,0,0,0,0,0,0
260,GCA,0,0,0,0,45,0,0,0,0,0,0,0,0,0,0,0,0,0,0,0,15,0,0,0,0,0,0,0,0,0,0,0,39,0,0,0,428205,1,52,19,11,0,0,0,48,0,0,0,0,0,0,0,33,0,0,0,0,0,0,0,0,0,0,0
261,ACT,0,2,0,27,45,64,9,498937,0,0,0,7,0,0,0,25,0,0,4,0,0,0,0,2,0,0,0,0,0,0,0,0,0,0,0,0,0,0,0,49,0,0,0,0,0,0,0,0,0,0,0,0,0,0,0,55,0,0,0,0,0,0,0,0
262,GGT,0,0,0,0,0,0,0,0,0,0,0,56,0,0,0,0,0,0,0,0,0,0,0,0,0,0,0,21,0,0,0,0,0,0,0,36,0,0,0,14,49,58,5,499360,2,0,0,31,0,0,0,0,0,0,0,0,0,0,6,40,0,0,0,0
263,AAT,21,43,1,511203,0,0,0,1,0,0,0,42,0,6,0,28,0,0,3,1,0,0,0,0,0,0,0,0,0,0,0,0,0,1,0,55,0,0,0,0,0,0,0,0,0,0,0,0,3,0,0,10,0,0,0,0,0,0,0,1,0,0,0,0
264,CTA,0,0,0,0,0,0,0,0,1,0,0,0,46,0,2,0,28,0,0,0,81,0,0,2,1,0,0,0,540574,2,64,4,0,0,0,0,0,0,0,0,0,0,0,0,8,0,2,0,2,0,0,0,2,0,0,2,0,0,0,0,25,0,0,0
265,ATA,46,0,1,0,53,0,0,1,2,1,0,0,527359,1,89,6,0,0,0,0,0,0,0,0,0,0,0,0,2,0,0,0,0,0,0,0,0,0,0,0,0,0,0,0,30,0,0,0,0,0,3,0,0,0,0,0,0,0,0,0,24,0,0,0
266,GCA,0,0,0,0,34,0,0,0,0,0,0,0,0,0,0,0,0,2,1,0,18,0,0,0,0,0,0,0,0,0,0,0,59,0,0,0,514471,10,55,43,23,0,0,0,47,0,0,0,0,0,0,0,31,0,0,0,0,0,0,0,0,0,0,0
267,CCA,0,0,0,0,21,1,0,0,2,0,0,0,0,0,0,0,35,0,5,3,499479,4,55,34,17,0,0,0,45,0,0,0,0,0,0,0,17,0,0,0,0,0,0,0,0,0,0,0,0,0,0,0,41,0,0,0,0,0,0,0,0,0,0,0
268,TGG,0,0,0,0,0,0,0,0,0,0,30,0,0,0,1,0,0,0,0,0,0,0,0,0,0,0,47,0,0,0,1,0,0,0,0,0,0,0,0,0,0,0,1,3,0,0,1,0,0,1,32,0,0,0,8,1,46,19,496942,46,0,0,38,0
269,TAT,0,0,0,46,0,0,0,0,0,0,0,0,0,0,5,0,0,0,0,50,0,0,0,0,0,0,0,0,0,0,3,0,0,0,0,4,0,0,0,0,0,0,0,0,1,0,0,0,16,61,1,481776,0,0,0,0,0,0,0,34,0,0,0,26
270,GCT,0,0,0,0,0,0,0,57,0,0,0,0,0,0,0,0,0,0,0,0,0,0,0,10,0,0,0,0,0,0,4,0,0,0,0,39,7,77,1,465408,0,0,0,14,0,0,0,22,0,0,0,0,0,0,0,51,0,1,0,0,1,0,0,0
271,TTC,0,0,0,0,0,0,0,0,0,0,0,0,0,26,0,0,0,0,3,0,0,0,0,0,0,0,0,0,0,33,1,0,0,0,0,0,0,0,0,0,0,0,0,0,0,1,1,0,0,14,0,0,0,44,0,1,0,0,0,0,41,406165,16,61
272,GCA,0,0,0,0,72,0,0,0,0,0,0,0,0,0,0,0,0,0,0,0,18,0,0,0,0,0,0,0,1,0,0,0,32,5,1,0,395037,2,57,33,3,0,0,0,49,0,0,0,0,0,0,0,40,0,0,0,0,0,0,0,1,0,0,0
273,CTG,0,0,0,0,0,0,0,0,0,0,15,0,0,0,20,0,0,0,14,0,0,0,100,0,0,0,8,0,45,7,387917,51,0,0,0,0,0,0,0,0,0,0,0,0,0,0,5,0,0,0,1,0,0,0,0,0,0,0,0,0,0,0,30,0
274,AGT,0,1,0,24,0,0,0,8,27,52,2,507621,0,0,0,20,0,0,0,1,0,0,0,0,0,0,0,4,0,0,0,0,0,0,3,0,0,0,0,0,0,0,0,72,0,2,0,1,0,0,0,0,0,0,0,0,0,0,0,33,0,0,0,0
275,AGA,40,0,0,0,10,0,0,0,607011,1,83,30,69,0,0,0,0,0,6,0,0,0,0,0,4,0,0,0,0,0,2,0,0,0,0,0,0,0,0,0,77,0,1,0,4,0,0,0,0,0,1,0,0,0,0,0,40,0,0,0,0,0,0,0
276,GGG,0,0,0,0,0,0,0,0,0,0,43,0,0,0,0,0,0,0,0,0,0,0,0,0,0,0,6,0,0,0,0,0,0,0,33,0,0,0,7,2,39,59,541135,35,0,0,31,1,0,0,0,0,0,0,0,0,0,1,71,0,0,0,0,0
277,TTT,0,0,0,0,0,0,0,0,0,0,0,1,0,0,0,22,0,0,0,0,1,0,0,0,0,0,0,0,0,0,3,49,0,0,0,0,1,0,0,0,0,0,0,0,0,0,0,20,0,0,0,14,0,1,0,56,1,0,0,5,15,111,6,525675
278,GAG,1,0,65,0,0,0,0,0,0,1,2,0,0,0,0,0,0,0,19,0,0,0,0,0,0,0,0,0,0,0,0,0,74,8,694941,21,0,0,2,2,1,0,112,0,0,0,18,0,0,0,107,0,0,0,0,0,2,0,0,1,0,0,0,0
279,TCC,0,1,0,0,0,67,0,1,0,1,0,0,0,0,0,0,0,0,3,0,0,80,0,0,0,0,0,0,0,0,4,0,0,0,0,0,0,10,0,0,0,0,0,0,0,3,0,0,0,53,0,0,72,693967,14,149,0,15,0,0,0,56,0,0
280,GGC,0,0,0,0,0,1,0,0,0,178,0,0,0,0,1,0,0,0,0,0,0,0,0,0,0,19,0,0,0,0,0,0,0,88,0,0,0,33,0,0,80,708592,33,108,0,81,0,0,0,0,0,0,0,0,0,0,0,67,0,0,0,0,0,0
281,ATC,0,20,0,0,0,71,0,0,0,1,0,0,62,703310,15,66,0,1,0,0,0,0,0,0,0,0,0,0,0,5,1,0,0,0,0,0,0,0,0,0,0,0,0,0,0,92,1,0,0,0,0,0,0,0,0,0,0,0,0,0,0,51,0,0
282,ATC,0,57,0,0,2,82,0,1,0,2,0,0,61,735925,22,64,0,0,0,0,0,0,1,0,0,0,0,0,0,6,0,0,0,0,0,1,0,0,0,0,0,0,0,0,0,84,0,0,0,0,0,0,0,0,0,0,0,0,0,0,0,58,0,0
283,ACC,1,22,0,0,64,726741,14,45,0,14,0,0,0,44,0,0,0,0,0,0,0,8,0,1,0,0,0,0,0,0,2,0,0,3,0,0,0,101,0,0,0,0,0,0,0,0,0,0,0,0,0,0,0,38,0,0,0,0,0,0,0,0,0,0
284,TCA,1,0,0,0,41,0,0,0,1,0,0,0,0,0,0,0,2,0,0,0,135,0,0,0,0,0,0,0,0,3,0,1,0,0,0,0,4,0,0,0,0,0,0,0,0,0,0,0,138,0,0,0,728401,6,113,19,11,0,0,0,43,0,0,0
285,AAC,31,752984,10,126,0,38,4,0,0,50,0,0,0,12,0,1,0,4,0,0,0,0,0,0,0,1,0,0,0,0,1,0,1,73,1,0,0,0,0,0,0,0,0,0,0,0,1,0,0,16,0,1,0,0,0,0,0,0,0,1,0,0,0,1
286,GCG,0,0,0,0,0,0,66,0,0,0,0,0,0,1,1,0,2,0,0,0,0,0,22,0,0,0,1,0,0,0,1,0,0,0,52,0,133,17,640188,53,0,0,10,0,0,0,77,1,0,0,0,0,0,0,64,0,0,0,0,0,0,0,0,0
287,TCA,0,0,0,0,43,0,0,0,0,0,0,0,0,0,0,0,0,0,10,0,81,0,0,0,0,0,0,1,0,0,1,1,0,0,0,0,3,0,0,0,0,0,0,0,0,3,0,0,51,0,0,1,655224,3,86,25,24,0,0,0,42,0,0,0
288,ATG,0,0,35,0,1,0,84,0,1,0,4,0,121,26,706149,98,0,0,2,1,0,0,0,0,0,0,0,0,0,0,1,0,0,0,0,0,0,0,0,0,0,0,0,0,0,0,55,0,0,0,0,0,0,0,0,0,0,3,0,0,1,1,32,0
289,CAT,0,0,0,98,0,0,0,0,0,0,0,0,0,0,0,1,42,84,5,695600,0,0,0,13,0,0,0,112,0,0,0,58,0,2,0,40,0,0,0,0,0,0,0,0,0,0,0,0,0,0,0,117,0,0,0,0,0,0,0,0,0,0,1,0
290,GAG,0,0,52,0,0,0,0,0,0,0,11,0,0,0,0,0,0,0,13,0,0,0,0,0,0,0,0,0,0,0,0,0,21,9,425863,17,0,0,1,1,0,0,60,0,0,0,19,0,0,0,78,0,0,0,0,0,0,0,0,0,0,0,0,0
291,TGT,0,0,0,0,0,0,0,0,0,0,0,52,0,0,0,0,0,0,0,0,0,0,0,0,0,0,0,52,0,0,6,0,0,0,0,0,0,0,0,0,0,0,0,4,0,0,6,0,0,0,0,83,0,0,0,13,48,74,4,495432,0,0,0,33
292,AAC,24,473816,10,36,8,1,0,0,0,62,0,0,0,17,0,0,0,1,1,0,0,0,0,0,0,0,0,0,0,0,0,0,0,59,0,0,0,1,0,0,0,1,0,0,0,0,0,0,0,8,0,0,0,0,0,0,0,0,0,0,1,0,0,0
293,ACG,0,0,15,0,51,23,422514,37,0,0,8,0,0,0,51,0,0,0,0,0,0,0,2,0,0,0,0,0,0,0,0,0,0,0,0,0,0,0,45,0,0,0,0,0,0,0,0,0,0,0,0,0,0,0,24,0,0,0,0,0,0,0,1,0
294,AAG,18,8,421113,15,0,0,3,1,0,0,53,0,0,0,20,0,0,0,3,0,0,0,0,0,0,0,0,0,0,0,0,0,0,0,36,0,0,0,0,0,0,0,0,0,0,0,0,0,0,0,27,0,0,0,0,0,0,0,0,3,0,0,0,0
295,TGT,0,0,0,0,0,0,0,0,0,0,0,16,0,0,0,0,0,0,0,0,0,0,0,0,0,0,0,39,0,0,1,1,0,0,0,0,0,0,0,0,0,0,0,4,0,0,1,0,0,0,0,58,0,0,0,11,43,65,0,432635,0,0,0,18
296,CAA,38,1,0,0,0,0,0,0,1,0,0,0,0,0,0,0,441230,3,27,19,7,0,0,0,103,0,0,0,24,0,1,0,21,0,0,0,0,0,0,0,0,0,0,0,0,2,0,1,39,0,0,0,3,0,0,0,2,0,0,0,0,0,0,0
297,ACA,20,5,0,0,474697,17,34,23,14,0,0,0,36,0,0,0,0,2,7,0,31,0,0,0,0,0,0,0,0,0,1,0,0,0,0,0,48,0,0,0,0,0,0,0,0,0,0,0,0,0,0,0,13,0,0,0,1,0,0,0,0,0,0,0
298,CCC,0,0,0,0,0,54,0,0,0,0,0,0,0,0,0,0,0,40,0,0,80,550632,11,53,0,18,0,0,0,33,0,0,0,0,0,0,0,14,0,0,1,0,0,0,0,0,0,0,0,0,0,0,0,38,0,0,0,0,0,0,0,0,0,0
299,CAG,0,0,57,0,0,1,0,0,0,0,9,0,0,0,0,0,61,12,502428,68,5,0,12,0,0,0,86,0,0,0,22,0,0,0,16,0,0,0,0,0,0,0,1,0,0,0,0,0,0,0,62,0,0,0,0,0,0,0,0,0,0,0,1,0
300,GGA,0,0,0,0,0,0,0,0,37,1,1,0,0,0,0,0,0,0,5,0,0,0,0,0,11,0,0,0,0,0,0,0,84,0,4,0,11,0,0,0,503858,1,86,33,53,0,1,0,0,0,0,0,0,0,0,0,53,0,0,0,0,0,0,0
301,GCT,0,0,0,0,0,0,0,66,0,1,0,0,0,0,0,0,1,0,0,0,0,0,0,14,0,0,0,0,1,0,3,0,0,1,3,45,14,81,0,565530,0,0,0,18,0,0,0,60,0,0,1,1,0,0,0,77,0,0,0,0,0,0,0,0
302,ATA,69,0,0,0,73,0,0,0,0,0,0,0,796709,0,53,10,1,0,0,0,0,0,0,0,0,0,0,0,7,0,0,0,1,1,0,0,0,0,0,0,0,0,0,0,87,0,0,0,1,0,0,13,0,0,0,0,0,0,0,0,65,0,0,0
303,AAC,28,803798,14,84,4,19,0,11,0,45,0,0,0,36,0,0,0,5,0,0,0,0,0,0,0,0,0,0,0,0,0,0,0,66,0,0,0,0,1,0,0,0,0,0,0,0,0,0,0,46,0,0,0,0,0,0,0,0,0,0,0,0,0,0
304,AGC,0,113,0,0,0,36,0,0,74,731050,17,92,0,99,0,1,0,0,1,0,0,0,0,0,0,5,0,0,0,0,6,0,0,0,0,0,1,0,0,0,0,80,0,0,0,0,0,0,0,0,0,0,0,1,0,0,0,23,0,0,0,0,0,0
305,AAT,47,66,2,714049,0,0,0,3,0,0,0,56,0,1,0,42,2,0,0,3,0,0,0,0,0,0,0,0,0,0,2,0,0,0,0,96,2,0,0,0,0,1,0,0,0,0,0,0,0,0,0,42,0,0,0,0,0,0,0,0,0,0,0,0
306,CTC,0,0,0,0,0,0,0,0,0,1,0,0,0,42,0,0,0,39,0,0,0,168,0,0,0,4,0,0,79,716429,15,44,0,0,0,0,0,0,0,0,0,0,0,0,0,10,0,0,0,0,0,0,0,1,0,2,0,0,0,0,0,41,0,0
307,CCT,0,0,0,0,0,0,0,56,0,0,0,0,0,0,0,0,0,0,1,107,32,78,1,642633,0,0,0,11,0,0,1,33,0,0,0,1,0,0,0,21,0,0,0,0,0,0,0,0,0,0,0,0,0,0,0,36,0,0,0,1,0,0,0,0
308,TTC,0,0,0,1,0,0,0,0,0,0,0,0,0,26,0,0,0,0,0,0,0,0,0,0,0,0,0,0,0,75,0,0,0,0,0,0,0,0,0,0,0,0,0,0,0,1,0,0,0,28,0,0,0,95,0,0,0,3,0,0,52,644576,14,45
309,CAG,0,0,37,0,0,0,0,0,4,0,0,0,0,0,0,0,41,12,638399,51,0,0,6,1,1,0,147,0,0,0,40,0,1,0,23,0,0,0,0,0,1,0,1,0,0,0,0,0,0,0,92,0,0,0,0,0,0,0,0,0,0,0,0,0
310,AAT,32,39,2,647658,0,0,0,2,0,0,0,66,1,0,0,37,0,0,0,1,0,0,0,0,0,0,0,0,0,0,0,0,0,0,0,62,0,0,0,0,0,0,0,0,0,1,0,0,0,0,0,20,0,0,0,0,0,0,0,0,0,0,0,0
311,ATA,33,0,0,0,70,0,0,0,1,0,0,0,610846,7,88,21,0,0,1,0,1,0,0,0,0,0,0,0,0,0,1,0,0,0,0,0,0,0,0,0,0,0,0,0,56,0,1,0,0,0,0,2,0,0,0,0,0,0,0,0,49,0,0,0
312,CAC,0,54,1,0,0,1,0,0,0,0,0,0,0,0,0,0,51,608523,21,38,0,14,0,1,0,61,0,0,0,34,0,0,0,17,0,0,0,0,0,0,0,0,0,0,0,0,0,0,0,102,1,1,0,0,0,0,0,0,0,0,0,0,0,0
313,CCA,0,0,0,0,42,0,0,0,0,0,0,1,0,2,0,0,74,0,1,0,498699,6,63,44,10,0,0,0,51,0,3,0,0,0,0,0,12,0,0,0,0,0,0,0,0,0,0,0,0,0,0,0,22,0,0,0,0,0,0,0,0,0,0,0
314,GTC,0,0,0,0,5,0,0,0,0,2,0,1,0,37,0,0,0,0,0,0,0,1,0,0,0,1,0,0,0,7,0,0,0,38,0,0,0,40,0,0,0,5,0,0,44,400583,11,43,0,0,0,0,1,0,0,0,0,0,0,0,0,14,0,0
315,ACA,23,0,1,0,394736,3,63,13,13,0,0,0,33,0,0,0,1,1,1,0,1,0,0,0,0,0,0,0,0,0,0,0,0,0,0,0,112,0,0,0,0,0,0,0,0,0,0,0,0,0,0,0,36,0,0,0,0,0,0,0,0,0,0,0
316,ATA,20,0,0,1,34,0,0,0,1,0,0,0,424210,8,54,30,1,0,0,0,0,0,0,0,0,0,0,0,1,0,0,0,0,0,0,1,0,0,0,0,0,0,0,0,32,0,0,0,0,0,5,0,1,0,0,0,0,0,0,0,26,0,0,0
317,GGA,0,0,0,0,0,0,0,0,23,0,0,0,0,0,0,0,0,0,0,0,0,0,0,0,8,0,0,0,0,0,1,0,21,0,2,0,9,0,0,0,372700,2,68,27,51,0,0,0,0,0,0,0,0,0,0,0,42,0,0,0,0,0,1,0
318,GAG,0,0,47,0,1,0,0,0,0,0,1,0,0,0,0,0,0,0,12,0,0,0,0,0,0,0,0,0,0,0,0,0,52,18,546409,26,0,0,0,9,0,0,48,0,0,0,34,0,1,0,67,0,1,0,0,0,0,0,0,0,0,0,0,0
319,TGC,0,0,0,0,0,0,0,0,0,44,0,0,0,0,0,0,0,0,0,0,0,0,0,0,0,74,0,0,0,0,2,0,0,0,1,0,0,2,0,0,0,9,0,0,0,1,0,0,0,119,1,0,0,32,0,0,62,540634,38,69,0,86,0,0
320,CCA,0,0,0,0,55,0,0,0,0,0,0,0,0,0,0,0,64,0,1,0,620669,35,52,12,24,0,0,0,67,0,0,0,0,0,1,0,25,0,0,0,0,0,0,0,0,0,0,0,0,0,0,0,68,0,0,0,0,0,0,0,1,0,0,0
321,AAA,666641,0,41,47,0,0,0,0,47,0,1,0,17,0,0,0,5,0,4,0,0,0,0,0,0,0,0,0,0,0,0,0,53,0,0,0,0,0,0,0,0,0,0,0,0,0,0,0,43,0,0,0,1,0,0,0,0,0,0,0,0,0,0,0
322,TAT,0,0,0,9,0,0,0,0,0,0,0,1,0,0,4,1,0,0,0,47,0,0,0,0,0,0,0,0,0,0,0,0,0,0,0,3,0,0,0,0,0,0,0,0,0,0,0,0,30,66,2,684516,0,0,0,4,0,0,0,48,1,0,1,28
323,GTC,0,0,0,0,0,1,0,0,0,0,0,0,0,83,1,0,0,0,0,0,0,0,0,0,0,0,0,0,0,21,0,0,0,90,0,0,0,80,0,1,0,6,0,0,62,692935,27,90,0,0,0,0,0,1,0,0,0,0,0,1,0,31,0,0
324,AGG,2,0,42,0,0,0,15,0,45,12,681504,55,0,0,54,0,1,0,2,1,0,0,0,0,0,0,3,0,0,0,1,0,0,0,0,0,0,0,0,0,1,0,156,0,0,0,0,0,0,0,0,0,1,0,0,0,0,0,32,0,0,0,0,0
325,AGT,0,0,0,48,0,0,0,13,27,82,4,660657,0,0,1,32,0,0,0,0,0,0,0,0,0,0,0,5,0,0,5,0,0,0,0,0,0,0,0,0,0,0,0,98,2,0,0,0,0,0,0,0,0,0,0,0,0,0,0,52,0,0,0,0
326,ACC,0,38,0,0,90,635444,15,59,0,15,0,0,0,64,0,0,0,0,0,0,1,8,0,0,0,0,0,0,0,0,0,0,0,0,0,0,0,71,0,0,0,0,0,0,0,0,0,0,0,0,0,0,0,50,0,0,0,0,0,0,0,0,0,0
327,AAA,654912,4,53,42,2,0,0,1,60,0,0,0,22,0,0,0,10,0,0,0,0,0,0,0,0,0,0,0,0,0,0,0,74,0,0,0,0,0,0,0,0,0,0,0,0,0,0,0,35,0,0,0,0,0,0,0,0,0,0,1,0,0,0,0
328,TTG,0,0,0,0,0,0,0,0,0,0,1,0,0,0,20,0,0,0,1,0,0,0,0,0,0,0,0,0,0,0,48,0,0,0,0,0,0,0,0,0,0,0,0,0,0,0,2,0,0,0,15,0,0,0,70,3,2,0,7,1,65,22,630971,89
329,AGG,1,0,45,0,1,0,29,0,27,7,630489,68,0,0,79,0,0,0,0,0,0,0,0,0,0,0,7,0,0,0,5,0,0,0,0,0,0,0,0,0,2,0,126,0,0,0,0,0,0,1,0,0,0,0,0,0,0,0,40,0,4,0,0,0
330,ATG,0,0,36,0,0,0,44,2,0,0,7,0,72,19,562155,50,0,0,4,0,0,0,0,0,0,0,0,0,0,0,5,0,0,0,0,0,0,0,0,0,0,0,0,0,0,0,73,0,0,0,0,0,0,0,0,0,0,0,0,0,0,0,34,0
331,GTT,0,0,0,0,0,0,0,0,0,0,0,0,0,0,0,48,0,0,0,0,0,0,0,0,0,0,0,0,0,0,0,7,0,0,0,33,0,0,0,38,0,0,0,10,13,41,2,415654,0,1,0,0,0,0,0,0,0,0,1,0,0,0,0,25
332,ACA,24,0,0,0,390255,15,128,20,11,0,2,0,67,0,0,0,0,0,5,0,1,0,0,0,0,0,0,0,0,0,0,0,0,0,0,0,40,0,0,0,0,0,0,0,0,0,0,0,0,1,0,0,23,0,0,0,0,0,0,0,4,0,0,0
333,GGA,0,0,0,0,0,0,0,0,36,0,1,0,0,0,0,0,0,0,0,0,0,0,0,0,11,0,0,0,0,0,0,0,35,3,0,0,6,0,0,0,433376,11,49,31,55,0,0,0,0,0,0,0,0,0,0,0,47,0,0,0,0,0,0,0
334,CTA,0,0,0,0,1,0,0,8,1,0,0,0,16,0,0,0,12,0,0,1,47,0,0,2,1,0,0,0,432168,1,36,9,0,0,0,0,0,0,0,0,0,0,0,0,6,0,0,0,0,0,0,0,0,0,0,0,0,0,0,0,35,0,0,0
335,AGA,18,0,2,0,8,0,0,0,422573,0,44,19,19,0,0,0,0,0,0,0,0,0,0,0,2,0,0,1,0,0,0,0,2,0,0,0,0,0,0,0,48,0,0,0,0,0,0,0,0,0,0,0,0,0,0,0,7,0,0,0,0,0,0,0
336,AAC,18,426526,4,32,1,12,0,1,0,34,0,0,0,23,0,0,0,0,0,0,0,0,0,0,0,0,0,0,0,0,1,0,0,44,0,0,0,0,0,0,0,0,0,0,0,0,0,0,0,17,0,0,0,0,0,0,0,0,0,0,0,0,0,0
337,ATC,0,20,0,0,0,40,0,0,0,0,0,0,40,416184,12,24,0,0,0,2,0,0,0,0,0,0,0,0,0,2,0,0,0,0,1,0,0,0,0,0,0,0,0,0,0,41,0,0,0,0,0,0,0,1,0,0,0,0,0,0,0,26,0,0
338,CCA,0,0,0,0,48,0,0,0,0,0,0,0,0,0,0,0,39,0,0,0,416683,7,43,28,11,0,0,0,41,0,0,0,1,0,0,0,14,0,0,0,0,0,0,0,0,0,0,0,0,0,0,0,43,0,0,0,0,0,0,0,0,0,0,0
339,TCC,0,0,0,0,0,37,0,0,0,0,0,0,0,1,0,0,1,0,2,0,0,56,0,0,0,0,0,0,0,0,0,0,0,0,0,0,0,2,0,0,0,0,0,0,0,0,0,0,0,43,0,0,25,407814,14,50,0,6,0,0,0,26,0,0
340,ATT,0,0,0,11,0,0,0,50,0,0,0,1,35,48,0,460957,0,0,4,1,0,0,0,0,0,0,0,0,1,0,0,4,0,1,0,0,0,0,0,0,0,0,0,0,0,0,0,37,0,0,0,0,0,0,0,0,0,0,0,0,0,0,0,23
341,CAA,37,0,3,2,0,0,0,0,10,0,0,0,0,0,0,0,449133,2,31,25,6,0,0,0,55,0,0,0,20,0,0,0,20,0,0,0,0,0,0,0,0,0,0,0,0,0,0,0,55,0,0,1,1,0,0,0,0,0,0,0,0,1,0,0
342,TAC,0,14,0,1,0,0,0,0,0,0,0,0,0,0,0,0,0,43,0,1,0,0,0,0,0,0,0,0,0,0,0,0,0,1,0,0,0,0,0,0,0,0,0,0,0,0,0,0,35,476283,15,54,0,2,0,1,0,45,0,0,0,39,1,0
343,AGA,31,1,0,0,15,0,0,0,489828,5,71,28,60,0,1,0,0,0,9,0,0,0,0,0,11,0,0,0,0,0,11,0,0,0,0,0,0,0,0,0,84,0,0,0,0,0,0,0,0,0,0,0,0,0,0,0,34,0,0,0,0,0,0,0
344,GGT,0,0,0,0,1,0,0,0,0,0,0,43,0,0,0,0,0,0,0,0,0,0,0,0,0,0,0,16,0,0,2,0,0,0,0,35,0,0,0,11,43,58,6,552979,0,2,0,38,0,0,0,0,0,0,0,4,0,0,0,33,0,0,0,0
345,CTA,0,0,0,0,0,0,0,0,1,0,0,1,34,0,0,1,11,0,1,0,70,0,0,0,3,0,0,0,582824,0,49,28,0,0,0,0,0,0,0,0,1,0,0,0,16,0,0,0,1,0,0,2,0,0,0,9,0,0,0,3,54,0,0,0
346,TTT,0,0,0,0,0,0,0,0,0,0,0,0,0,0,1,42,0,0,0,0,0,0,0,0,0,0,0,0,0,0,0,45,0,0,0,0,0,0,0,0,0,0,0,0,0,0,0,5,0,0,0,25,0,0,0,70,0,0,0,3,38,75,14,640289
347,GGA,1,0,0,0,0,0,0,0,56,0,0,0,0,0,0,0,0,0,0,0,0,0,0,0,18,0,0,0,0,0,5,0,29,0,2,0,16,0,0,0,540528,1,87,35,73,0,0,0,0,0,0,0,0,0,0,0,54,0,2,0,2,0,0,0
348,GCC,0,0,0,0,0,47,0,0,0,3,0,0,0,0,0,0,0,0,0,0,0,22,0,0,0,0,0,1,0,0,0,0,0,50,0,0,36,539841,8,73,1,15,0,0,0,69,0,1,0,0,0,0,0,46,1,0,0,0,0,0,0,0,0,0
349,ATT,0,0,0,33,0,0,0,45,0,0,0,4,42,57,2,541945,0,0,0,1,0,0,0,0,0,0,0,0,0,0,0,4,0,0,0,0,0,0,0,0,0,0,0,0,0,0,0,45,0,0,0,0,0,0,0,0,0,0,0,0,0,0,0,40
350,GCT,0,0,0,0,0,0,0,86,0,1,0,0,0,0,0,0,0,0,0,0,0,0,0,19,0,0,0,0,0,0,1,0,0,0,0,44,13,62,5,548245,0,0,0,15,0,0,0,45,0,0,0,0,0,0,0,65,0,0,0,0,0,0,0,1
351,GGT,0,0,0,0,0,0,0,0,1,0,0,44,0,0,0,0,0,0,0,0,0,0,1,0,0,0,0,8,0,0,0,0,0,0,0,27,0,0,0,7,29,65,12,567906,0,0,0,43,0,0,0,0,0,0,0,0,0,0,0,37,0,0,0,0
352,TTT,0,0,0,0,0,0,0,0,0,0,0,0,0,0,0,5,0,0,3,0,0,0,0,1,0,0,0,0,0,0,2,38,0,0,0,0,0,0,0,0,0,0,0,0,0,0,0,7,0,0,0,11,0,0,0,44,0,0,0,1,71,53,1,636866
353,ATT,1,0,0,36,0,0,0,59,0,0,0,3,28,89,7,660095,0,0,1,0,0,0,0,0,0,0,0,0,0,0,0,0,0,0,0,0,0,0,0,0,0,0,0,0,0,0,0,53,0,0,0,73,0,0,0,0,0,1,0,0,0,0,115,31
354,GAG,0,1,64,0,0,0,0,0,0,0,117,0,0,0,2,0,0,0,13,0,0,0,0,0,0,0,0,0,0,0,1,0,123,16,596934,97,0,0,6,6,0,0,130,0,0,0,51,0,0,0,87,0,1,0,0,0,120,0,1,1,0,0,0,0
355,GGG,0,0,0,0,0,0,0,0,0,0,59,0,0,0,0,0,0,0,0,0,0,0,0,0,0,0,13,0,0,0,0,1,0,0,62,1,0,0,10,2,49,17,594279,81,0,2,94,0,0,0,0,0,0,0,0,0,0,0,108,0,0,0,0,0
356,GGA,0,0,0,0,0,0,0,0,63,0,0,0,0,0,0,0,0,0,0,0,0,0,0,0,19,0,0,0,0,0,1,0,61,0,0,182,11,0,0,0,515592,1,549,39,44,0,0,1,0,0,0,1,0,0,0,0,47,0,0,0,0,0,0,0
357,TGG,0,0,0,0,0,0,0,0,1,0,29,0,0,0,145,0,0,0,0,0,0,0,0,1,0,0,45,0,0,0,0,0,0,0,0,0,0,0,0,0,101,0,5,0,0,0,0,0,0,0,72,0,0,0,21,1,40,16,484122,43,0,0,47,0
358,ACT,0,0,0,18,9,81,8,413488,0,0,0,19,0,0,0,34,0,0,1,0,0,0,0,4,0,0,0,0,0,0,4,0,0,51,0,0,0,0,0,59,0,0,0,0,0,0,0,0,0,0,0,0,0,1,0,27,0,0,0,1,0,0,0,0
359,GGA,0,0,0,0,0,0,0,0,62,0,0,0,0,0,0,0,0,0,2,0,0,1,0,0,15,0,0,0,0,0,0,0,38,0,1,0,10,0,0,0,420331,3,51,27,48,0,0,0,0,0,0,0,0,0,0,0,39,0,0,1,0,0,0,0
360,ATG,0,0,18,0,0,0,30,2,2,0,1,0,33,8,327422,32,0,0,0,0,0,0,0,0,0,0,0,0,0,0,0,0,0,0,0,0,0,0,0,0,0,0,0,0,0,0,45,0,0,0,0,0,0,0,0,0,1,0,0,0,0,0,12,0
361,ATA,31,0,0,0,49,0,0,1,1,0,0,0,392851,6,75,17,0,0,0,0,0,0,0,0,0,0,0,0,1,0,1,0,0,0,0,0,0,0,0,0,0,0,0,0,55,0,0,0,0,0,2,0,0,0,0,0,0,0,0,0,26,0,1,0
362,GAT,0,0,0,21,0,0,0,0,0,0,0,1,0,0,0,0,0,0,0,5,0,0,0,0,0,0,0,0,1,0,0,0,18,43,0,352237,0,0,0,1,0,0,0,37,0,0,0,21,0,0,0,27,0,0,0,0,0,0,0,0,0,0,0,0
363,GGA,1,0,0,0,0,0,0,0,62,0,0,0,0,0,0,0,0,0,3,0,0,0,0,0,22,0,0,0,0,0,0,0,22,3,0,0,10,0,0,1,443962,2,72,23,60,1,0,0,0,0,0,0,0,0,0,0,39,0,1,0,0,0,0,0
364,TGG,0,0,0,0,1,0,0,0,0,0,56,0,0,0,3,0,0,0,0,0,0,0,0,0,0,0,41,0,0,0,1,0,0,0,0,0,0,0,0,0,0,0,3,0,0,1,0,0,1,0,74,0,0,0,15,0,64,15,510066,36,0,0,50,0
365,TAT,0,0,0,41,0,0,0,0,0,0,0,0,0,0,3,0,0,0,3,59,0,0,0,0,0,0,0,0,0,0,0,0,0,0,0,7,0,0,0,1,0,0,0,1,9,0,0,0,25,54,2,588443,0,0,0,0,0,0,1,54,0,0,0,44
366,GGT,0,0,0,0,0,0,0,0,0,0,0,47,0,0,1,0,0,1,3,1,0,0,0,0,0,0,0,16,0,0,0,0,0,0,0,39,0,0,0,16,59,57,3,594980,0,0,0,42,0,0,0,9,0,0,0,0,0,0,6,53,0,0,0,0
367,TAT,0,0,0,6,0,0,0,0,0,0,0,0,0,2,0,0,0,0,0,41,0,0,0,0,0,0,0,0,0,0,0,0,0,0,0,5,0,0,0,0,0,0,0,9,0,0,0,1,46,50,1,556618,0,0,0,6,0,0,0,47,0,2,0,33
368,CAT,0,0,0,48,0,0,0,0,0,0,0,1,0,2,0,0,42,58,2,558316,0,0,0,3,0,0,1,69,0,0,0,41,0,0,0,21,1,0,0,0,0,0,0,0,0,0,0,0,0,0,0,75,0,0,0,0,0,0,0,2,0,0,0,0
369,CAT,0,0,0,47,0,0,0,0,0,0,0,0,0,0,0,0,23,44,4,534379,0,0,0,3,0,1,0,50,0,0,0,44,0,0,0,14,0,0,0,0,0,0,0,0,0,0,0,0,0,0,0,52,1,0,0,0,0,0,0,1,0,0,0,0
370,CAG,0,0,42,1,0,0,0,0,0,0,0,0,0,0,0,0,31,21,528891,38,0,0,7,1,0,0,108,0,0,0,25,0,0,0,16,0,0,0,0,0,0,0,0,0,0,0,0,0,0,0,50,0,0,0,0,0,0,0,0,0,0,0,0,0
371,AAT,26,53,1,528645,0,0,0,0,0,0,0,50,0,0,0,14,0,0,2,3,0,0,0,0,0,0,0,0,0,0,0,0,0,0,0,49,0,0,0,0,0,0,0,0,0,0,0,0,0,0,0,26,0,0,0,0,0,0,0,0,0,0,0,0
372,GAA,64,0,0,0,0,0,0,0,0,0,0,0,0,0,0,0,15,0,0,0,0,0,0,0,0,0,0,0,0,0,0,0,510167,2,52,42,0,0,0,0,43,0,0,0,35,0,0,0,42,0,0,0,0,0,0,0,1,0,0,0,0,0,0,0
373,CAG,0,0,24,0,0,0,0,0,0,0,1,0,0,0,0,0,30,10,464229,61,0,0,5,2,0,0,87,0,0,0,22,0,0,0,14,0,0,0,0,0,0,0,0,0,0,0,0,0,0,0,51,0,0,0,0,0,0,0,0,0,0,0,0,0
374,GGA,0,0,0,0,0,0,0,0,39,0,0,0,0,0,0,1,0,0,0,0,0,0,0,0,10,0,0,0,0,1,0,0,35,0,0,6,20,0,0,0,482101,1,50,37,40,0,0,0,0,0,0,0,0,0,0,0,45,0,0,0,0,0,0,0
375,TCA,1,0,0,0,42,0,0,0,4,0,0,0,1,1,0,0,0,0,5,0,48,0,0,0,0,0,0,0,0,0,2,0,0,0,0,1,2,0,0,0,0,0,0,0,0,0,0,0,30,0,1,0,444364,5,148,24,16,0,0,0,58,0,0,0
376,GGC,0,0,0,0,1,0,0,0,0,30,0,0,0,0,0,0,0,0,0,0,0,0,0,0,0,11,0,0,1,0,0,0,0,45,0,2,0,12,0,1,60,489503,14,43,0,52,0,0,0,0,0,0,0,0,0,0,0,42,0,0,0,0,0,0
377,TAT,0,0,0,10,0,0,0,0,0,1,0,0,0,0,1,0,0,0,0,46,0,0,0,0,0,0,0,0,0,0,3,0,0,0,0,11,0,0,0,2,0,0,0,0,0,0,0,0,26,67,3,489451,0,0,0,1,0,2,0,45,0,0,0,23
378,GCA,1,0,0,0,81,0,0,0,0,1,0,0,1,0,0,0,0,0,0,0,12,0,0,0,0,0,0,0,0,0,1,0,59,0,0,0,447543,28,97,18,28,0,0,0,177,1,0,0,0,0,0,0,63,0,0,1,0,2,0,0,0,0,0,0
379,GCG,0,0,0,0,0,0,26,0,0,0,2,0,0,0,0,0,0,0,0,0,0,0,13,0,0,0,0,0,0,0,0,0,0,0,68,0,62,25,433323,63,0,0,7,0,0,0,93,0,0,0,0,0,0,0,60,0,0,0,0,2,0,0,0,0
380,GAT,0,0,0,29,0,0,0,0,0,0,0,0,0,5,0,0,0,0,0,11,0,0,0,0,0,0,0,0,0,0,0,0,15,47,0,426568,0,0,0,4,4,0,0,57,0,0,0,38,0,0,0,28,0,0,0,0,0,0,0,0,0,0,0,0
381,CAA,37,0,1,0,0,0,0,0,0,0,0,0,0,0,0,1,438450,1,39,10,3,0,0,0,46,0,0,0,14,0,0,2,9,0,0,0,0,0,0,0,0,0,0,0,0,0,0,0,33,0,0,0,230,0,0,0,0,0,0,0,0,0,0,0
382,AAA,477799,2,41,19,1,0,0,0,37,0,0,0,9,0,1,0,1,0,0,0,0,0,0,0,0,0,0,1,0,0,0,0,46,0,0,0,0,0,0,0,1,0,0,0,0,0,0,0,9,0,0,0,0,0,0,0,0,0,0,0,0,0,0,0
383,AGC,0,49,9,0,0,17,0,0,44,485491,19,73,0,40,1,0,0,1,0,0,0,0,0,0,0,4,1,0,0,0,1,0,0,0,0,0,33,0,1,0,0,112,0,0,0,0,0,0,0,0,0,0,0,0,1,0,0,10,1,0,0,0,0,0
384,ACA,16,1,0,0,504820,5,63,35,13,0,0,0,56,0,0,0,0,6,2,0,6,1,0,0,0,0,0,0,0,0,0,0,0,0,0,0,51,0,0,0,0,0,0,0,0,0,0,0,0,0,0,0,57,0,0,0,0,0,0,0,0,0,0,0
385,CAA,26,0,0,0,7,0,0,0,1,0,0,0,0,0,0,0,526517,1,51,24,1,0,0,0,58,0,0,0,15,0,0,0,9,0,0,0,0,0,0,0,0,0,0,0,0,0,0,0,48,0,0,0,0,0,0,0,0,0,0,0,0,0,0,0
386,AAT,14,51,3,520810,0,0,0,3,0,0,0,37,0,0,12,20,0,0,0,2,0,0,0,0,0,0,0,0,0,0,0,0,0,0,0,38,0,0,0,0,0,0,1,0,0,0,0,0,0,0,0,13,0,0,0,0,0,0,0,0,0,0,0,0
387,GCC,0,0,0,0,0,68,0,0,0,0,0,0,0,0,0,1,0,0,1,0,3,24,0,0,0,0,0,0,0,0,0,0,0,51,0,0,43,499937,19,80,0,24,0,0,0,82,1,0,0,0,0,0,0,54,0,0,0,3,0,0,0,0,0,0
388,ATT,0,0,1,38,0,0,0,24,0,0,0,0,39,30,2,450034,0,0,0,2,0,0,0,0,0,0,0,0,0,0,10,1,0,0,0,0,0,0,0,0,0,0,0,0,0,0,0,54,0,0,0,0,0,0,0,0,0,0,0,0,1,0,0,28
389,AAC,26,447662,12,82,2,3,7,0,1,37,0,0,0,25,0,0,0,0,0,0,0,0,0,0,0,0,0,0,0,0,1,0,0,45,0,0,0,0,0,0,0,0,0,0,0,0,0,0,1,20,0,0,0,0,0,1,0,0,0,1,0,0,0,0
390,GGG,0,0,1,0,0,0,0,0,0,0,55,0,0,1,0,0,0,0,0,0,0,0,0,0,0,0,11,0,0,0,0,0,0,0,26,0,0,0,7,2,22,7,344660,35,0,0,30,0,0,0,0,0,0,0,0,0,0,0,42,0,0,0,0,0
391,ATT,0,0,0,21,0,0,0,25,0,0,0,0,11,22,2,350984,0,0,0,0,0,0,0,0,0,0,0,0,0,0,1,0,0,0,0,2,0,1,0,0,0,0,0,0,0,0,0,45,0,0,0,0,0,0,0,0,0,0,0,0,2,0,0,14
392,ACA,18,0,0,0,231557,5,25,8,10,0,0,0,34,0,0,0,4,0,1,0,1,0,0,0,0,0,0,0,0,0,1,0,0,0,0,0,47,0,0,0,0,0,0,0,0,0,0,0,1,3,0,0,20,0,0,0,0,0,0,0,1,0,0,0
393,AAC,14,293042,6,19,1,6,0,1,0,29,1,0,0,16,0,0,0,3,1,0,0,0,0,0,0,0,0,0,0,0,0,0,0,31,0,0,0,0,0,0,0,0,0,0,0,0,0,0,0,10,0,0,0,0,0,0,0,0,0,0,0,0,1,0
394,AAG,19,9,300096,30,0,0,0,0,0,0,32,0,0,0,6,0,1,0,4,0,0,0,0,0,0,0,0,0,0,0,0,0,0,0,29,0,0,0,0,0,0,0,0,0,0,0,0,0,0,0,14,0,0,0,0,0,0,0,0,0,0,0,1,0
395,GTG,0,0,0,0,0,0,0,0,0,0,0,0,0,0,36,0,0,0,0,0,0,0,0,0,0,0,0,0,0,0,8,0,0,0,39,0,0,0,45,1,0,0,5,1,44,11,373869,34,0,0,0,0,0,0,0,0,0,0,0,0,0,0,22,1
396,AAC,18,376768,3,36,1,0,0,1,0,43,0,0,0,18,0,0,0,1,0,0,0,0,0,0,0,0,0,0,0,0,0,0,0,39,0,0,0,0,0,0,0,0,0,0,0,0,0,0,0,24,0,0,0,0,0,0,1,0,0,0,0,0,0,0
397,TCT,0,0,0,0,0,0,0,20,0,0,0,0,0,0,0,0,0,0,0,0,0,0,0,45,0,0,0,0,0,3,0,0,0,0,0,0,0,1,0,16,0,0,0,0,0,0,0,0,0,0,0,32,24,76,5,425192,0,0,0,13,0,0,0,21
398,GTT,0,0,0,0,0,0,0,0,0,0,0,0,0,0,0,52,0,0,0,0,0,0,0,0,0,0,0,0,0,0,1,7,0,0,0,45,0,0,0,32,0,0,0,2,5,42,2,448949,0,0,0,0,0,0,0,0,0,0,0,3,1,0,0,27
399,ATC,0,41,0,0,0,47,0,0,0,2,0,0,31,448771,14,68,0,0,0,0,0,0,0,0,0,0,0,0,0,1,0,0,0,0,0,0,0,0,0,0,0,0,0,0,0,27,0,0,0,0,0,0,0,0,1,0,0,0,0,0,1,12,0,0
400,GAG,0,0,73,0,0,0,0,0,1,0,0,0,0,0,0,0,0,0,16,0,0,0,0,0,1,0,0,0,0,0,0,0,21,13,442096,31,0,0,0,3,0,0,64,0,0,0,28,0,0,0,49,0,0,0,1,0,0,0,0,0,0,0,0,0
401,AAA,436388,0,36,6,3,0,0,0,37,0,0,1,17,0,0,0,0,0,0,0,0,0,0,0,0,0,0,0,0,0,0,0,49,0,0,0,0,0,0,0,0,0,0,0,0,0,0,0,17,0,0,0,0,0,0,0,0,0,0,0,0,0,0,0
402,ATG,1,0,28,0,0,0,50,0,0,0,0,0,47,20,443187,36,0,0,0,0,0,0,0,0,0,0,0,0,0,0,2,0,0,0,0,0,0,0,0,0,0,0,0,0,0,0,28,0,0,0,0,0,0,0,0,0,2,0,0,0,0,0,20,0
403,AAC,26,423038,11,38,2,2,0,0,0,41,0,0,0,29,0,0,0,2,0,0,0,0,0,0,0,0,0,0,0,0,0,0,1,43,0,0,0,0,0,0,0,0,0,0,0,0,0,0,0,27,0,0,0,0,0,0,1,0,0,0,0,0,0,0
404,ACT,0,0,0,13,30,58,2,412963,0,0,0,7,0,0,0,25,0,0,1,0,0,0,0,3,0,0,0,0,0,0,0,0,0,1,0,0,0,0,0,31,0,0,0,0,0,0,0,1,0,0,0,0,0,0,0,49,0,0,0,0,0,0,0,0
405,CAA,57,0,0,3,0,0,0,0,3,0,0,0,0,0,0,0,415923,2,32,17,2,0,0,0,64,0,0,0,7,1,0,0,11,0,0,0,0,0,0,0,0,0,0,0,0,0,0,0,30,0,0,0,0,0,0,0,0,0,0,0,0,0,0,0
406,TTC,0,0,0,1,0,0,0,0,0,0,0,0,0,18,0,0,0,0,0,0,0,0,0,0,0,0,0,0,0,30,0,0,0,0,0,0,0,0,0,0,0,0,0,0,0,3,0,0,0,25,0,0,3,48,0,1,0,3,0,0,33,385320,9,18
407,ACA,17,0,0,0,311614,11,73,3,4,2,0,0,41,0,0,0,0,0,0,0,1,0,0,0,0,0,0,0,0,0,0,0,0,0,0,0,41,0,0,0,0,0,0,0,0,0,0,0,0,0,0,0,36,0,0,0,0,0,0,0,0,0,0,0
408,GCT,0,0,0,0,0,0,0,21,0,0,0,0,0,0,0,0,0,0,0,0,0,0,0,10,0,0,0,0,0,0,0,0,0,0,0,22,5,48,6,238514,0,0,0,8,0,0,1,16,0,0,0,0,0,0,0,29,0,0,0,2,0,0,0,0
409,GTG,0,0,0,0,0,0,0,0,0,0,0,0,0,0,28,0,0,0,0,0,0,0,0,0,0,0,0,0,0,0,6,0,0,0,11,0,0,0,24,4,0,0,5,0,27,7,227364,36,0,0,0,0,0,0,0,0,0,0,0,5,0,0,14,0
410,GGT,0,0,0,0,0,0,0,0,0,0,0,18,0,0,0,0,0,0,0,0,0,0,0,0,0,0,0,1,0,0,0,0,0,0,0,27,0,0,0,4,16,18,1,210649,4,0,0,17,0,0,0,0,0,0,0,0,0,0,0,21,0,0,0,0
411,AAA,161177,3,37,7,1,0,0,0,17,0,0,0,4,0,0,0,0,0,0,0,0,0,0,0,0,0,0,0,0,0,4,0,15,0,0,0,0,0,0,0,0,0,0,0,0,0,0,0,5,0,0,0,0,0,0,0,0,0,0,0,0,0,0,0
412,GAA,8,0,0,1,0,0,0,0,0,0,0,0,0,0,0,0,5,0,0,0,0,0,0,0,0,0,0,0,0,0,0,0,141905,2,19,7,1,0,0,3,6,0,1,0,5,0,0,0,9,0,0,0,0,0,0,0,0,0,0,0,0,0,0,0
413,TTC,0,0,0,0,0,0,0,0,0,0,0,0,0,5,0,0,0,0,0,0,0,0,0,0,0,0,0,0,0,10,0,0,0,0,0,0,0,0,0,0,0,0,0,0,0,0,0,0,0,9,0,0,1,7,0,0,0,1,0,0,10,125766,3,12
414,AAC,9,137230,4,10,0,0,0,0,0,14,0,0,0,14,0,0,0,1,0,0,0,0,0,0,0,0,0,0,0,0,0,0,0,13,0,0,0,0,0,0,0,0,0,0,0,0,0,0,0,8,0,0,0,0,0,0,0,0,0,0,0,0,0,0
415,AAC,5,147265,3,3,0,1,0,7,0,11,0,0,0,18,0,0,0,4,0,0,0,0,0,0,0,0,0,0,0,0,1,0,0,7,0,0,0,0,0,0,0,0,0,0,0,0,0,0,0,6,0,0,0,0,0,0,0,0,0,0,0,0,0,0
416,TTA,0,0,0,0,0,0,0,1,0,0,0,0,6,0,0,0,0,0,0,0,0,0,0,0,0,0,0,0,10,0,0,2,0,0,0,0,0,0,0,0,0,0,0,0,0,0,0,0,5,0,10,0,17,0,0,0,0,0,0,0,158601,1,31,3
417,GAA,27,0,0,0,0,0,0,0,7,0,0,0,0,0,0,0,4,0,0,0,0,0,0,0,0,0,0,0,0,0,0,0,173630,0,15,6,1,0,0,0,24,0,0,0,2,0,0,0,11,0,0,0,0,0,0,0,1,0,0,0,0,0,0,0
418,AAA,185701,1,17,7,0,0,0,4,15,0,0,0,3,0,0,0,2,0,0,0,0,0,0,0,0,0,0,0,0,0,0,0,13,0,0,0,0,0,0,0,0,0,0,0,0,0,0,0,4,0,0,0,0,0,0,0,0,0,0,0,0,0,0,0
419,AGG,0,0,49,0,0,0,2,1,14,6,186018,19,0,0,17,0,0,0,0,0,0,0,0,0,0,0,0,0,0,0,1,0,0,0,0,0,0,0,0,0,13,0,119,0,0,0,0,0,0,0,0,0,0,0,0,0,0,0,6,0,0,0,0,0
420,ATG,0,0,8,0,0,0,10,0,0,0,0,0,22,5,168385,17,0,0,0,0,0,0,0,0,0,0,0,0,0,0,0,0,0,0,0,4,0,0,0,0,0,0,0,0,0,0,21,0,0,0,0,0,0,0,0,0,0,0,2,0,0,0,10,0
421,GAA,19,0,0,0,0,0,0,0,0,0,0,0,0,0,0,0,4,0,0,0,0,0,0,0,0,0,0,0,0,0,0,0,190495,2,23,9,0,0,0,0,24,0,0,0,11,0,0,0,16,0,0,0,0,0,0,0,0,0,0,0,0,0,0,0
422,AAT,11,15,0,172234,0,0,0,1,0,0,0,9,0,0,0,15,0,0,0,0,0,0,0,0,0,0,0,0,0,0,0,0,0,0,0,8,0,0,0,0,0,0,0,0,0,0,0,0,0,0,0,4,0,0,0,0,0,0,0,0,0,0,0,0
423,TTA,0,0,0,0,0,0,0,0,0,0,0,0,10,0,0,0,0,0,0,0,0,0,0,0,0,0,0,0,14,0,0,0,0,0,0,0,0,0,0,0,0,0,0,0,0,0,0,0,19,0,0,0,15,0,0,1,1,0,0,0,177405,1,18,29
424,AAT,20,12,0,185368,0,0,0,2,0,0,0,8,1,0,0,6,0,0,0,1,0,0,0,0,0,0,0,0,0,0,0,0,0,0,0,22,0,0,0,0,0,0,0,0,0,0,0,0,0,0,0,10,0,0,0,0,0,0,0,0,0,0,0,0
425,AAA,193692,1,18,6,1,0,0,0,13,0,0,0,9,0,0,0,2,0,0,0,0,0,0,0,0,0,0,0,0,0,0,0,15,0,0,0,0,0,0,0,0,0,0,0,0,0,0,0,21,0,0,0,0,0,0,0,0,0,0,1,0,0,0,0
426,AAA,178622,0,31,2,3,0,0,0,16,0,0,0,4,0,0,0,2,0,3,0,0,0,0,0,0,0,0,0,0,0,0,0,13,0,0,0,0,0,0,0,0,0,0,0,0,0,0,0,4,0,0,0,0,0,0,0,0,0,0,0,0,0,0,0
427,GTT,0,0,0,0,0,0,0,0,0,0,0,1,0,0,0,8,0,0,1,0,0,0,0,0,0,0,0,0,0,0,0,2,0,0,0,7,0,0,0,24,0,0,0,2,6,17,2,195239,0,0,0,0,0,0,0,0,0,0,0,0,0,0,3,3
428,GAT,0,0,0,18,0,0,0,0,0,0,0,1,0,0,2,0,0,0,0,7,0,0,0,0,0,1,0,0,0,0,0,0,15,17,1,189814,0,0,0,0,0,0,0,17,0,0,0,12,0,0,0,16,0,0,0,0,0,0,0,0,0,0,0,0
429,GAT,0,0,0,15,1,0,0,0,0,0,0,0,0,0,1,0,0,0,1,8,0,0,0,0,0,0,0,0,0,0,0,0,18,16,1,183862,0,0,0,2,0,0,0,15,0,0,0,15,0,0,0,20,0,0,0,0,0,0,0,0,0,0,0,0
430,GGG,0,0,0,0,0,0,0,0,0,0,19,0,0,0,0,0,0,0,0,0,0,0,0,0,0,0,8,0,0,0,0,0,0,0,14,0,0,0,6,0,22,3,185675,14,0,0,17,0,0,0,0,0,0,0,0,0,0,0,27,0,0,0,0,0
431,TTT,0,0,0,0,0,0,0,0,0,0,0,0,0,0,0,13,0,0,0,0,0,0,0,0,0,0,0,0,0,0,1,20,0,0,0,0,0,0,0,0,0,0,0,0,0,0,0,4,0,0,0,3,0,0,0,21,0,0,0,0,4,17,0,172354
432,CTG,0,0,0,0,0,0,0,0,0,0,0,0,0,0,11,0,0,0,9,0,0,0,31,0,0,0,0,0,21,6,172844,24,0,0,0,0,0,0,0,0,0,0,0,0,0,0,4,0,0,0,0,0,0,0,0,3,0,0,1,0,0,0,9,0
433,GAC,0,10,0,0,1,0,0,0,0,0,0,0,0,0,0,0,0,7,0,0,0,0,0,0,0,0,0,0,0,0,0,0,4,146558,2,24,0,0,0,0,0,18,0,0,0,14,0,0,0,9,0,0,0,0,0,0,0,0,0,0,0,0,0,0
434,ATT,0,0,0,3,0,0,0,14,1,0,0,1,7,16,0,147976,0,0,0,0,0,0,0,0,0,0,0,0,0,0,1,0,0,0,0,0,0,0,0,0,0,0,0,0,0,0,0,19,0,0,0,0,0,0,0,0,0,0,0,0,0,0,0,3
435,TGG,0,1,0,0,0,0,0,0,0,0,6,0,0,0,0,0,0,0,0,0,0,0,0,0,0,0,17,0,0,0,0,0,0,0,0,0,0,0,0,0,1,0,3,0,0,0,0,0,0,0,16,0,0,0,5,0,17,2,146105,13,0,0,21,0
436,ACA,6,0,0,0,149334,0,17,13,5,0,0,0,28,0,0,0,0,0,1,0,1,0,0,0,0,0,0,0,0,0,0,0,0,0,0,0,18,0,0,0,0,0,0,0,0,0,0,0,0,0,0,0,10,0,0,0,0,0,0,0,0,0,0,0
437,TAT,0,0,0,16,1,0,0,0,0,0,0,0,3,0,0,0,0,0,0,15,0,0,0,0,0,0,0,0,0,0,0,0,0,0,0,3,0,0,0,0,0,0,0,0,0,0,0,0,14,16,1,205816,0,0,0,1,0,0,0,28,0,0,0,12
438,AAT,12,24,1,201181,0,0,0,0,0,0,0,14,0,0,5,14,0,0,1,0,0,0,0,0,0,0,0,0,0,0,1,0,0,0,0,28,0,0,0,0,0,0,0,0,0,0,0,0,0,0,0,7,0,0,0,0,0,0,0,0,0,0,0,0
439,GCA,0,0,0,0,18,0,0,0,0,0,0,0,0,0,0,0,0,0,0,0,7,0,0,0,0,0,0,0,0,0,0,0,29,0,0,0,207592,9,34,20,12,0,0,0,24,0,0,0,0,0,0,1,28,0,0,1,0,0,0,0,0,0,0,0
440,GAA,12,0,0,2,0,0,0,0,0,0,0,0,0,0,0,0,5,0,0,0,0,0,0,0,0,0,0,0,0,0,0,0,235338,0,23,10,2,0,0,0,20,0,0,0,14,0,0,0,17,0,0,1,0,0,0,0,0,0,0,1,0,0,0,0
441,TTG,0,0,0,0,0,0,0,0,0,0,0,0,0,0,9,1,1,0,0,0,0,0,0,0,0,0,0,0,0,0,19,0,0,0,0,0,0,0,0,0,0,0,0,0,0,0,0,0,0,0,6,0,0,0,23,0,0,0,2,1,22,9,229549,7
442,TTA,0,0,0,0,0,0,0,0,0,0,0,0,25,0,0,0,0,0,0,0,0,0,0,0,0,0,0,0,22,0,0,0,0,0,0,0,0,0,0,0,0,0,0,0,2,0,0,0,3,0,1,0,31,0,0,0,0,0,0,0,325924,2,47,13
443,GTT,0,0,0,0,0,0,0,0,0,0,0,0,0,0,0,22,0,0,1,0,0,0,0,0,0,0,0,0,0,0,0,8,0,0,0,25,0,0,0,29,0,0,0,3,23,28,0,326748,0,0,0,0,0,0,0,1,0,0,0,0,0,0,0,15
444,CTA,0,0,0,0,0,0,0,0,1,0,0,0,17,0,0,0,18,2,0,0,33,0,0,0,0,0,0,0,341002,3,45,26,0,0,0,0,0,0,0,0,0,0,0,0,11,0,0,0,0,0,0,0,0,0,0,0,0,0,0,0,25,0,0,0
445,CTG,0,0,0,0,0,0,0,4,0,0,1,0,1,0,16,0,0,0,24,0,0,0,92,0,0,0,1,0,29,8,357930,24,0,0,0,0,0,0,0,0,0,0,0,0,0,0,9,0,0,0,0,0,0,0,0,0,0,0,0,0,0,0,26,0
446,GAA,33,0,0,0,0,0,0,0,0,0,0,0,0,0,0,0,9,0,1,0,0,0,0,0,0,0,0,0,0,0,1,0,355207,2,40,13,0,0,0,1,47,0,0,0,21,0,0,0,20,0,0,0,0,0,0,0,0,0,0,0,0,0,0,0
447,AAT,15,32,0,360060,0,0,0,1,0,0,0,27,0,0,4,22,0,0,0,1,0,0,0,0,0,0,0,0,0,0,0,0,0,0,0,22,0,0,0,0,0,0,0,0,0,0,0,0,0,0,0,5,0,0,0,0,0,0,0,0,0,0,0,0
448,GAA,34,0,0,0,0,0,0,0,0,0,0,0,0,0,0,0,16,0,0,0,0,0,0,0,0,0,0,0,0,0,0,0,383234,2,61,22,3,0,0,0,51,0,0,0,31,0,0,0,35,0,0,0,0,0,0,0,3,0,0,0,0,0,0,0
449,AGG,0,0,30,0,0,0,11,0,33,6,393809,27,0,0,18,0,1,0,0,0,0,0,0,0,0,0,14,0,0,0,0,0,0,0,0,0,0,0,0,0,4,0,82,1,0,0,0,0,0,0,0,0,0,0,0,0,0,0,18,0,0,0,0,0
450,ACT,0,0,0,9,8,53,3,379627,0,0,0,6,0,0,0,35,0,0,0,0,0,0,0,4,0,0,0,0,0,0,0,1,0,4,0,1,0,0,0,45,0,0,0,0,0,0,0,0,0,0,0,0,0,0,0,25,0,0,0,0,0,0,0,0
451,TTG,1,0,0,0,0,0,0,0,0,0,0,1,0,0,9,0,0,0,0,0,0,0,0,0,0,0,0,0,0,0,31,0,0,0,0,0,0,0,0,0,1,0,0,0,0,0,2,0,0,0,21,0,0,0,47,1,0,0,17,1,35,19,380367,46
452,GAT,0,0,0,19,0,0,0,0,0,0,0,0,0,0,0,5,0,0,0,7,0,0,0,0,0,0,0,0,0,0,0,0,23,40,1,349254,0,0,0,1,3,0,0,41,0,0,0,15,0,0,0,35,0,0,0,0,0,0,0,0,0,0,0,0
453,TTC,0,0,0,0,0,0,0,0,0,0,0,0,0,7,0,0,0,0,0,0,0,0,0,0,0,0,0,0,0,36,0,0,0,0,0,0,0,0,0,0,0,0,0,0,0,0,0,0,0,24,0,0,0,47,0,1,0,2,0,0,28,283662,9,14
454,CAT,0,0,0,19,1,0,0,0,0,0,0,1,0,0,0,0,23,21,5,262138,0,0,0,1,0,0,0,54,0,0,0,19,0,0,0,6,0,0,0,0,0,0,0,0,0,0,0,0,0,0,0,35,0,0,0,0,0,0,0,0,0,0,0,0
455,GAC,0,23,0,0,0,0,0,0,0,0,0,0,0,0,0,0,0,10,0,0,0,0,0,0,0,0,0,0,0,0,0,0,14,258890,6,17,1,0,0,0,0,31,0,0,0,16,0,0,0,17,0,0,0,0,0,0,0,0,0,0,0,0,0,0
456,TTA,0,0,0,0,0,0,0,0,0,0,0,0,11,0,0,0,0,0,0,0,0,0,0,0,0,0,0,0,21,0,2,2,0,0,0,0,0,0,0,0,0,0,0,0,1,0,0,0,17,0,0,0,41,0,0,1,1,0,0,0,266097,0,27,11
457,AAT,11,24,3,242482,0,0,0,2,0,1,0,15,0,0,3,9,0,0,0,0,0,0,0,0,0,0,0,0,0,0,0,0,0,0,0,27,0,0,0,0,0,0,0,0,0,0,0,0,0,0,0,9,0,0,0,0,0,1,0,0,0,0,0,0
458,GTG,0,0,0,0,0,0,0,0,0,0,0,0,0,0,31,0,0,0,0,0,0,0,0,0,0,0,0,0,0,0,8,0,0,0,18,0,0,0,35,5,0,0,5,0,23,11,234043,33,0,0,0,0,0,0,0,0,1,0,0,3,0,0,12,1
459,AAG,9,6,235276,13,0,0,3,0,1,0,24,0,0,0,13,0,0,0,2,0,0,0,0,0,0,0,0,0,0,0,0,0,0,0,32,0,0,0,0,0,0,0,0,0,0,0,0,0,0,0,18,0,0,0,0,0,0,0,1,0,0,0,0,0
460,AAT,3,21,1,230696,0,0,0,0,0,0,0,22,0,1,0,11,0,0,0,0,0,0,0,0,0,0,0,0,0,0,0,0,0,1,0,24,0,0,0,0,0,0,0,0,0,0,0,0,0,0,0,10,0,0,0,0,0,0,0,0,0,0,0,0
461,CTG,0,0,1,0,0,0,0,0,0,0,2,0,0,0,20,0,0,1,14,0,0,0,23,0,0,0,3,0,22,5,230683,18,0,0,0,0,0,0,0,0,0,0,0,0,0,0,3,0,0,0,0,0,0,0,0,0,0,0,0,0,0,0,9,0
462,TAC,0,16,0,0,0,0,0,0,1,0,0,0,0,0,0,0,0,26,0,0,0,0,0,0,0,0,0,1,0,0,0,0,0,0,0,0,0,0,0,0,0,0,0,0,0,0,0,0,22,234259,11,43,0,1,0,0,0,33,0,0,0,5,0,0
463,GAG,0,0,26,0,0,0,0,0,1,0,0,0,0,0,0,0,0,0,3,0,0,0,0,0,0,0,0,0,0,0,0,0,15,9,230125,9,0,0,2,1,0,0,29,0,0,0,18,0,0,0,17,0,0,0,0,0,0,0,0,0,0,0,0,0
464,AAA,214500,5,40,1,1,0,0,0,25,0,0,0,10,0,0,0,2,0,0,0,0,0,0,0,0,0,0,0,0,0,1,0,18,0,0,0,0,0,0,0,0,0,0,0,0,0,0,0,9,0,0,0,0,0,0,0,0,0,0,0,0,0,0,0
465,GTA,0,0,0,0,0,0,0,0,0,0,0,2,15,0,0,0,0,0,0,0,0,0,0,0,0,0,0,0,2,0,0,0,15,0,0,0,17,0,0,0,1,0,0,0,221651,3,32,3,1,0,0,0,0,0,0,0,0,0,0,1,7,0,0,0
466,AAA,216148,0,20,9,0,0,0,0,17,0,0,0,5,0,0,0,1,0,0,0,0,0,0,0,0,0,0,0,0,0,0,0,19,0,0,0,0,0,0,0,0,0,0,0,0,0,0,0,7,0,0,0,0,0,0,0,0,0,0,0,0,0,0,0
467,AGC,0,21,0,0,0,14,0,0,27,241205,10,32,0,19,0,0,0,0,0,0,0,0,0,0,0,4,0,0,0,0,0,0,0,0,0,0,0,5,0,0,0,41,0,0,0,0,0,0,0,0,0,0,0,0,0,0,0,10,0,0,0,0,0,0
468,CAA,16,0,0,4,0,0,0,0,1,0,0,0,0,0,0,0,238740,0,17,8,1,0,0,1,20,0,0,0,18,0,0,0,8,0,0,0,0,0,0,0,0,0,0,0,0,0,0,0,25,0,0,0,0,0,0,0,0,0,0,0,0,0,0,0
469,TTA,0,0,0,0,0,0,0,0,1,0,0,0,10,0,0,3,0,0,1,0,0,0,0,0,0,0,0,0,16,0,0,0,0,2,0,0,0,0,0,0,0,0,0,0,0,0,0,0,23,0,0,0,19,0,0,0,2,0,0,0,250773,2,21,24
470,AAG,16,5,264926,18,0,0,2,0,2,0,41,0,0,0,11,0,0,0,2,0,0,0,1,0,0,0,0,0,0,0,0,0,0,0,28,0,0,0,0,0,0,0,0,1,0,0,0,1,0,0,10,0,0,0,0,0,0,0,0,0,0,0,0,1
471,AAT,13,16,0,278078,0,0,0,0,0,0,1,25,0,0,1,15,0,0,0,2,0,0,0,0,0,0,0,0,0,0,0,0,1,0,0,39,0,0,0,0,0,0,0,0,0,0,0,0,0,0,0,13,0,0,0,0,0,0,0,0,0,0,0,0
472,AAT,15,28,4,287325,0,0,0,1,0,0,0,42,0,0,0,10,0,0,0,0,0,0,0,0,0,0,0,0,0,0,0,1,0,0,0,26,0,0,0,0,0,0,0,0,0,0,0,0,0,0,0,12,0,0,0,0,0,0,0,0,0,0,0,0
473,GCC,0,0,0,0,0,51,0,0,0,0,0,0,0,0,0,0,0,0,0,0,0,21,0,0,0,0,0,0,0,0,0,0,0,46,0,0,29,308168,11,39,0,17,0,1,0,30,0,0,0,0,0,0,0,40,0,0,0,4,0,0,0,0,0,0
474,AAA,327003,1,44,8,1,0,0,0,22,0,0,0,12,0,0,0,6,0,0,0,0,0,0,1,0,0,0,0,0,0,0,0,49,0,0,0,0,0,0,0,0,0,0,0,0,0,0,0,19,0,0,0,0,0,0,0,0,0,0,1,0,0,0,0
475,GAA,26,0,0,0,0,0,0,0,2,0,0,0,0,0,0,0,4,0,0,0,0,0,0,0,0,0,0,0,0,0,0,0,328907,4,34,11,1,0,0,0,53,0,0,0,23,0,0,0,14,0,0,0,0,0,0,0,0,0,0,0,0,0,0,0
476,ATC,1,10,0,3,0,23,0,0,0,1,0,0,40,333327,8,55,0,0,0,0,0,0,0,0,0,0,0,0,0,0,1,0,0,0,0,0,0,0,0,0,0,0,0,0,0,32,0,0,0,0,0,0,0,0,1,0,0,0,0,0,0,14,0,0
477,GGA,0,0,0,0,0,0,0,0,79,0,0,0,0,0,0,0,0,0,0,0,0,0,0,0,10,0,2,0,0,0,0,0,19,0,0,0,11,0,0,1,324877,2,40,20,24,0,0,0,0,0,0,0,0,0,0,0,37,0,0,0,0,0,0,0
478,AAT,20,25,1,313717,0,0,0,0,0,0,0,32,0,0,1,13,0,0,0,1,0,0,0,0,0,0,0,0,0,0,0,0,0,0,0,37,0,0,0,0,0,0,0,0,0,0,0,0,0,0,0,9,0,0,0,0,0,0,0,0,0,0,0,1
479,GGG,0,0,1,0,1,0,0,0,0,0,31,0,0,0,0,0,0,0,0,0,0,0,0,0,0,0,8,0,0,0,0,0,0,0,17,0,0,0,12,0,23,8,322976,20,0,0,27,0,0,0,0,0,0,0,0,0,0,0,46,0,0,0,0,0
480,TGT,0,0,0,0,0,0,0,0,0,0,0,44,0,0,0,0,0,0,0,0,0,0,0,0,0,0,0,40,0,0,0,0,0,0,0,0,0,0,0,0,0,0,0,13,0,0,14,1,1,0,0,28,0,0,0,6,14,31,15,319338,0,0,0,17
481,TTT,0,0,0,0,0,0,0,0,0,0,0,0,0,0,0,5,0,0,3,0,0,0,0,0,0,0,0,0,0,0,0,29,0,0,0,0,0,0,0,0,0,0,0,0,0,0,0,1,0,0,0,9,0,0,0,33,0,0,0,0,10,42,13,334685
482,GAG,0,0,29,0,0,0,0,0,0,0,0,8,0,0,0,0,0,0,13,0,0,0,0,0,0,0,0,0,0,0,1,0,26,4,339968,9,0,0,2,1,0,0,49,0,0,0,19,0,0,0,46,0,0,1,0,0,0,0,0,0,0,0,0,0
483,TTC,0,0,0,0,0,0,0,1,0,2,0,1,0,25,0,0,0,0,1,0,0,0,0,0,0,0,0,0,0,34,0,0,1,0,0,0,0,0,0,0,0,0,0,0,0,2,0,2,0,8,0,1,0,19,0,0,1,0,0,0,28,320181,15,30
484,TAC,0,21,0,0,0,0,0,1,0,1,0,0,0,0,0,0,1,68,1,0,2,0,0,0,0,0,0,0,1,1,0,0,0,5,0,0,0,0,0,0,0,0,0,0,0,0,0,0,18,343611,6,20,0,1,0,0,0,51,0,0,0,26,0,0
485,CAC,0,29,1,0,3,1,0,0,0,0,0,0,0,0,0,0,16,322805,5,27,1,5,0,0,0,39,0,0,0,37,0,0,0,7,0,0,0,0,0,0,0,0,0,0,0,0,0,0,0,20,0,0,0,0,0,0,0,0,0,0,0,0,0,0
486,AAG,23,6,389144,19,0,0,2,0,0,0,39,0,0,0,6,0,0,0,6,0,0,0,1,0,0,0,0,0,0,0,0,0,0,0,42,0,0,0,0,1,0,0,0,0,0,0,0,0,0,0,23,0,0,0,0,0,0,0,0,0,0,0,0,0
487,TGT,0,0,0,0,0,0,0,0,0,0,0,22,0,0,0,0,0,0,0,0,0,0,0,0,0,0,0,29,0,0,5,0,0,0,0,0,0,0,0,0,0,0,0,6,0,1,0,0,0,0,0,29,0,0,0,6,22,53,3,350756,0,0,0,15
488,GAC,0,44,0,0,0,0,0,0,0,2,0,0,0,0,0,0,0,16,0,0,0,0,0,0,0,0,0,0,0,0,0,0,15,355103,13,48,0,3,0,0,0,79,0,0,0,42,0,0,0,26,0,0,0,0,0,0,0,0,0,0,0,0,0,0
489,AAT,19,34,2,364607,0,0,0,1,0,0,0,28,0,0,0,16,0,0,0,1,0,0,0,0,0,0,0,0,0,0,0,0,0,0,0,39,0,0,0,0,0,0,0,0,0,0,0,0,0,0,0,13,0,0,0,0,0,0,0,0,0,0,0,0
490,GAA,37,0,0,1,0,0,0,0,0,0,0,0,0,0,0,1,7,0,2,0,0,0,0,0,0,0,0,0,1,0,0,0,366367,2,47,16,2,0,0,0,46,0,0,0,18,0,0,0,35,0,0,0,0,0,0,0,0,0,1,0,0,0,0,0
491,TGC,0,0,0,0,0,0,0,0,0,24,0,0,0,0,1,0,0,0,0,0,0,0,0,0,0,34,0,0,0,0,0,0,0,0,0,0,0,0,0,0,0,2,0,0,0,0,0,0,0,33,1,0,0,17,0,0,44,366504,11,55,0,42,0,0
492,ATG,0,0,36,0,0,0,34,0,0,0,1,0,60,4,385927,32,0,0,0,4,0,0,0,0,0,0,0,0,0,0,1,0,0,0,0,0,0,0,0,0,0,0,0,0,0,0,55,0,0,0,0,0,0,0,0,0,0,0,1,0,0,0,28,0
493,GAA,31,0,0,0,0,0,0,0,0,0,0,0,0,0,0,0,10,0,0,1,0,0,0,0,0,0,0,0,0,0,0,0,369772,1,44,16,2,0,0,0,43,0,0,0,24,0,0,0,31,0,0,0,0,0,0,0,0,0,0,0,0,0,0,0
494,AGT,0,0,0,28,0,0,0,2,17,34,2,347430,0,0,0,13,0,0,0,0,0,0,0,0,0,0,0,2,0,0,2,0,0,0,0,0,0,0,0,0,0,0,0,49,0,0,0,0,0,0,0,0,0,0,0,0,0,0,0,7,0,0,0,0
495,GTA,0,0,0,0,0,0,0,0,0,0,0,0,37,0,0,0,0,0,0,0,0,0,0,0,0,0,0,0,11,0,0,0,19,0,0,0,37,0,0,1,1,0,0,0,383599,1,50,11,0,0,0,0,0,0,0,0,1,0,0,4,26,0,0,0
496,AGA,26,0,1,0,7,0,0,0,348015,2,39,13,25,0,0,0,0,0,0,0,0,0,0,0,2,0,0,0,0,0,0,0,9,0,0,0,0,0,0,0,46,0,0,0,0,0,0,0,0,0,0,0,0,0,0,0,14,0,0,1,0,0,0,0
497,AAT,20,36,3,339121,0,1,0,6,0,0,0,32,0,0,6,16,0,0,0,1,0,0,0,0,0,0,0,0,0,0,0,0,0,0,0,26,0,0,0,1,0,0,0,0,0,0,0,0,0,0,0,13,0,0,0,0,0,0,0,0,0,0,0,0
498,GGG,0,0,0,0,0,0,0,0,0,0,33,0,0,0,0,0,0,0,2,0,0,0,0,0,0,0,7,0,0,0,0,0,0,0,26,0,0,0,17,0,24,5,338172,15,0,1,31,0,0,0,0,0,0,0,0,0,0,0,43,2,0,0,0,0
499,ACT,0,0,0,18,16,38,1,324717,0,0,0,12,0,0,0,20,0,0,0,0,0,0,0,2,0,0,0,0,0,0,0,1,0,2,0,2,0,0,0,53,0,0,0,0,0,0,0,0,0,0,0,0,0,0,0,37,0,0,0,0,0,0,0,0
500,TAT,0,0,0,3,0,0,0,0,0,0,0,0,0,0,3,0,0,1,0,28,0,0,0,0,0,0,0,0,0,0,0,0,0,0,0,2,0,0,0,0,0,0,0,0,0,0,0,0,29,35,0,305638,0,0,0,0,2,0,0,27,0,0,1,8
501,GAT,0,0,0,35,0,0,0,0,0,0,0,0,0,0,0,0,0,0,0,2,0,0,0,0,0,0,0,0,0,0,0,0,25,37,1,324024,0,0,0,0,0,0,0,25,0,0,0,30,0,0,0,21,0,0,0,0,1,0,0,0,0,0,0,0
502,TAT,0,0,0,2,0,0,0,0,0,0,0,0,0,1,0,0,0,0,0,17,0,0,0,0,0,0,0,0,0,0,1,0,0,0,0,2,0,0,0,0,0,0,0,0,0,0,0,0,30,50,2,325598,0,1,0,1,0,0,0,25,1,0,0,14
503,CCA,0,0,0,0,40,0,1,0,0,0,0,0,0,0,0,0,41,0,1,0,359261,5,49,14,13,0,0,0,39,0,0,0,0,0,0,0,11,0,0,0,0,0,0,0,0,0,0,0,0,0,0,0,21,12,0,0,0,0,0,0,0,0,0,0
504,AAA,370361,2,28,32,0,0,0,0,24,0,0,0,12,0,0,0,3,0,0,0,0,0,0,0,0,0,0,0,0,0,0,0,30,0,0,0,0,0,0,0,0,0,0,0,0,0,0,0,16,0,0,0,0,0,0,0,0,0,0,0,0,0,0,0
505,TAT,0,0,0,10,0,0,0,0,0,0,0,0,1,0,0,6,0,0,0,31,0,0,0,0,0,0,0,0,0,0,0,0,0,0,0,4,0,0,0,0,0,0,0,0,0,0,0,0,13,48,3,371614,0,0,0,1,0,0,0,21,0,0,0,21
506,TCA,0,0,0,0,27,0,0,0,0,0,0,0,0,0,0,2,0,0,1,0,36,0,0,0,0,0,0,0,0,0,1,0,0,0,0,0,1,0,0,0,0,0,0,0,0,0,0,0,41,0,1,0,378504,6,93,19,14,0,0,0,49,0,0,0
507,GAA,20,0,2,0,0,0,0,0,0,0,0,0,0,0,0,0,13,0,1,0,0,0,0,0,0,0,0,0,0,0,0,0,356461,1,47,26,0,0,0,0,31,0,0,0,14,0,1,0,29,0,0,0,0,0,0,0,0,0,0,0,0,0,0,0
508,GAA,28,0,0,1,0,0,0,0,1,0,0,0,0,0,0,0,6,0,0,0,0,0,0,0,0,0,0,0,0,0,0,0,333026,1,36,29,3,0,0,1,31,0,0,0,17,0,0,0,23,0,0,0,0,0,0,0,0,0,0,0,0,0,0,0
509,TCA,0,0,0,0,23,0,0,0,0,0,0,0,0,2,0,0,0,0,2,0,30,0,0,0,0,0,0,0,0,0,0,0,0,0,0,0,0,0,0,0,0,0,0,0,0,0,0,0,42,0,1,0,343449,5,49,17,8,0,0,0,30,0,0,1
510,AAG,25,3,324315,10,0,0,5,0,0,0,52,3,0,0,4,0,0,0,0,0,0,0,0,0,0,0,0,0,0,0,1,0,0,0,24,0,0,0,0,0,0,0,0,0,0,0,0,0,0,0,15,0,0,0,0,0,0,0,0,0,0,0,0,0
511,TTG,0,0,0,0,0,0,0,0,0,0,1,0,0,0,13,0,0,0,0,0,0,0,0,0,0,0,0,0,0,0,24,0,0,0,0,0,0,0,0,0,0,0,0,0,0,0,3,2,0,0,15,0,0,0,37,0,1,0,2,0,37,14,327505,37
512,AAC,15,343700,14,50,1,4,0,0,0,62,0,0,0,24,0,0,0,3,0,0,0,0,0,0,0,0,0,0,0,0,0,0,5,44,0,0,0,0,0,0,0,0,0,0,0,0,0,0,0,27,0,0,0,0,0,0,1,0,0,0,0,0,0,0
513,AGG,0,0,29,0,0,0,9,0,34,11,307195,27,0,0,39,0,0,1,12,0,0,0,0,0,0,0,3,0,0,0,2,0,0,0,0,0,0,0,0,0,0,0,68,0,0,0,0,0,0,0,0,0,0,0,0,0,0,0,21,0,0,0,0,0
514,GAA,36,0,0,0,0,0,0,0,0,0,0,0,1,0,0,4,15,0,4,0,0,0,0,0,0,0,0,0,0,0,0,0,420937,8,56,14,2,0,0,0,188,0,1,0,25,0,0,0,48,0,0,0,0,0,0,0,1,0,0,0,0,0,0,0
515,AAG,23,7,389746,22,0,0,6,0,26,0,134,0,0,0,21,0,0,0,6,0,0,0,2,0,0,0,0,0,0,0,0,0,0,0,53,1,0,0,0,0,0,0,0,0,0,0,0,0,0,0,8,0,0,0,0,0,0,0,0,0,0,0,0,0
516,ATA,25,0,0,0,31,0,1,1,4,0,0,0,446523,5,97,23,0,0,0,0,0,0,0,0,0,0,0,0,1,0,0,0,0,0,0,0,0,0,0,0,0,0,0,0,41,0,0,0,0,0,4,0,0,0,0,0,0,0,0,0,37,0,0,0
517,GAT,0,0,0,29,0,0,0,0,0,0,0,0,0,0,0,0,0,0,0,9,0,0,0,0,0,0,0,0,0,0,0,0,35,40,2,445195,0,0,0,0,0,0,1,45,0,1,0,30,0,0,0,43,0,0,0,1,0,0,0,0,0,0,0,0
518,GGA,1,0,0,0,0,0,0,0,32,0,0,0,0,0,0,0,0,0,0,0,0,0,0,0,6,0,0,0,0,0,0,0,32,0,0,0,19,0,0,1,402563,2,76,27,47,0,0,0,0,0,0,0,0,0,0,0,30,0,0,0,0,1,0,0
519,GTG,0,0,0,0,0,0,0,0,0,0,0,1,0,0,35,0,0,0,0,0,0,0,0,0,0,0,0,0,0,0,8,0,0,0,34,0,0,0,67,1,0,0,3,0,45,14,420427,32,0,0,0,0,0,0,0,0,0,0,2,0,0,0,16,0
520,AAA,482831,3,26,21,3,0,0,0,55,0,0,1,23,0,0,0,3,0,0,0,0,0,0,0,0,0,0,0,0,0,0,0,62,0,0,0,0,0,0,0,0,0,0,0,0,0,0,0,18,0,0,2,0,0,0,0,0,0,0,0,0,0,0,0
521,TTG,0,0,0,0,0,0,0,0,0,0,0,0,0,0,17,1,0,0,0,0,0,0,0,0,0,0,0,0,1,0,40,0,0,0,0,0,0,0,0,0,0,0,0,0,0,0,1,0,0,0,15,0,0,0,40,1,0,0,5,1,52,19,465629,45
522,GAA,30,0,0,4,2,0,0,0,1,0,0,0,0,0,0,0,19,0,0,0,0,0,0,0,0,0,0,0,0,0,0,0,488641,1,58,13,0,0,0,0,69,1,0,0,27,0,0,0,51,1,0,0,0,0,0,0,0,0,0,0,0,0,0,0
523,TCA,1,0,0,0,29,0,0,0,2,0,0,0,2,18,0,0,4,0,0,0,44,0,0,0,0,0,0,0,0,0,1,0,0,0,0,0,24,0,0,0,0,0,0,0,0,0,0,0,28,0,2,0,489062,2,52,25,10,0,0,0,28,0,0,0
524,ATG,0,0,25,63,0,0,59,0,0,0,5,0,48,15,543656,66,1,0,1,0,1,0,0,0,0,0,0,0,0,0,4,0,0,0,0,0,1,0,0,0,0,0,0,0,0,0,56,0,0,0,0,0,1,0,0,0,0,0,5,0,0,0,26,0
525,GGG,0,0,0,0,0,0,0,0,0,0,35,0,0,0,0,0,0,0,0,0,0,0,0,0,0,0,14,0,0,0,0,0,0,0,37,1,0,0,19,0,70,19,555905,71,0,0,104,0,0,0,0,0,0,0,0,0,0,0,104,0,0,0,0,0
526,GTG,0,0,0,0,1,0,0,0,0,0,7,0,0,0,64,0,0,0,0,0,0,0,0,0,0,0,0,0,0,0,20,0,0,0,27,0,0,0,63,7,0,0,9,2,84,21,520764,35,0,0,0,1,0,0,0,0,0,0,0,11,0,0,51,0
527,TAT,0,0,0,34,0,0,0,0,0,0,0,0,0,10,0,0,0,0,0,116,0,0,0,0,0,0,0,0,0,0,0,0,0,0,0,5,0,0,1,0,0,0,0,0,2,1,0,0,47,66,3,549421,2,0,0,0,1,0,0,62,0,0,1,53
528,CAG,0,1,60,0,0,0,0,0,1,0,0,0,0,0,0,0,26,20,524959,31,0,1,5,2,1,0,135,0,0,0,35,0,0,0,20,0,0,0,0,0,0,0,0,0,0,0,0,0,0,0,48,0,0,1,0,0,0,0,0,0,0,1,0,0
529,ATT,0,0,0,21,0,0,0,44,0,0,0,1,17,35,1,435387,0,0,0,0,0,0,0,0,0,0,0,0,0,0,0,1,0,0,0,2,0,0,0,0,0,0,0,0,0,1,0,44,0,0,0,0,0,0,0,0,0,0,0,0,0,0,0,24
530,CTG,0,0,0,0,0,0,0,0,0,0,0,0,1,0,29,0,0,0,30,0,0,0,68,1,0,0,3,0,56,9,415773,28,0,0,0,0,0,0,0,0,0,1,0,0,0,0,13,0,0,0,0,0,0,0,0,1,0,0,0,0,0,0,23,0
531,GCG,0,0,0,0,0,0,30,0,0,0,0,0,0,0,0,0,0,0,0,0,0,0,12,0,0,0,0,0,1,0,0,0,0,3,45,1,54,9,383908,21,0,0,27,0,0,0,78,0,0,0,0,0,0,0,26,0,0,0,0,0,0,0,0,0
532,ATC,0,15,0,0,3,33,0,0,0,23,0,0,29,471373,8,32,0,1,0,0,0,0,0,0,0,0,0,0,0,3,0,0,0,0,0,0,0,0,0,0,0,0,0,0,0,30,0,0,0,2,0,0,0,0,0,0,0,0,0,0,0,43,0,0
533,TAC,0,35,0,0,0,0,0,0,0,0,0,0,0,0,0,0,0,116,1,0,0,0,0,0,0,0,0,0,2,1,1,0,0,50,0,0,0,0,0,1,0,0,0,0,0,0,0,0,29,571744,8,42,1,2,0,0,0,53,1,0,0,47,0,0
534,TCA,0,0,0,0,69,0,0,0,1,0,0,0,0,0,0,0,1,0,2,0,92,0,0,0,0,0,0,0,6,0,0,0,0,0,0,1,8,0,0,0,0,0,0,0,0,0,0,0,109,0,0,0,626228,3,88,10,26,0,0,0,59,0,0,0
535,ACT,0,0,0,24,33,118,8,628696,0,0,0,11,0,0,0,32,0,0,0,0,0,0,0,3,0,0,0,0,0,0,3,0,0,0,0,0,0,0,0,50,0,0,0,0,0,0,0,0,0,0,0,0,0,0,0,49,1,0,0,0,0,0,0,0
536,GTC,0,0,0,0,0,0,1,1,0,0,0,0,0,92,0,0,1,0,0,0,0,0,0,0,0,1,0,0,0,18,4,0,0,59,0,1,0,44,0,10,0,2,0,0,41,602541,12,111,0,0,0,0,0,0,0,0,0,0,0,1,0,38,0,0
537,GCC,0,0,0,0,0,135,0,0,0,0,0,0,0,0,0,0,0,0,2,0,0,29,0,0,0,2,0,0,0,0,0,0,0,63,0,0,55,639316,16,103,0,25,0,2,0,47,1,1,0,0,0,0,0,63,0,0,0,0,0,0,0,0,1,0
538,AGT,0,1,0,55,0,0,0,12,30,64,1,623035,0,0,0,16,0,0,3,0,0,0,0,0,0,0,0,6,0,0,1,0,1,0,0,0,0,0,0,0,0,0,0,90,0,0,0,1,0,0,0,0,0,0,0,0,0,0,0,21,0,1,0,0
539,TCA,0,0,0,0,39,1,0,0,1,0,0,0,0,1,0,0,0,1,1,0,54,0,0,0,0,0,0,0,0,0,0,0,0,0,0,0,2,0,0,0,0,0,0,0,0,0,0,0,31,1,0,0,583349,10,76,59,18,0,0,0,63,1,0,0
540,CTG,0,0,0,0,0,1,0,1,1,0,1,0,0,0,21,0,0,0,33,0,0,0,70,3,0,0,6,1,57,17,582309,42,0,0,1,0,0,0,0,0,0,0,0,0,0,0,13,0,0,0,0,0,0,0,0,0,0,0,1,0,0,0,38,0
541,GTG,0,0,0,0,0,0,2,0,0,0,1,0,0,0,45,0,0,1,7,0,0,0,0,1,0,0,0,0,0,0,9,0,1,0,58,0,0,0,57,7,0,0,5,13,72,18,592911,80,0,0,0,0,0,0,0,0,0,2,0,0,0,0,17,0
542,CTT,0,0,0,0,0,1,0,0,0,0,0,0,1,0,0,47,0,0,0,5,0,0,0,137,0,0,0,7,20,60,2,609788,0,0,0,1,0,0,0,144,0,0,0,0,1,0,0,15,0,0,0,0,0,0,0,0,0,0,0,0,0,0,0,47
543,TTG,0,0,0,0,0,0,0,0,0,0,1,0,0,0,10,0,0,0,3,0,0,0,0,0,0,0,0,0,0,0,47,2,0,1,0,0,1,0,0,0,0,0,0,0,0,0,3,0,0,0,30,0,0,0,54,0,0,0,136,0,61,18,538959,60
544,GTC,0,0,0,0,2,0,0,0,0,1,0,0,0,55,0,0,0,0,0,0,0,0,0,0,0,0,0,0,0,14,0,0,0,41,0,0,0,79,0,4,0,2,0,7,55,554870,12,76,0,0,0,0,0,0,0,8,0,0,0,0,0,32,0,0
545,TCC,0,0,0,0,0,22,0,0,0,0,0,0,0,0,0,0,0,0,0,0,0,138,0,0,0,0,0,0,0,24,2,0,0,0,1,0,0,25,0,0,0,0,0,0,0,1,0,0,0,59,0,0,44,532699,9,48,0,18,0,0,0,58,0,0
546,CTG,0,0,0,0,1,0,0,0,0,0,0,0,0,0,82,0,0,0,42,0,0,3,152,180,0,0,19,0,103,23,690863,70,0,1,0,0,0,1,0,0,0,0,0,0,0,0,15,0,0,0,0,0,0,1,0,0,0,0,41,0,0,0,69,1
547,GGG,0,0,1,0,0,0,0,0,0,0,63,0,0,0,0,0,0,1,0,0,0,0,0,0,0,0,12,0,0,0,2,0,0,2,41,0,0,0,26,0,68,17,680755,47,0,0,100,0,0,0,0,0,0,0,0,1,0,0,131,0,0,0,0,0
548,GCA,0,0,0,0,106,0,0,0,1,0,0,0,0,0,0,0,19,0,2,0,28,0,0,0,0,0,0,0,0,0,0,0,47,0,1,0,546938,3,70,62,26,2,1,0,90,0,0,0,0,0,0,0,43,0,0,0,0,0,0,0,0,0,0,0
549,ATC,0,40,0,1,0,75,0,0,0,2,0,0,56,569025,14,57,0,0,0,0,0,0,0,0,0,0,0,0,0,0,0,0,0,0,0,0,0,0,0,0,0,0,0,0,0,56,0,0,0,0,0,0,2,0,0,0,0,0,0,0,0,49,0,0
550,AGT,0,0,0,24,0,0,0,7,27,54,5,578743,0,0,0,18,0,0,4,0,0,0,0,0,0,0,0,9,0,0,0,0,0,0,0,0,0,0,0,0,0,0,0,99,0,0,0,0,0,0,0,0,1,1,0,0,0,0,0,23,0,0,0,0
551,TTC,0,1,0,0,0,0,0,0,0,3,0,0,0,33,0,0,0,0,0,0,0,0,0,0,0,0,0,1,0,74,0,0,0,0,0,0,0,0,0,0,0,0,0,0,0,4,0,4,0,25,0,0,0,59,0,1,0,0,0,0,46,622733,13,35
552,TGG,0,0,0,0,0,0,0,0,0,0,20,0,0,0,0,0,0,0,1,0,0,0,0,0,0,1,128,0,0,0,5,0,0,0,0,1,0,0,0,0,0,0,8,0,0,0,1,1,0,0,54,1,0,0,20,1,44,18,626818,70,0,0,52,0
553,ATG,0,0,37,0,2,0,59,4,0,0,1,0,64,15,592701,24,0,0,0,0,0,0,0,0,0,0,0,0,0,0,2,0,0,0,0,0,0,0,0,0,0,0,0,0,0,0,52,0,1,0,0,0,0,0,0,0,0,0,0,0,0,0,35,0
554,TGT,1,0,0,0,1,0,0,0,0,0,0,55,0,0,0,0,0,0,0,0,0,0,0,0,0,0,0,55,0,0,1,1,0,0,0,0,0,0,0,0,0,0,0,40,0,0,1,0,0,0,0,53,0,0,0,15,41,54,3,568915,1,0,0,38
555,TCT,0,0,0,0,0,0,0,45,0,0,0,0,0,0,0,0,0,0,0,0,0,0,0,38,0,0,0,0,1,0,0,0,0,0,0,0,0,0,0,3,0,0,0,0,0,0,0,1,2,0,0,38,38,78,2,607223,0,0,0,32,1,10,0,58
556,AAT,40,43,0,607686,1,0,0,1,0,0,0,41,0,0,10,19,1,0,0,3,0,0,0,0,0,0,0,0,0,0,0,0,0,0,0,53,0,0,0,0,0,0,0,0,0,0,0,0,7,0,0,14,0,0,0,0,0,0,0,0,0,0,0,0
557,GGG,0,0,0,0,0,0,0,0,0,0,42,0,0,0,0,0,0,0,0,0,0,0,0,0,0,0,20,0,0,0,0,0,0,0,23,0,0,0,23,6,49,23,524613,40,0,0,54,1,0,0,0,0,0,0,0,0,0,0,65,0,1,0,0,0
558,TCT,0,0,0,0,0,0,0,46,0,0,0,0,0,0,0,0,0,0,0,0,0,0,0,44,0,0,0,0,0,0,1,5,0,0,0,0,0,0,0,2,0,0,0,0,0,1,0,1,0,0,0,35,14,82,5,499319,0,1,0,10,0,0,0,31
559,TTG,0,0,1,0,0,0,0,0,0,0,0,0,0,0,13,0,0,0,0,0,0,0,0,0,0,0,0,0,0,0,63,0,0,0,0,0,0,0,0,0,0,0,0,1,0,0,1,0,1,0,17,0,0,0,84,1,0,16,2,0,53,24,522635,68
560,CAG,0,0,49,0,1,0,0,0,1,0,1,0,0,0,0,0,48,12,468518,19,0,0,3,5,0,0,85,0,0,0,15,0,0,0,31,0,0,0,0,0,0,0,1,0,0,0,0,0,0,0,195,0,0,0,0,0,0,0,0,0,0,0,0,0
561,TGC,0,0,0,0,0,0,0,0,0,24,0,0,0,0,0,0,0,0,0,0,0,0,0,0,0,37,0,0,0,0,0,0,0,0,0,0,0,0,0,0,0,14,0,0,0,0,0,0,0,84,0,0,1,16,0,0,31,310283,6,36,0,40,0,0
562,AGA,17,0,0,0,2,0,0,0,367202,3,23,26,36,0,0,0,1,0,2,0,0,0,0,0,7,1,0,0,0,0,0,0,1,0,0,0,1,0,0,0,80,0,0,0,0,0,0,1,0,0,0,1,0,0,0,0,18,0,0,0,0,0,0,0
563,ATA,10,0,0,0,26,0,0,0,2,0,0,0,428858,8,40,39,0,0,0,0,0,0,0,0,0,0,0,0,3,0,0,0,0,0,0,0,0,0,0,0,0,0,0,0,43,0,0,0,0,0,0,0,0,0,0,0,0,0,0,0,21,0,0,0
564,TGC,0,0,0,0,0,0,0,0,0,29,0,0,1,0,0,0,0,0,0,0,0,0,0,0,0,70,0,0,0,0,0,0,0,0,0,0,0,0,0,0,0,2,0,0,0,0,0,0,0,71,0,0,0,17,0,0,52,431896,26,83,0,49,0,0
565,ATC,0,27,0,0,0,32,0,11,0,1,0,0,35,393305,13,12,0,0,0,0,0,0,0,0,0,0,0,0,0,1,0,0,0,1,0,0,0,0,0,0,0,0,0,0,0,57,0,0,0,0,0,0,0,0,0,0,0,0,0,0,0,31,0,0
